openable,encrypted,page_count,file_size_mb,has_text_layer,text_chars_page1,likely_scanned,error,pdf_path,pdf_filename,stock_code,page_length_class
True,False,420,4.81,False,0,True,,/nfs/users/wuqianqian/IPOI/dataset/2020/00368_30-06-2020_德合集團_股份發售.pdf,00368_30-06-2020_德合集團_股份發售.pdf,00368,长篇(300-499页)
True,False,566,4.91,True,158,False,,/nfs/users/wuqianqian/IPOI/dataset/2020/00589_28-02-2020_建中建設_股份發售.pdf,00589_28-02-2020_建中建設_股份發售.pdf,00589,超长篇(≥500页)
True,False,634,10.77,True,152,False,,/nfs/users/wuqianqian/IPOI/dataset/2020/00873_20-10-2020_世茂服務_全球發售.pdf,00873_20-10-2020_世茂服務_全球發售.pdf,00873,超长篇(≥500页)
True,False,619,9.13,True,118,False,,/nfs/users/wuqianqian/IPOI/dataset/2020/00909_15-09-2020_明源雲_全球發售.pdf,00909_15-09-2020_明源雲_全球發售.pdf,00909,超长篇(≥500页)
True,False,458,4.76,True,93,False,,/nfs/users/wuqianqian/IPOI/dataset/2020/01147_23-04-2020_伊登軟件_股份發售.pdf,01147_23-04-2020_伊登軟件_股份發售.pdf,01147,长篇(300-499页)
True,False,559,3.69,True,176,False,,/nfs/users/wuqianqian/IPOI/dataset/2020/01153_27-11-2020_佳源服務_全球發售.pdf,01153_27-11-2020_佳源服務_全球發售.pdf,01153,超长篇(≥500页)
True,False,498,7.67,True,164,False,,/nfs/users/wuqianqian/IPOI/dataset/2020/01156_30-06-2020_CHINANEWENERGY_全球發售.pdf,01156_30-06-2020_CHINANEWENERGY_全球發售.pdf,01156,长篇(300-499页)
True,False,421,6.24,True,91,False,,/nfs/users/wuqianqian/IPOI/dataset/2020/01163_29-06-2020_虎視傳媒_全球發售.pdf,01163_29-06-2020_虎視傳媒_全球發售.pdf,01163,长篇(300-499页)
True,False,520,6.92,True,119,False,,/nfs/users/wuqianqian/IPOI/dataset/2020/01167_09-12-2020_加科思－Ｂ_全球發售.pdf,01167_09-12-2020_加科思－Ｂ_全球發售.pdf,01167,超长篇(≥500页)
True,False,599,3.56,False,0,True,,/nfs/users/wuqianqian/IPOI/dataset/2020/01179_11-09-2020_華住集團－Ｓ_全球發售.pdf,01179_11-09-2020_華住集團－Ｓ_全球發售.pdf,01179,超长篇(≥500页)
True,False,576,9.2,True,125,False,,/nfs/users/wuqianqian/IPOI/dataset/2020/01209_25-11-2020_華潤萬象生活_全球發售.pdf,01209_25-11-2020_華潤萬象生活_全球發售.pdf,01209,超长篇(≥500页)
True,False,594,4.64,True,204,False,,/nfs/users/wuqianqian/IPOI/dataset/2020/01248_29-10-2020_天兆豬業_全球發售.pdf,01248_29-10-2020_天兆豬業_全球發售.pdf,01248,超长篇(≥500页)
True,False,482,8.25,True,62,False,,/nfs/users/wuqianqian/IPOI/dataset/2020/01343_25-02-2020_偉源控股_股份發售.pdf,01343_25-02-2020_偉源控股_股份發售.pdf,01343,长篇(300-499页)
True,False,487,5.39,True,131,False,,/nfs/users/wuqianqian/IPOI/dataset/2020/01351_28-10-2020_輝煌明天_股份發售.pdf,01351_28-10-2020_輝煌明天_股份發售.pdf,01351,长篇(300-499页)
True,False,454,5.57,True,136,False,,/nfs/users/wuqianqian/IPOI/dataset/2020/01376_21-04-2020_RAFFLESINTERIOR_股份發售.pdf,01376_21-04-2020_RAFFLESINTERIOR_股份發售.pdf,01376,长篇(300-499页)
True,False,510,7.54,False,4,True,,/nfs/users/wuqianqian/IPOI/dataset/2020/01379_11-12-2020_温嶺工量刃具_全球發售.pdf,01379_11-12-2020_温嶺工量刃具_全球發售.pdf,01379,超长篇(≥500页)
True,False,503,3.76,True,91,False,,/nfs/users/wuqianqian/IPOI/dataset/2020/01408_31-08-2020_濠江機電_全球發售.pdf,01408_31-08-2020_濠江機電_全球發售.pdf,01408,超长篇(≥500页)
True,False,494,8.9,False,4,True,,/nfs/users/wuqianqian/IPOI/dataset/2020/01429_15-09-2020_天任集團_股份發售.pdf,01429_15-09-2020_天任集團_股份發售.pdf,01429,长篇(300-499页)
True,False,486,3.66,False,0,True,,/nfs/users/wuqianqian/IPOI/dataset/2020/01433_28-02-2020_常達控股_全球發售.pdf,01433_28-02-2020_常達控股_全球發售.pdf,01433,长篇(300-499页)
True,False,533,11.98,True,91,False,,/nfs/users/wuqianqian/IPOI/dataset/2020/01440_28-12-2020_DEYUN HOLDING_股份發售.pdf,01440_28-12-2020_DEYUN HOLDING_股份發售.pdf,01440,超长篇(≥500页)
True,False,611,6.31,True,89,False,,/nfs/users/wuqianqian/IPOI/dataset/2020/01449_27-07-2020_立德教育_全球發售.pdf,01449_27-07-2020_立德教育_全球發售.pdf,01449,超长篇(≥500页)
True,False,494,9.51,True,122,False,,/nfs/users/wuqianqian/IPOI/dataset/2020/01455_31-08-2020_科利實業控股_全球發售.pdf,01455_31-08-2020_科利實業控股_全球發售.pdf,01455,长篇(300-499页)
True,False,508,7.02,True,78,False,,/nfs/users/wuqianqian/IPOI/dataset/2020/01463_17-03-2020_C-LINK SQ_股份發售.pdf,01463_17-03-2020_C-LINK SQ_股份發售.pdf,01463,超长篇(≥500页)
True,False,454,4.59,True,121,False,,/nfs/users/wuqianqian/IPOI/dataset/2020/01472_28-02-2020_生興控股_股份發售.pdf,01472_28-02-2020_生興控股_股份發售.pdf,01472,长篇(300-499页)
True,False,578,9.81,False,0,True,,/nfs/users/wuqianqian/IPOI/dataset/2020/01477_29-06-2020_歐康維視生物－Ｂ_全球發售.pdf,01477_29-06-2020_歐康維視生物－Ｂ_全球發售.pdf,01477,超长篇(≥500页)
True,False,531,47.94,True,77,False,,/nfs/users/wuqianqian/IPOI/dataset/2020/01490_31-12-2020_CHESHI_全球發售.pdf,01490_31-12-2020_CHESHI_全球發售.pdf,01490,超长篇(≥500页)
True,False,576,6.0,True,116,False,,/nfs/users/wuqianqian/IPOI/dataset/2020/01502_19-06-2020_金融街物業_全球發售.pdf,01502_19-06-2020_金融街物業_全球發售.pdf,01502,超长篇(≥500页)
True,False,668,5.31,True,128,False,,/nfs/users/wuqianqian/IPOI/dataset/2020/01516_09-11-2020_融創服務_全球發售.pdf,01516_09-11-2020_融創服務_全球發售.pdf,01516,超长篇(≥500页)
True,False,550,7.11,True,108,False,,/nfs/users/wuqianqian/IPOI/dataset/2020/01597_29-09-2020_納泉能源科技_全球發售.pdf,01597_29-09-2020_納泉能源科技_全球發售.pdf,01597,超长篇(≥500页)
True,False,563,8.53,True,114,False,,/nfs/users/wuqianqian/IPOI/dataset/2020/01643_31-12-2020_現代中藥集團_全球發售.pdf,01643_31-12-2020_現代中藥集團_全球發售.pdf,01643,超长篇(≥500页)
True,False,430,7.83,False,0,True,,/nfs/users/wuqianqian/IPOI/dataset/2020/01645_20-05-2020_海納智能_股份發售.pdf,01645_20-05-2020_海納智能_股份發售.pdf,01645,长篇(300-499页)
True,False,453,7.85,True,81,False,,/nfs/users/wuqianqian/IPOI/dataset/2020/01650_12-06-2020_HYGIEIA GROUP_以股份發售方式.pdf,01650_12-06-2020_HYGIEIA GROUP_以股份發售方式.pdf,01650,长篇(300-499页)
True,False,497,6.18,True,97,False,,/nfs/users/wuqianqian/IPOI/dataset/2020/01795_30-10-2020_亞東集團_股份發售.pdf,01795_30-10-2020_亞東集團_股份發售.pdf,01795,长篇(300-499页)
True,False,746,48.19,False,0,True,,/nfs/users/wuqianqian/IPOI/dataset/2020/01855_22-12-2020_中邦環境_全球發售.pdf,01855_22-12-2020_中邦環境_全球發售.pdf,01855,超长篇(≥500页)
True,False,426,5.25,True,137,False,,/nfs/users/wuqianqian/IPOI/dataset/2020/01859_28-02-2020_煜盛文化_全球發售.pdf,01859_28-02-2020_煜盛文化_全球發售.pdf,01859,长篇(300-499页)
True,False,430,23.07,True,52,False,,/nfs/users/wuqianqian/IPOI/dataset/2020/01936_24-04-2020_RITAMIX_股份發售.pdf,01936_24-04-2020_RITAMIX_股份發售.pdf,01936,长篇(300-499页)
True,False,553,13.02,False,0,True,,/nfs/users/wuqianqian/IPOI/dataset/2020/01940_16-12-2020_CGII HLDGS_全球發售.pdf,01940_16-12-2020_CGII HLDGS_全球發售.pdf,01940,超长篇(≥500页)
True,False,571,8.49,True,165,False,,/nfs/users/wuqianqian/IPOI/dataset/2020/01941_28-02-2020_燁星集團_全球發售.pdf,01941_28-02-2020_燁星集團_全球發售.pdf,01941,超长篇(≥500页)
True,False,422,9.98,True,82,False,,/nfs/users/wuqianqian/IPOI/dataset/2020/01942_27-03-2020_MOG HOLDINGS_全球發售.pdf,01942_27-03-2020_MOG HOLDINGS_全球發售.pdf,01942,长篇(300-499页)
True,False,450,8.69,False,0,True,,/nfs/users/wuqianqian/IPOI/dataset/2020/01945_16-12-2020_清科創業_全球發售.pdf,01945_16-12-2020_清科創業_全球發售.pdf,01945,长篇(300-499页)
True,False,580,4.48,True,111,False,,/nfs/users/wuqianqian/IPOI/dataset/2020/01950_27-02-2020_深藍科技控股_全球發售.pdf,01950_27-02-2020_深藍科技控股_全球發售.pdf,01950,超长篇(≥500页)
True,False,553,7.64,True,137,False,,/nfs/users/wuqianqian/IPOI/dataset/2020/01952_25-09-2020_雲頂新耀－Ｂ_全球發售.pdf,01952_25-09-2020_雲頂新耀－Ｂ_全球發售.pdf,01952,超长篇(≥500页)
True,False,525,4.6,True,137,False,,/nfs/users/wuqianqian/IPOI/dataset/2020/01953_14-04-2020_RIMBACO_股份發售.pdf,01953_14-04-2020_RIMBACO_股份發售.pdf,01953,超长篇(≥500页)
True,False,494,8.7,True,136,False,,/nfs/users/wuqianqian/IPOI/dataset/2020/01957_18-06-2020_MBV INTL_全球發售.pdf,01957_18-06-2020_MBV INTL_全球發售.pdf,01957,长篇(300-499页)
True,False,598,10.08,True,142,False,,/nfs/users/wuqianqian/IPOI/dataset/2020/01961_27-02-2020_九尊數字互娛_全球發售.pdf,01961_27-02-2020_九尊數字互娛_全球發售.pdf,01961,超长篇(≥500页)
True,False,454,6.24,True,61,False,,/nfs/users/wuqianqian/IPOI/dataset/2020/01971_24-06-2020_弘陽服務_全球發售.pdf,01971_24-06-2020_弘陽服務_全球發售.pdf,01971,长篇(300-499页)
True,False,461,5.92,True,128,False,,/nfs/users/wuqianqian/IPOI/dataset/2020/01981_30-06-2020_華夏視聽教育_全球發售.pdf,01981_30-06-2020_華夏視聽教育_全球發售.pdf,01981,长篇(300-499页)
True,False,386,4.14,True,143,False,,/nfs/users/wuqianqian/IPOI/dataset/2020/02057_17-09-2020_中通快遞－ＳＷ_全球發售.pdf,02057_17-09-2020_中通快遞－ＳＷ_全球發售.pdf,02057,长篇(300-499页)
True,False,818,33.18,True,154,False,,/nfs/users/wuqianqian/IPOI/dataset/2020/02096_13-10-2020_先聲藥業_全球發售.pdf,02096_13-10-2020_先聲藥業_全球發售.pdf,02096,超长篇(≥500页)
True,False,552,8.6,True,117,False,,/nfs/users/wuqianqian/IPOI/dataset/2020/02101_07-09-2020_福祿控股_全球發售.pdf,02101_07-09-2020_福祿控股_全球發售.pdf,02101,超长篇(≥500页)
True,False,642,3.25,False,0,True,,/nfs/users/wuqianqian/IPOI/dataset/2020/02107_12-10-2020_第一服務控股_全球發售.pdf,02107_12-10-2020_第一服務控股_全球發售.pdf,02107,超长篇(≥500页)
True,False,524,7.28,True,153,False,,/nfs/users/wuqianqian/IPOI/dataset/2020/02110_23-11-2020_裕勤控股_股份發售.pdf,02110_23-11-2020_裕勤控股_股份發售.pdf,02110,超长篇(≥500页)
True,False,613,4.39,True,107,False,,/nfs/users/wuqianqian/IPOI/dataset/2020/02115_22-09-2020_捷心隆_全球發售.pdf,02115_22-09-2020_捷心隆_全球發售.pdf,02115,超长篇(≥500页)
True,False,886,8.81,True,127,False,,/nfs/users/wuqianqian/IPOI/dataset/2020/02117_27-11-2020_大唐集團控股_全球發售.pdf,02117_27-11-2020_大唐集團控股_全球發售.pdf,02117,超长篇(≥500页)
True,False,587,29.63,False,50,False,,/nfs/users/wuqianqian/IPOI/dataset/2020/02125_31-12-2020_稻草熊娛樂_全球發售.pdf,02125_31-12-2020_稻草熊娛樂_全球發售.pdf,02125,超长篇(≥500页)
True,False,840,54.44,True,157,False,,/nfs/users/wuqianqian/IPOI/dataset/2020/02126_22-10-2020_藥明巨諾－Ｂ_全球發售.pdf,02126_22-10-2020_藥明巨諾－Ｂ_全球發售.pdf,02126,超长篇(≥500页)
True,False,550,6.93,False,0,True,,/nfs/users/wuqianqian/IPOI/dataset/2020/02127_14-12-2020_匯森家居_全球發售.pdf,02127_14-12-2020_匯森家居_全球發售.pdf,02127,超长篇(≥500页)
True,False,537,10.45,False,0,True,,/nfs/users/wuqianqian/IPOI/dataset/2020/02129_30-12-2020_LEGION CONSO_股份發售.pdf,02129_30-12-2020_LEGION CONSO_股份發售.pdf,02129,超长篇(≥500页)
True,False,594,5.65,False,0,True,,/nfs/users/wuqianqian/IPOI/dataset/2020/02130_30-09-2020_嘉泓物流_全球發售.pdf,02130_30-09-2020_嘉泓物流_全球發售.pdf,02130,超长篇(≥500页)
True,False,497,28.59,True,114,False,,/nfs/users/wuqianqian/IPOI/dataset/2020/02131_07-12-2020_云想科技_全球發售.pdf,02131_07-12-2020_云想科技_全球發售.pdf,02131,长篇(300-499页)
True,False,426,4.63,True,89,False,,/nfs/users/wuqianqian/IPOI/dataset/2020/02132_30-09-2020_譽燊豐控股_股份發售.pdf,02132_30-09-2020_譽燊豐控股_股份發售.pdf,02132,长篇(300-499页)
True,False,606,15.71,False,0,True,,/nfs/users/wuqianqian/IPOI/dataset/2020/02135_15-12-2020_瑞麗醫美_全球發售.pdf,02135_15-12-2020_瑞麗醫美_全球發售.pdf,02135,超长篇(≥500页)
True,False,654,9.99,True,136,False,,/nfs/users/wuqianqian/IPOI/dataset/2020/02142_30-11-2020_和鉑醫藥－Ｂ_全球發售.pdf,02142_30-11-2020_和鉑醫藥－Ｂ_全球發售.pdf,02142,超长篇(≥500页)
True,False,505,3.77,True,121,False,,/nfs/users/wuqianqian/IPOI/dataset/2020/02146_31-12-2020_榮萬家_全球發售.pdf,02146_31-12-2020_榮萬家_全球發售.pdf,02146,超长篇(≥500页)
True,False,510,13.7,True,95,False,,/nfs/users/wuqianqian/IPOI/dataset/2020/02148_08-12-2020_VESYNC_全球發售.pdf,02148_08-12-2020_VESYNC_全球發售.pdf,02148,超长篇(≥500页)
True,False,573,7.18,True,148,False,,/nfs/users/wuqianqian/IPOI/dataset/2020/02153_30-12-2020_達豐設備_全球發售.pdf,02153_30-12-2020_達豐設備_全球發售.pdf,02153,超长篇(≥500页)
True,False,645,8.27,True,86,False,,/nfs/users/wuqianqian/IPOI/dataset/2020/02158_31-12-2020_醫渡科技_全球發售.pdf,02158_31-12-2020_醫渡科技_全球發售.pdf,02158,超长篇(≥500页)
True,False,641,4.84,False,38,True,,/nfs/users/wuqianqian/IPOI/dataset/2020/02159_31-12-2020_麥迪衛康_全球發售.pdf,02159_31-12-2020_麥迪衛康_全球發售.pdf,02159,超长篇(≥500页)
True,False,506,5.05,True,95,False,,/nfs/users/wuqianqian/IPOI/dataset/2020/02169_12-10-2020_滄港鐵路_全球發售.pdf,02169_12-10-2020_滄港鐵路_全球發售.pdf,02169,超长篇(≥500页)
True,False,530,3.2,True,264,False,,/nfs/users/wuqianqian/IPOI/dataset/2020/02263_31-01-2020_富石金融_股份發售.pdf,02263_31-01-2020_富石金融_股份發售.pdf,02263,超长篇(≥500页)
True,False,457,3.22,True,70,False,,/nfs/users/wuqianqian/IPOI/dataset/2020/02381_19-05-2020_蜆壳電業_股份發售.pdf,02381_19-05-2020_蜆壳電業_股份發售.pdf,02381,长篇(300-499页)
True,False,906,5.97,True,127,False,,/nfs/users/wuqianqian/IPOI/dataset/2020/02599_30-10-2020_祥生控股集團_全球發售.pdf,02599_30-10-2020_祥生控股集團_全球發售.pdf,02599,超长篇(≥500页)
True,False,692,4.79,True,151,False,,/nfs/users/wuqianqian/IPOI/dataset/2020/03347_28-07-2020_泰格醫藥_全球發售.pdf,03347_28-07-2020_泰格醫藥_全球發售.pdf,03347,超长篇(≥500页)
True,False,484,4.34,True,79,False,,/nfs/users/wuqianqian/IPOI/dataset/2020/03390_30-03-2020_滿貫集團_全球發售.pdf,03390_30-03-2020_滿貫集團_全球發售.pdf,03390,长篇(300-499页)
True,False,570,8.29,False,0,True,,/nfs/users/wuqianqian/IPOI/dataset/2020/03913_19-10-2020_合景悠活_全球發售.pdf,03913_19-10-2020_合景悠活_全球發售.pdf,03913,超长篇(≥500页)
True,False,476,6.61,True,116,False,,/nfs/users/wuqianqian/IPOI/dataset/2020/06063_30-03-2020_智中國際_股份發售.pdf,06063_30-03-2020_智中國際_股份發售.pdf,06063,长篇(300-499页)
True,False,614,4.67,True,85,False,,/nfs/users/wuqianqian/IPOI/dataset/2020/06078_16-06-2020_海吉亞醫療_全球發售.pdf,06078_16-06-2020_海吉亞醫療_全球發售.pdf,06078,超长篇(≥500页)
True,False,558,46.03,True,171,False,,/nfs/users/wuqianqian/IPOI/dataset/2020/06618_26-11-2020_京東健康_全球發售.pdf,06618_26-11-2020_京東健康_全球發售.pdf,06618,超长篇(≥500页)
True,False,584,6.14,False,0,True,,/nfs/users/wuqianqian/IPOI/dataset/2020/06666_23-11-2020_恒大物業_全球發售.pdf,06666_23-11-2020_恒大物業_全球發售.pdf,06666,超长篇(≥500页)
True,False,617,4.27,True,156,False,,/nfs/users/wuqianqian/IPOI/dataset/2020/06677_07-12-2020_遠洋服務_全球發售.pdf,06677_07-12-2020_遠洋服務_全球發售.pdf,06677,超长篇(≥500页)
True,False,752,11.05,False,0,True,,/nfs/users/wuqianqian/IPOI/dataset/2020/06688_26-10-2020_螞蟻集團_H股首次公開發售.pdf,06688_26-10-2020_螞蟻集團_H股首次公開發售.pdf,06688,超长篇(≥500页)
True,False,490,15.95,False,16,True,,/nfs/users/wuqianqian/IPOI/dataset/2020/06813_24-01-2020_大喜屋集團_股份發售.pdf,06813_24-01-2020_大喜屋集團_股份發售.pdf,06813,长篇(300-499页)
True,False,883,9.11,True,102,False,,/nfs/users/wuqianqian/IPOI/dataset/2020/06900_30-10-2020_上坤地產_全球發售.pdf,06900_30-10-2020_上坤地產_全球發售.pdf,06900,超长篇(≥500页)
True,False,534,10.0,True,51,False,,/nfs/users/wuqianqian/IPOI/dataset/2020/06918_28-02-2020_奇士達_全球發售.pdf,06918_28-02-2020_奇士達_全球發售.pdf,06918,超长篇(≥500页)
True,False,434,5.14,True,127,False,,/nfs/users/wuqianqian/IPOI/dataset/2020/06933_30-06-2020_新娛科控股_全球發售.pdf,06933_30-06-2020_新娛科控股_全球發售.pdf,06933,长篇(300-499页)
True,False,533,3.53,True,109,False,,/nfs/users/wuqianqian/IPOI/dataset/2020/06958_29-06-2020_正榮服務_全球發售.pdf,06958_29-06-2020_正榮服務_全球發售.pdf,06958,超长篇(≥500页)
True,False,635,5.23,True,120,False,,/nfs/users/wuqianqian/IPOI/dataset/2020/06968_29-06-2020_港龍中國地產_全球發售.pdf,06968_29-06-2020_港龍中國地產_全球發售.pdf,06968,超长篇(≥500页)
True,False,590,7.16,True,127,False,,/nfs/users/wuqianqian/IPOI/dataset/2020/06969_29-06-2020_思摩爾國際_全球發售.pdf,06969_29-06-2020_思摩爾國際_全球發售.pdf,06969,超长篇(≥500页)
True,False,575,6.23,True,78,False,,/nfs/users/wuqianqian/IPOI/dataset/2020/06978_29-06-2020_永泰生物－Ｂ_全球發售.pdf,06978_29-06-2020_永泰生物－Ｂ_全球發售.pdf,06978,超长篇(≥500页)
True,False,521,13.89,True,104,False,,/nfs/users/wuqianqian/IPOI/dataset/2020/06988_10-09-2020_樂享互動_全球發售.pdf,06988_10-09-2020_樂享互動_全球發售.pdf,06988,超长篇(≥500页)
True,False,599,8.38,True,139,False,,/nfs/users/wuqianqian/IPOI/dataset/2020/06989_07-10-2020_卓越商企服務_全球發售.pdf,06989_07-10-2020_卓越商企服務_全球發售.pdf,06989,超长篇(≥500页)
True,False,545,50.22,True,168,False,,/nfs/users/wuqianqian/IPOI/dataset/2020/06993_04-12-2020_藍月亮集團_全球發售.pdf,06993_04-12-2020_藍月亮集團_全球發售.pdf,06993,超长篇(≥500页)
True,False,628,8.15,True,79,False,,/nfs/users/wuqianqian/IPOI/dataset/2020/06996_09-11-2020_德琪醫藥－Ｂ_全球發售.pdf,06996_09-11-2020_德琪醫藥－Ｂ_全球發售.pdf,06996,超长篇(≥500页)
True,False,703,16.71,True,141,False,,/nfs/users/wuqianqian/IPOI/dataset/2020/06998_23-09-2020_嘉和生物－Ｂ_全球發售.pdf,06998_23-09-2020_嘉和生物－Ｂ_全球發售.pdf,06998,超长篇(≥500页)
True,False,1030,9.8,False,0,True,,/nfs/users/wuqianqian/IPOI/dataset/2020/06999_26-11-2020_領地控股_全球發售.pdf,06999_26-11-2020_領地控股_全球發售.pdf,06999,超长篇(≥500页)
True,False,430,4.72,True,105,False,,/nfs/users/wuqianqian/IPOI/dataset/2020/08489_30-12-2020_裕程物流_以股份發售方式於香港聯合交易所有限公司GEM上市.pdf,08489_30-12-2020_裕程物流_以股份發售方式於香港聯合交易所有限公司GEM上市.pdf,08489,长篇(300-499页)
True,False,476,6.08,True,82,False,,/nfs/users/wuqianqian/IPOI/dataset/2020/08496_29-04-2020_新加坡美食控股_股份發售.pdf,08496_29-04-2020_新加坡美食控股_股份發售.pdf,08496,长篇(300-499页)
True,False,508,10.75,True,110,False,,/nfs/users/wuqianqian/IPOI/dataset/2020/08616_31-03-2020_新威工程集團_股份發售.pdf,08616_31-03-2020_新威工程集團_股份發售.pdf,08616,超长篇(≥500页)
True,False,454,5.64,True,147,False,,/nfs/users/wuqianqian/IPOI/dataset/2020/08620_31-03-2020_亞洲速運_股份發售.pdf,08620_31-03-2020_亞洲速運_股份發售.pdf,08620,长篇(300-499页)
True,False,572,23.74,True,169,False,,/nfs/users/wuqianqian/IPOI/dataset/2020/08623_24-06-2020_中國蜀塔_股份發售.pdf,08623_24-06-2020_中國蜀塔_股份發售.pdf,08623,超长篇(≥500页)
True,False,614,8.67,True,174,False,,/nfs/users/wuqianqian/IPOI/dataset/2020/08657_30-09-2020_TRUE PARTNER_股份發售.pdf,08657_30-09-2020_TRUE PARTNER_股份發售.pdf,08657,超长篇(≥500页)
True,False,484,8.01,False,0,True,,/nfs/users/wuqianqian/IPOI/dataset/2020/08659_30-06-2020_易和國際控股_股份發售.pdf,08659_30-06-2020_易和國際控股_股份發售.pdf,08659,长篇(300-499页)
True,False,480,9.71,True,137,False,,/nfs/users/wuqianqian/IPOI/dataset/2020/09600_21-12-2020_新紐科技_全球發售.pdf,09600_21-12-2020_新紐科技_全球發售.pdf,09600,长篇(300-499页)
True,False,524,4.39,False,26,True,,/nfs/users/wuqianqian/IPOI/dataset/2020/09608_31-12-2020_宋都服務_全球發售.pdf,09608_31-12-2020_宋都服務_全球發售.pdf,09608,超长篇(≥500页)
True,False,663,45.53,True,87,False,,/nfs/users/wuqianqian/IPOI/dataset/2020/09616_17-09-2020_東軟教育_全球發售.pdf,09616_17-09-2020_東軟教育_全球發售.pdf,09616,超长篇(≥500页)
True,False,711,7.81,False,0,True,,/nfs/users/wuqianqian/IPOI/dataset/2020/09618_08-06-2020_京東集團－ＳＷ_全球發售.pdf,09618_08-06-2020_京東集團－ＳＷ_全球發售.pdf,09618,超长篇(≥500页)
True,False,549,6.46,False,0,True,,/nfs/users/wuqianqian/IPOI/dataset/2020/09633_25-08-2020_農夫山泉_全球發售.pdf,09633_25-08-2020_農夫山泉_全球發售.pdf,09633,超长篇(≥500页)
True,False,628,5.92,False,21,True,,/nfs/users/wuqianqian/IPOI/dataset/2020/09666_05-11-2020_金科服務_全球發售.pdf,09666_05-11-2020_金科服務_全球發售.pdf,09666,超长篇(≥500页)
True,False,800,11.13,True,123,False,,/nfs/users/wuqianqian/IPOI/dataset/2020/09668_30-06-2020_渤海銀行_全球發售.pdf,09668_30-06-2020_渤海銀行_全球發售.pdf,09668,超长篇(≥500页)
True,False,897,4.99,True,160,False,,/nfs/users/wuqianqian/IPOI/dataset/2020/09677_29-09-2020_威海銀行_全球發售.pdf,09677_29-09-2020_威海銀行_全球發售.pdf,09677,超长篇(≥500页)
True,False,597,5.3,True,138,False,,/nfs/users/wuqianqian/IPOI/dataset/2020/09688_17-09-2020_再鼎醫藥－ＳＢ_全球發售.pdf,09688_17-09-2020_再鼎醫藥－ＳＢ_全球發售.pdf,09688,超长篇(≥500页)
True,False,610,27.77,True,346,False,,/nfs/users/wuqianqian/IPOI/dataset/2020/09698_21-10-2020_萬國數據－ＳＷ_全球發售.pdf,09698_21-10-2020_萬國數據－ＳＷ_全球發售.pdf,09698,超长篇(≥500页)
True,False,465,4.22,True,158,False,,/nfs/users/wuqianqian/IPOI/dataset/2020/09901_29-10-2020_新東方－Ｓ_全球發售.pdf,09901_29-10-2020_新東方－Ｓ_全球發售.pdf,09901,长篇(300-499页)
True,False,424,5.05,True,110,False,,/nfs/users/wuqianqian/IPOI/dataset/2020/09906_24-06-2020_宏力醫療管理_全球發售.pdf,09906_24-06-2020_宏力醫療管理_全球發售.pdf,09906,长篇(300-499页)
True,False,701,7.06,True,102,False,,/nfs/users/wuqianqian/IPOI/dataset/2020/09908_30-06-2020_嘉興燃氣_全球發售.pdf,09908_30-06-2020_嘉興燃氣_全球發售.pdf,09908,超长篇(≥500页)
True,False,430,3.15,True,94,False,,/nfs/users/wuqianqian/IPOI/dataset/2020/09913_30-07-2020_智勤控股_以股份發售方式於香港聯合交易所有限公司主板上市.pdf,09913_30-07-2020_智勤控股_以股份發售方式於香港聯合交易所有限公司主板上市.pdf,09913,长篇(300-499页)
True,False,393,4.37,True,191,False,,/nfs/users/wuqianqian/IPOI/dataset/2020/09916_25-02-2020_興業物聯_全球發售.pdf,09916_25-02-2020_興業物聯_全球發售.pdf,09916,长篇(300-499页)
True,False,530,7.48,True,85,False,,/nfs/users/wuqianqian/IPOI/dataset/2020/09923_19-05-2020_移卡_全球發售.pdf,09923_19-05-2020_移卡_全球發售.pdf,09923,超长篇(≥500页)
True,False,600,9.53,True,144,False,,/nfs/users/wuqianqian/IPOI/dataset/2020/09926_14-04-2020_康方生物－Ｂ_全球發售.pdf,09926_14-04-2020_康方生物－Ｂ_全球發售.pdf,09926,超长篇(≥500页)
True,False,472,4.19,True,89,False,,/nfs/users/wuqianqian/IPOI/dataset/2020/09929_31-01-2020_澳達控股_股份發售.pdf,09929_31-01-2020_澳達控股_股份發售.pdf,09929,长篇(300-499页)
True,False,490,15.24,False,23,True,,/nfs/users/wuqianqian/IPOI/dataset/2020/09936_26-02-2020_稀美資源_全球發售.pdf,09936_26-02-2020_稀美資源_全球發售.pdf,09936,长篇(300-499页)
True,False,512,7.56,True,110,False,,/nfs/users/wuqianqian/IPOI/dataset/2020/09939_12-05-2020_開拓藥業－Ｂ_全球發售.pdf,09939_12-05-2020_開拓藥業－Ｂ_全球發售.pdf,09939,超长篇(≥500页)
True,False,523,6.46,True,107,False,,/nfs/users/wuqianqian/IPOI/dataset/2020/09958_10-06-2020_力天影業_全球發售.pdf,09958_10-06-2020_力天影業_全球發售.pdf,09958,超长篇(≥500页)
True,False,552,8.82,True,136,False,,/nfs/users/wuqianqian/IPOI/dataset/2020/09969_11-03-2020_諾誠健華－Ｂ_全球發售.pdf,09969_11-03-2020_諾誠健華－Ｂ_全球發售.pdf,09969,超长篇(≥500页)
True,False,711,43.85,True,77,False,,/nfs/users/wuqianqian/IPOI/dataset/2020/09977_30-06-2020_鳳祥股份_全球發售.pdf,09977_30-06-2020_鳳祥股份_全球發售.pdf,09977,超长篇(≥500页)
True,False,583,4.6,True,57,False,,/nfs/users/wuqianqian/IPOI/dataset/2020/09979_29-06-2020_綠城管理控股_全球發售.pdf,09979_29-06-2020_綠城管理控股_全球發售.pdf,09979,超长篇(≥500页)
True,False,566,38.7,True,132,False,,/nfs/users/wuqianqian/IPOI/dataset/2020/09983_05-05-2020_建業新生活_全球發售.pdf,09983_05-05-2020_建業新生活_全球發售.pdf,09983,超长篇(≥500页)
True,False,611,14.71,False,0,True,,/nfs/users/wuqianqian/IPOI/dataset/2020/09986_30-06-2020_大山教育_股份發售.pdf,09986_30-06-2020_大山教育_股份發售.pdf,09986,超长篇(≥500页)
True,False,394,43.54,True,161,False,,/nfs/users/wuqianqian/IPOI/dataset/2020/09987_01-09-2020_百勝中國－Ｓ_全球發售.pdf,09987_01-09-2020_百勝中國－Ｓ_全球發售.pdf,09987,长篇(300-499页)
True,False,794,39.42,False,0,True,,/nfs/users/wuqianqian/IPOI/dataset/2020/09989_24-06-2020_海普瑞_全球發售.pdf,09989_24-06-2020_海普瑞_全球發售.pdf,09989,超长篇(≥500页)
True,False,510,14.6,True,83,False,,/nfs/users/wuqianqian/IPOI/dataset/2020/09990_30-06-2020_祖龍娛樂_全球發售.pdf,09990_30-06-2020_祖龍娛樂_全球發售.pdf,09990,超长篇(≥500页)
True,False,470,28.22,True,193,False,,/nfs/users/wuqianqian/IPOI/dataset/2020/09991_18-09-2020_寶尊電商－ＳＷ_全球發售.pdf,09991_18-09-2020_寶尊電商－ＳＷ_全球發售.pdf,09991,长篇(300-499页)
True,False,632,10.19,True,79,False,,/nfs/users/wuqianqian/IPOI/dataset/2020/09992_01-12-2020_泡泡瑪特_全球發售.pdf,09992_01-12-2020_泡泡瑪特_全球發售.pdf,09992,超长篇(≥500页)
True,False,688,7.66,True,134,False,,/nfs/users/wuqianqian/IPOI/dataset/2020/09993_16-10-2020_金輝控股_全球發售.pdf,09993_16-10-2020_金輝控股_全球發售.pdf,09993,超长篇(≥500页)
True,False,766,10.82,True,126,False,,/nfs/users/wuqianqian/IPOI/dataset/2020/09995_28-10-2020_榮昌生物－Ｂ_全球發售.pdf,09995_28-10-2020_榮昌生物－Ｂ_全球發售.pdf,09995,超长篇(≥500页)
True,False,569,6.25,False,0,True,,/nfs/users/wuqianqian/IPOI/dataset/2020/09996_05-05-2020_沛嘉醫療－Ｂ_全球發售.pdf,09996_05-05-2020_沛嘉醫療－Ｂ_全球發售.pdf,09996,超长篇(≥500页)
True,False,480,7.48,False,0,True,,/nfs/users/wuqianqian/IPOI/dataset/2020/09997_16-06-2020_康基醫療_全球發售.pdf,09997_16-06-2020_康基醫療_全球發售.pdf,09997,长篇(300-499页)
True,False,458,27.65,True,149,False,,/nfs/users/wuqianqian/IPOI/dataset/2020/09999_02-06-2020_網易－Ｓ_全球發售.pdf,09999_02-06-2020_網易－Ｓ_全球發售.pdf,09999,长篇(300-499页)
True,False,819,11.4,True,142,False,,/nfs/users/wuqianqian/IPOI/dataset/2021/00013_18-06-2021_和黃醫藥_全球發售.pdf,00013_18-06-2021_和黃醫藥_全球發售.pdf,00013,超长篇(≥500页)
True,False,761,56.22,True,148,False,,/nfs/users/wuqianqian/IPOI/dataset/2021/00020_07-12-2021_商湯－Ｗ_全球發售.pdf,00020_07-12-2021_商湯－Ｗ_全球發售.pdf,00020,超长篇(≥500页)
True,False,525,4.67,True,183,False,,/nfs/users/wuqianqian/IPOI/dataset/2021/00606_21-06-2021_中駿商管_全球發售.pdf,00606_21-06-2021_中駿商管_全球發售.pdf,00606,超长篇(≥500页)
True,False,848,50.59,True,111,False,,/nfs/users/wuqianqian/IPOI/dataset/2021/01024_26-01-2021_快手－Ｗ_全球發售.pdf,01024_26-01-2021_快手－Ｗ_全球發售.pdf,01024,超长篇(≥500页)
True,False,676,8.17,True,154,False,,/nfs/users/wuqianqian/IPOI/dataset/2021/01228_30-11-2021_北海康成－Ｂ_全球發售.pdf,01228_30-11-2021_北海康成－Ｂ_全球發售.pdf,01228,超长篇(≥500页)
True,False,490,7.9,True,74,False,,/nfs/users/wuqianqian/IPOI/dataset/2021/01413_26-02-2021_廣聯工程控股_股份發售.pdf,01413_26-02-2021_廣聯工程控股_股份發售.pdf,01413,长篇(300-499页)
True,False,437,6.45,True,104,False,,/nfs/users/wuqianqian/IPOI/dataset/2021/01473_29-01-2021_環聯連訊_股份發售.pdf,01473_29-01-2021_環聯連訊_股份發售.pdf,01473,长篇(300-499页)
True,False,658,36.06,False,50,False,,/nfs/users/wuqianqian/IPOI/dataset/2021/01491_29-10-2021_貝特集團控股_全球發售.pdf,01491_29-10-2021_貝特集團控股_全球發售.pdf,01491,超长篇(≥500页)
True,False,474,12.27,False,0,True,,/nfs/users/wuqianqian/IPOI/dataset/2021/01927_26-02-2021_久久王_全球發售.pdf,01927_26-02-2021_久久王_全球發售.pdf,01927,长篇(300-499页)
True,False,546,7.1,True,102,False,,/nfs/users/wuqianqian/IPOI/dataset/2021/01948_26-10-2021_UJU HOLDING_全球發售.pdf,01948_26-10-2021_UJU HOLDING_全球發售.pdf,01948,超长篇(≥500页)
True,False,589,4.82,True,145,False,,/nfs/users/wuqianqian/IPOI/dataset/2021/01965_25-06-2021_朗詩綠色生活_全球發售.pdf,01965_25-06-2021_朗詩綠色生活_全球發售.pdf,01965,超长篇(≥500页)
True,False,626,9.28,True,136,False,,/nfs/users/wuqianqian/IPOI/dataset/2021/02015_03-08-2021_理想汽車－Ｗ_全球發售.pdf,02015_03-08-2021_理想汽車－Ｗ_全球發售.pdf,02015,超长篇(≥500页)
True,False,684,8.52,True,153,False,,/nfs/users/wuqianqian/IPOI/dataset/2021/02137_30-06-2021_騰盛博藥－Ｂ_全球發售.pdf,02137_30-06-2021_騰盛博藥－Ｂ_全球發售.pdf,02137,超长篇(≥500页)
True,False,621,4.92,True,86,False,,/nfs/users/wuqianqian/IPOI/dataset/2021/02150_18-06-2021_奈雪的茶_全球發售.pdf,02150_18-06-2021_奈雪的茶_全球發售.pdf,02150,超长篇(≥500页)
True,False,613,7.24,True,149,False,,/nfs/users/wuqianqian/IPOI/dataset/2021/02155_15-06-2021_森松國際_全球發售.pdf,02155_15-06-2021_森松國際_全球發售.pdf,02155,超长篇(≥500页)
True,False,544,51.08,True,111,False,,/nfs/users/wuqianqian/IPOI/dataset/2021/02160_26-01-2021_心通醫療－Ｂ_全球發售.pdf,02160_26-01-2021_心通醫療－Ｂ_全球發售.pdf,02160,超长篇(≥500页)
True,False,442,31.66,True,81,False,,/nfs/users/wuqianqian/IPOI/dataset/2021/02161_26-01-2021_健倍苗苗_公開發售.pdf,02161_26-01-2021_健倍苗苗_公開發售.pdf,02161,长篇(300-499页)
True,False,580,10.37,True,116,False,,/nfs/users/wuqianqian/IPOI/dataset/2021/02162_25-06-2021_康諾亞－Ｂ_全球發售.pdf,02162_25-06-2021_康諾亞－Ｂ_全球發售.pdf,02162,超长篇(≥500页)
True,False,572,5.26,True,105,False,,/nfs/users/wuqianqian/IPOI/dataset/2021/02165_29-06-2021_領悅服務集團_全球發售.pdf,02165_29-06-2021_領悅服務集團_全球發售.pdf,02165,超长篇(≥500页)
True,False,613,34.39,True,172,False,,/nfs/users/wuqianqian/IPOI/dataset/2021/02170_27-01-2021_貝康醫療－Ｂ_全球發售.pdf,02170_27-01-2021_貝康醫療－Ｂ_全球發售.pdf,02170,超长篇(≥500页)
True,False,729,10.34,True,136,False,,/nfs/users/wuqianqian/IPOI/dataset/2021/02171_07-06-2021_科濟藥業－Ｂ_全球發售.pdf,02171_07-06-2021_科濟藥業－Ｂ_全球發售.pdf,02171,超长篇(≥500页)
True,False,570,19.05,True,79,False,,/nfs/users/wuqianqian/IPOI/dataset/2021/02175_30-06-2021_中國通才教育_全球發售.pdf,02175_30-06-2021_中國通才教育_全球發售.pdf,02175,超长篇(≥500页)
True,False,599,7.39,True,157,False,,/nfs/users/wuqianqian/IPOI/dataset/2021/02177_28-06-2021_優趣匯控股_全球發售.pdf,02177_28-06-2021_優趣匯控股_全球發售.pdf,02177,超长篇(≥500页)
True,False,619,5.31,False,0,True,,/nfs/users/wuqianqian/IPOI/dataset/2021/02185_13-12-2021_百心安－Ｂ_全球發售.pdf,02185_13-12-2021_百心安－Ｂ_全球發售.pdf,02185,超长篇(≥500页)
True,False,599,18.76,True,87,False,,/nfs/users/wuqianqian/IPOI/dataset/2021/02187_16-03-2021_智欣集團控股_股份發售.pdf,02187_16-03-2021_智欣集團控股_股份發售.pdf,02187,超长篇(≥500页)
True,False,716,10.68,True,115,False,,/nfs/users/wuqianqian/IPOI/dataset/2021/02190_22-06-2021_歸創通橋－Ｂ_全球發售.pdf,02190_22-06-2021_歸創通橋－Ｂ_全球發售.pdf,02190,超长篇(≥500页)
True,False,648,8.86,True,141,False,,/nfs/users/wuqianqian/IPOI/dataset/2021/02191_05-05-2021_順豐房託_全球發售.pdf,02191_05-05-2021_順豐房託_全球發售.pdf,02191,超长篇(≥500页)
True,False,667,48.85,True,104,False,,/nfs/users/wuqianqian/IPOI/dataset/2021/02192_30-06-2021_醫脈通_全球發售.pdf,02192_30-06-2021_醫脈通_全球發售.pdf,02192,超长篇(≥500页)
True,False,437,35.15,False,0,True,,/nfs/users/wuqianqian/IPOI/dataset/2021/02195_19-03-2021_盈滙企業控股_股份發售.pdf,02195_19-03-2021_盈滙企業控股_股份發售.pdf,02195,长篇(300-499页)
True,False,681,10.55,True,131,False,,/nfs/users/wuqianqian/IPOI/dataset/2021/02197_25-10-2021_三葉草生物－Ｂ_全球發售.pdf,02197_25-10-2021_三葉草生物－Ｂ_全球發售.pdf,02197,超长篇(≥500页)
True,False,570,4.68,True,98,False,,/nfs/users/wuqianqian/IPOI/dataset/2021/02205_29-06-2021_康橋悅生活_全球發售.pdf,02205_29-06-2021_康橋悅生活_全球發售.pdf,02205,超长篇(≥500页)
True,False,529,5.82,True,102,False,,/nfs/users/wuqianqian/IPOI/dataset/2021/02207_30-06-2021_融信服務_全球發售.pdf,02207_30-06-2021_融信服務_全球發售.pdf,02207,超长篇(≥500页)
True,False,606,11.19,True,68,False,,/nfs/users/wuqianqian/IPOI/dataset/2021/02209_28-06-2021_喆麗控股_全球發售.pdf,02209_28-06-2021_喆麗控股_全球發售.pdf,02209,超长篇(≥500页)
True,False,605,3.96,True,136,False,,/nfs/users/wuqianqian/IPOI/dataset/2021/02210_29-10-2021_京城佳業_全球發售.pdf,02210_29-10-2021_京城佳業_全球發售.pdf,02210,超长篇(≥500页)
True,False,562,3.79,True,106,False,,/nfs/users/wuqianqian/IPOI/dataset/2021/02215_29-06-2021_德信服務集團_全球發售.pdf,02215_29-06-2021_德信服務集團_全球發售.pdf,02215,超长篇(≥500页)
True,False,700,7.03,False,0,True,,/nfs/users/wuqianqian/IPOI/dataset/2021/02216_13-09-2021_堃博醫療－Ｂ_全球發售.pdf,02216_13-09-2021_堃博醫療－Ｂ_全球發售.pdf,02216,超长篇(≥500页)
True,False,514,9.18,True,130,False,,/nfs/users/wuqianqian/IPOI/dataset/2021/02217_23-09-2021_譚仔國際_全球發售.pdf,02217_23-09-2021_譚仔國際_全球發售.pdf,02217,超长篇(≥500页)
True,False,562,6.87,True,111,False,,/nfs/users/wuqianqian/IPOI/dataset/2021/02219_24-06-2021_朝聚眼科_全球發售.pdf,02219_24-06-2021_朝聚眼科_全球發售.pdf,02219,超长篇(≥500页)
True,False,661,6.35,True,140,False,,/nfs/users/wuqianqian/IPOI/dataset/2021/02235_06-10-2021_微泰醫療－Ｂ_全球發售.pdf,02235_06-10-2021_微泰醫療－Ｂ_全球發售.pdf,02235,超长篇(≥500页)
True,False,582,5.65,False,0,True,,/nfs/users/wuqianqian/IPOI/dataset/2021/02250_30-12-2021_德盈控股_全球發售.pdf,02250_30-12-2021_德盈控股_全球發售.pdf,02250,超长篇(≥500页)
True,False,638,48.45,True,164,False,,/nfs/users/wuqianqian/IPOI/dataset/2021/02251_26-10-2021_鷹瞳科技－Ｂ_全球發售.pdf,02251_26-10-2021_鷹瞳科技－Ｂ_全球發售.pdf,02251,超长篇(≥500页)
True,False,526,7.92,False,0,True,,/nfs/users/wuqianqian/IPOI/dataset/2021/02252_21-10-2021_微創機器人－Ｂ_全球發售.pdf,02252_21-10-2021_微創機器人－Ｂ_全球發售.pdf,02252,超长篇(≥500页)
True,False,632,9.56,True,145,False,,/nfs/users/wuqianqian/IPOI/dataset/2021/02256_30-09-2021_和譽－Ｂ_全球發售.pdf,02256_30-09-2021_和譽－Ｂ_全球發售.pdf,02256,超长篇(≥500页)
True,False,724,52.84,True,98,False,,/nfs/users/wuqianqian/IPOI/dataset/2021/02257_20-12-2021_聖諾醫藥－Ｂ_全球發售.pdf,02257_20-12-2021_聖諾醫藥－Ｂ_全球發售.pdf,02257,超长篇(≥500页)
True,False,638,36.28,True,88,False,,/nfs/users/wuqianqian/IPOI/dataset/2021/02260_29-12-2021_環龍控股_全球發售.pdf,02260_29-12-2021_環龍控股_全球發售.pdf,02260,超长篇(≥500页)
True,False,606,8.52,True,136,False,,/nfs/users/wuqianqian/IPOI/dataset/2021/02265_29-10-2021_鴻承環保科技_全球發售.pdf,02265_29-10-2021_鴻承環保科技_全球發售.pdf,02265,超长篇(≥500页)
True,False,595,4.25,True,145,False,,/nfs/users/wuqianqian/IPOI/dataset/2021/02270_30-11-2021_德商產投服務_全球發售.pdf,02270_30-11-2021_德商產投服務_全球發售.pdf,02270,超长篇(≥500页)
True,False,636,9.13,True,154,False,,/nfs/users/wuqianqian/IPOI/dataset/2021/02273_30-11-2021_固生堂_全球發售.pdf,02273_30-11-2021_固生堂_全球發售.pdf,02273,超长篇(≥500页)
True,False,674,7.69,True,145,False,,/nfs/users/wuqianqian/IPOI/dataset/2021/02276_30-11-2021_康耐特光學_全球發售.pdf,02276_30-11-2021_康耐特光學_全球發售.pdf,02276,超长篇(≥500页)
True,False,534,6.5,True,56,False,,/nfs/users/wuqianqian/IPOI/dataset/2021/02279_01-12-2021_雍禾醫療_全球發售.pdf,02279_01-12-2021_雍禾醫療_全球發售.pdf,02279,超长篇(≥500页)
True,False,609,22.64,False,0,True,,/nfs/users/wuqianqian/IPOI/dataset/2021/02285_17-12-2021_泉峰控股_全球發售.pdf,02285_17-12-2021_泉峰控股_全球發售.pdf,02285,超长篇(≥500页)
True,False,122,2.6,False,0,True,,/nfs/users/wuqianqian/IPOI/dataset/2021/02378_20-09-2021_保誠_售股章程 - 股份發售.pdf,02378_20-09-2021_保誠_售股章程 - 股份發售.pdf,02378,中篇(100-299页)
True,False,376,6.62,True,90,False,,/nfs/users/wuqianqian/IPOI/dataset/2021/02518_04-03-2021_汽車之家－Ｓ_全球發售.pdf,02518_04-03-2021_汽車之家－Ｓ_全球發售.pdf,02518,长篇(300-499页)
True,False,577,46.01,True,164,False,,/nfs/users/wuqianqian/IPOI/dataset/2021/02618_17-05-2021_京東物流_全球發售.pdf,02618_17-05-2021_京東物流_全球發售.pdf,02618,超长篇(≥500页)
True,False,577,4.3,True,103,False,,/nfs/users/wuqianqian/IPOI/dataset/2021/03658_11-05-2021_新希望服務_全球發售.pdf,03658_11-05-2021_新希望服務_全球發售.pdf,03658,超长篇(≥500页)
True,False,692,6.33,True,161,False,,/nfs/users/wuqianqian/IPOI/dataset/2021/06127_16-02-2021_昭衍新藥_全球發售.pdf,06127_16-02-2021_昭衍新藥_全球發售.pdf,06127,超长篇(≥500页)
True,False,593,8.32,True,97,False,,/nfs/users/wuqianqian/IPOI/dataset/2021/06601_26-02-2021_朝雲集團_全球發售.pdf,06601_26-02-2021_朝雲集團_全球發售.pdf,06601,超长篇(≥500页)
True,False,698,8.25,True,103,False,,/nfs/users/wuqianqian/IPOI/dataset/2021/06606_05-02-2021_諾輝健康－Ｂ_全球發售.pdf,06606_05-02-2021_諾輝健康－Ｂ_全球發售.pdf,06606,超长篇(≥500页)
True,False,554,6.16,True,93,False,,/nfs/users/wuqianqian/IPOI/dataset/2021/06608_19-03-2021_百融雲－Ｗ_全球發售.pdf,06608_19-03-2021_百融雲－Ｗ_全球發售.pdf,06608,超长篇(≥500页)
True,False,653,12.63,False,0,True,,/nfs/users/wuqianqian/IPOI/dataset/2021/06609_10-08-2021_心瑋醫療－Ｂ_全球發售.pdf,06609_10-08-2021_心瑋醫療－Ｂ_全球發售.pdf,06609,超长篇(≥500页)
True,False,810,7.43,True,94,False,,/nfs/users/wuqianqian/IPOI/dataset/2021/06611_30-06-2021_三巽集團_全球發售.pdf,06611_30-06-2021_三巽集團_全球發售.pdf,06611,超长篇(≥500页)
True,False,635,8.61,False,0,True,,/nfs/users/wuqianqian/IPOI/dataset/2021/06616_30-06-2021_環球新材國際_全球發售.pdf,06616_30-06-2021_環球新材國際_全球發售.pdf,06616,超长篇(≥500页)
True,False,666,9.58,True,181,False,,/nfs/users/wuqianqian/IPOI/dataset/2021/06622_16-04-2021_兆科眼科－Ｂ_全球發售.pdf,06622_16-04-2021_兆科眼科－Ｂ_全球發售.pdf,06622,超长篇(≥500页)
True,False,603,5.26,True,88,False,,/nfs/users/wuqianqian/IPOI/dataset/2021/06626_16-06-2021_越秀服務_全球發售.pdf,06626_16-06-2021_越秀服務_全球發售.pdf,06626,超长篇(≥500页)
True,False,705,14.39,True,133,False,,/nfs/users/wuqianqian/IPOI/dataset/2021/06628_14-09-2021_創勝集團－Ｂ_全球發售.pdf,06628_14-09-2021_創勝集團－Ｂ_全球發售.pdf,06628,超长篇(≥500页)
True,False,507,9.97,False,0,True,,/nfs/users/wuqianqian/IPOI/dataset/2021/06633_06-12-2021_青瓷遊戲_全球發售.pdf,06633_06-12-2021_青瓷遊戲_全球發售.pdf,06633,超长篇(≥500页)
True,False,594,4.71,True,115,False,,/nfs/users/wuqianqian/IPOI/dataset/2021/06668_14-01-2021_星盛商業_全球發售.pdf,06668_14-01-2021_星盛商業_全球發售.pdf,06668,超长篇(≥500页)
True,False,598,9.96,True,126,False,,/nfs/users/wuqianqian/IPOI/dataset/2021/06669_12-08-2021_先瑞達醫療－Ｂ_全球發售.pdf,06669_12-08-2021_先瑞達醫療－Ｂ_全球發售.pdf,06669,超长篇(≥500页)
True,False,665,5.21,True,134,False,,/nfs/users/wuqianqian/IPOI/dataset/2021/06680_31-12-2021_金力永磁_全球發售.pdf,06680_31-12-2021_金力永磁_全球發售.pdf,06680,超长篇(≥500页)
True,False,457,8.35,False,0,True,,/nfs/users/wuqianqian/IPOI/dataset/2021/06699_03-06-2021_時代天使_全球發售.pdf,06699_03-06-2021_時代天使_全球發售.pdf,06699,长篇(300-499页)
True,False,735,9.66,True,96,False,,/nfs/users/wuqianqian/IPOI/dataset/2021/06821_30-11-2021_凱萊英_全球發售.pdf,06821_30-11-2021_凱萊英_全球發售.pdf,06821,超长篇(≥500页)
True,False,598,4.22,False,0,True,,/nfs/users/wuqianqian/IPOI/dataset/2021/06909_30-06-2021_百得利控股_全球發售.pdf,06909_30-06-2021_百得利控股_全球發售.pdf,06909,超长篇(≥500页)
True,False,711,10.87,True,135,False,,/nfs/users/wuqianqian/IPOI/dataset/2021/06913_30-06-2021_華南職業教育_全球發售.pdf,06913_30-06-2021_華南職業教育_全球發售.pdf,06913,超长篇(≥500页)
True,False,586,5.66,True,102,False,,/nfs/users/wuqianqian/IPOI/dataset/2021/06939_18-03-2021_美佳音控股_全球發售.pdf,06939_18-03-2021_美佳音控股_全球發售.pdf,06939,超长篇(≥500页)
True,False,450,47.45,True,96,False,,/nfs/users/wuqianqian/IPOI/dataset/2021/09626_18-03-2021_嗶哩嗶哩－ＳＷ_全球發售.pdf,09626_18-03-2021_嗶哩嗶哩－ＳＷ_全球發售.pdf,09626,长篇(300-499页)
True,False,593,11.41,True,120,False,,/nfs/users/wuqianqian/IPOI/dataset/2021/09699_30-11-2021_順豐同城_全球發售.pdf,09699_30-11-2021_順豐同城_全球發售.pdf,09699,超长篇(≥500页)
True,False,836,7.8,True,148,False,,/nfs/users/wuqianqian/IPOI/dataset/2021/09858_07-06-2021_優然牧業_全球發售.pdf,09858_07-06-2021_優然牧業_全球發售.pdf,09858,超长篇(≥500页)
True,False,607,10.3,True,148,False,,/nfs/users/wuqianqian/IPOI/dataset/2021/09868_25-06-2021_小鵬汽車－Ｗ_全球發售.pdf,09868_25-06-2021_小鵬汽車－Ｗ_全球發售.pdf,09868,超长篇(≥500页)
True,False,537,3.93,True,112,False,,/nfs/users/wuqianqian/IPOI/dataset/2021/09869_31-08-2021_海倫司_全球發售.pdf,09869_31-08-2021_海倫司_全球發售.pdf,09869,超长篇(≥500页)
True,False,550,4.42,True,134,False,,/nfs/users/wuqianqian/IPOI/dataset/2021/09888_12-03-2021_百度集團－ＳＷ_全球發售.pdf,09888_12-03-2021_百度集團－ＳＷ_全球發售.pdf,09888,超长篇(≥500页)
True,False,847,40.75,True,124,False,,/nfs/users/wuqianqian/IPOI/dataset/2021/09889_16-09-2021_東莞農商銀行_全球發售.pdf,09889_16-09-2021_東莞農商銀行_全球發售.pdf,09889,超长篇(≥500页)
True,False,566,3.11,True,130,False,,/nfs/users/wuqianqian/IPOI/dataset/2021/09898_29-11-2021_微博－ＳＷ_全球發售.pdf,09898_29-11-2021_微博－ＳＷ_全球發售.pdf,09898,超长篇(≥500页)
True,False,521,6.72,True,177,False,,/nfs/users/wuqianqian/IPOI/dataset/2021/09899_23-11-2021_雲音樂_全球發售.pdf,09899_23-11-2021_雲音樂_全球發售.pdf,09899,超长篇(≥500页)
True,False,590,9.01,True,139,False,,/nfs/users/wuqianqian/IPOI/dataset/2021/09956_29-10-2021_安能物流_全球發售.pdf,09956_29-10-2021_安能物流_全球發售.pdf,09956,超长篇(≥500页)
True,False,584,9.64,False,0,True,,/nfs/users/wuqianqian/IPOI/dataset/2021/09959_26-03-2021_聯易融科技－Ｗ_全球發售.pdf,09959_26-03-2021_聯易融科技－Ｗ_全球發售.pdf,09959,超长篇(≥500页)
True,False,673,10.46,False,0,True,,/nfs/users/wuqianqian/IPOI/dataset/2021/09960_29-06-2021_康聖環球_全球發售.pdf,09960_29-06-2021_康聖環球_全球發售.pdf,09960,超长篇(≥500页)
True,False,367,7.34,True,84,False,,/nfs/users/wuqianqian/IPOI/dataset/2021/09961_08-04-2021_攜程集團－Ｓ_全球發售.pdf,09961_08-04-2021_攜程集團－Ｓ_全球發售.pdf,09961,长篇(300-499页)
True,False,430,11.95,False,0,True,,/nfs/users/wuqianqian/IPOI/dataset/2021/09982_18-05-2021_中原建業_全球發售.pdf,09982_18-05-2021_中原建業_全球發售.pdf,09982,长篇(300-499页)
True,False,551,34.73,True,131,False,,/nfs/users/wuqianqian/IPOI/dataset/2022/00314_12-12-2022_思派健康_全球發售.pdf,00314_12-12-2022_思派健康_全球發售.pdf,00314,超长篇(≥500页)
True,False,684,11.38,False,15,True,,/nfs/users/wuqianqian/IPOI/dataset/2022/00816_25-02-2022_金茂服務_全球發售.pdf,00816_25-02-2022_金茂服務_全球發售.pdf,00816,超长篇(≥500页)
True,False,502,32.86,True,131,False,,/nfs/users/wuqianqian/IPOI/dataset/2022/01204_29-06-2022_博維智慧_全球發售.pdf,01204_29-06-2022_博維智慧_全球發售.pdf,01204,超长篇(≥500页)
True,False,802,28.84,True,86,False,,/nfs/users/wuqianqian/IPOI/dataset/2022/01244_29-11-2022_3D MEDICINES-B_全球發售.pdf,01244_29-11-2022_3D MEDICINES-B_全球發售.pdf,01244,超长篇(≥500页)
True,False,482,6.53,True,174,False,,/nfs/users/wuqianqian/IPOI/dataset/2022/01406_31-01-2022_清晰醫療_全球發售.pdf,01406_31-01-2022_清晰醫療_全球發售.pdf,01406,长篇(300-499页)
True,False,657,8.97,False,0,True,,/nfs/users/wuqianqian/IPOI/dataset/2022/01407_31-10-2022_交運燃氣_全球發售.pdf,01407_31-10-2022_交運燃氣_全球發售.pdf,01407,超长篇(≥500页)
True,False,538,40.86,True,103,False,,/nfs/users/wuqianqian/IPOI/dataset/2022/01489_23-09-2022_GC CONSTRUCTION_股份發售.pdf,01489_23-09-2022_GC CONSTRUCTION_股份發售.pdf,01489,超长篇(≥500页)
True,False,623,10.04,True,175,False,,/nfs/users/wuqianqian/IPOI/dataset/2022/01880_15-08-2022_中國中免_全球發售.pdf,01880_15-08-2022_中國中免_全球發售.pdf,01880,超长篇(≥500页)
True,False,589,4.72,True,125,False,,/nfs/users/wuqianqian/IPOI/dataset/2022/01947_30-11-2022_美皓集團_全球發售.pdf,01947_30-11-2022_美皓集團_全球發售.pdf,01947,超长篇(≥500页)
True,False,546,6.97,True,146,False,,/nfs/users/wuqianqian/IPOI/dataset/2022/02121_17-01-2022_創新奇智_全球發售.pdf,02121_17-01-2022_創新奇智_全球發售.pdf,02121,超长篇(≥500页)
True,False,664,11.21,True,91,False,,/nfs/users/wuqianqian/IPOI/dataset/2022/02145_12-12-2022_上美股份_全球發售.pdf,02145_12-12-2022_上美股份_全球發售.pdf,02145,超长篇(≥500页)
True,False,620,50.92,True,137,False,,/nfs/users/wuqianqian/IPOI/dataset/2022/02147_30-12-2022_正味集團_股份發售.pdf,02147_30-12-2022_正味集團_股份發售.pdf,02147,超长篇(≥500页)
True,False,704,4.79,True,124,False,,/nfs/users/wuqianqian/IPOI/dataset/2022/02152_11-08-2022_蘇新服務_全球發售.pdf,02152_11-08-2022_蘇新服務_全球發售.pdf,02152,超长篇(≥500页)
True,False,822,7.98,False,0,True,,/nfs/users/wuqianqian/IPOI/dataset/2022/02157_10-02-2022_樂普生物－Ｂ_全球發售.pdf,02157_10-02-2022_樂普生物－Ｂ_全球發售.pdf,02157,超长篇(≥500页)
True,False,576,5.37,True,117,False,,/nfs/users/wuqianqian/IPOI/dataset/2022/02167_21-06-2022_天潤雲_全球發售.pdf,02167_21-06-2022_天潤雲_全球發售.pdf,02167,超长篇(≥500页)
True,False,516,7.82,False,0,True,,/nfs/users/wuqianqian/IPOI/dataset/2022/02172_29-06-2022_微創腦科學_全球發售.pdf,02172_29-06-2022_微創腦科學_全球發售.pdf,02172,超长篇(≥500页)
True,False,655,24.3,False,0,True,,/nfs/users/wuqianqian/IPOI/dataset/2022/02179_21-03-2022_瑞科生物－Ｂ_全球發售.pdf,02179_21-03-2022_瑞科生物－Ｂ_全球發售.pdf,02179,超长篇(≥500页)
True,False,662,21.22,False,0,True,,/nfs/users/wuqianqian/IPOI/dataset/2022/02237_30-06-2022_中國石墨_全球發售.pdf,02237_30-06-2022_中國石墨_全球發售.pdf,02237,超长篇(≥500页)
True,False,872,58.52,True,176,False,,/nfs/users/wuqianqian/IPOI/dataset/2022/02245_21-11-2022_力勤資源_全球發售.pdf,02245_21-11-2022_力勤資源_全球發售.pdf,02245,超长篇(≥500页)
True,False,714,11.78,True,121,False,,/nfs/users/wuqianqian/IPOI/dataset/2022/02246_14-06-2022_快狗打車_全球發售.pdf,02246_14-06-2022_快狗打車_全球發售.pdf,02246,超长篇(≥500页)
True,False,757,14.62,True,65,False,,/nfs/users/wuqianqian/IPOI/dataset/2022/02291_27-10-2022_心泰醫療_全球發售.pdf,02291_27-10-2022_心泰醫療_全球發售.pdf,02291,超长篇(≥500页)
True,False,620,8.71,True,152,False,,/nfs/users/wuqianqian/IPOI/dataset/2022/02297_27-06-2022_潤邁德－Ｂ_全球發售.pdf,02297_27-06-2022_潤邁德－Ｂ_全球發售.pdf,02297,超长篇(≥500页)
True,False,581,7.26,True,98,False,,/nfs/users/wuqianqian/IPOI/dataset/2022/02306_30-12-2022_樂華娛樂_全球發售.pdf,02306_30-12-2022_樂華娛樂_全球發售.pdf,02306,超长篇(≥500页)
True,False,755,10.88,True,177,False,,/nfs/users/wuqianqian/IPOI/dataset/2022/02315_19-08-2022_百奧賽圖－Ｂ_全球發售.pdf,02315_19-08-2022_百奧賽圖－Ｂ_全球發售.pdf,02315,超长篇(≥500页)
True,False,579,15.16,True,96,False,,/nfs/users/wuqianqian/IPOI/dataset/2022/02321_08-08-2022_雙財莊_全球發售.pdf,02321_08-08-2022_雙財莊_全球發售.pdf,02321,超长篇(≥500页)
True,False,613,6.91,True,73,False,,/nfs/users/wuqianqian/IPOI/dataset/2022/02325_05-05-2022_雲康集團_全球發售.pdf,02325_05-05-2022_雲康集團_全球發售.pdf,02325,超长篇(≥500页)
True,False,546,7.77,False,8,True,,/nfs/users/wuqianqian/IPOI/dataset/2022/02347_26-05-2022_友和集團_全球發售.pdf,02347_26-05-2022_友和集團_全球發售.pdf,02347,超长篇(≥500页)
True,False,546,14.6,False,0,True,,/nfs/users/wuqianqian/IPOI/dataset/2022/02350_13-09-2022_數科集團_股份發售.pdf,02350_13-09-2022_數科集團_股份發售.pdf,02350,超长篇(≥500页)
True,False,775,5.52,True,144,False,,/nfs/users/wuqianqian/IPOI/dataset/2022/02352_19-04-2022_東原仁知服務_全球發售.pdf,02352_19-04-2022_東原仁知服務_全球發售.pdf,02352,超长篇(≥500页)
True,False,627,7.19,True,91,False,,/nfs/users/wuqianqian/IPOI/dataset/2022/02361_28-06-2022_中康控股_全球發售.pdf,02361_28-06-2022_中康控股_全球發售.pdf,02361,超长篇(≥500页)
True,False,605,9.88,False,0,True,,/nfs/users/wuqianqian/IPOI/dataset/2022/02367_25-10-2022_巨子生物_全球發售.pdf,02367_25-10-2022_巨子生物_全球發售.pdf,02367,超长篇(≥500页)
True,False,610,8.08,False,0,True,,/nfs/users/wuqianqian/IPOI/dataset/2022/02370_22-03-2022_力高健康生活_全球發售.pdf,02370_22-03-2022_力高健康生活_全球發售.pdf,02370,超长篇(≥500页)
True,False,466,25.83,True,86,False,,/nfs/users/wuqianqian/IPOI/dataset/2022/02372_17-06-2022_偉立控股_股份發售.pdf,02372_17-06-2022_偉立控股_股份發售.pdf,02372,长篇(300-499页)
True,False,697,10.11,True,160,False,,/nfs/users/wuqianqian/IPOI/dataset/2022/02373_30-12-2022_美麗田園醫療健康_全球發售.pdf,02373_30-12-2022_美麗田園醫療健康_全球發售.pdf,02373,超长篇(≥500页)
True,False,583,5.58,True,135,False,,/nfs/users/wuqianqian/IPOI/dataset/2022/02376_27-06-2022_魯商服務_全球發售.pdf,02376_27-06-2022_魯商服務_全球發售.pdf,02376,超长篇(≥500页)
True,False,663,5.88,True,123,False,,/nfs/users/wuqianqian/IPOI/dataset/2022/02385_29-06-2022_讀書郎_全球發售.pdf,02385_29-06-2022_讀書郎_全球發售.pdf,02385,超长篇(≥500页)
True,False,587,39.55,True,94,False,,/nfs/users/wuqianqian/IPOI/dataset/2022/02390_11-04-2022_知乎－Ｗ_全球發售.pdf,02390_11-04-2022_知乎－Ｗ_全球發售.pdf,02390,超长篇(≥500页)
True,False,721,6.68,True,87,False,,/nfs/users/wuqianqian/IPOI/dataset/2022/02391_22-06-2022_塗鴉智能－Ｗ_全球發售.pdf,02391_22-06-2022_塗鴉智能－Ｗ_全球發售.pdf,02391,超长篇(≥500页)
True,False,608,7.93,True,101,False,,/nfs/users/wuqianqian/IPOI/dataset/2022/02392_24-06-2022_玄武雲_全球發售.pdf,02392_24-06-2022_玄武雲_全球發售.pdf,02392,超长篇(≥500页)
True,False,719,9.59,False,0,True,,/nfs/users/wuqianqian/IPOI/dataset/2022/02402_29-12-2022_億華通_全球發售.pdf,02402_29-12-2022_億華通_全球發售.pdf,02402,超长篇(≥500页)
True,False,686,6.82,True,89,False,,/nfs/users/wuqianqian/IPOI/dataset/2022/02407_30-11-2022_高視醫療_全球發售.pdf,02407_30-11-2022_高視醫療_全球發售.pdf,02407,超长篇(≥500页)
True,False,850,40.12,True,172,False,,/nfs/users/wuqianqian/IPOI/dataset/2022/02411_29-12-2022_百果園集團_全球發售.pdf,02411_29-12-2022_百果園集團_全球發售.pdf,02411,超长篇(≥500页)
True,False,739,12.98,True,70,False,,/nfs/users/wuqianqian/IPOI/dataset/2022/02418_30-06-2022_德銀天下_全球發售.pdf,02418_30-06-2022_德銀天下_全球發售.pdf,02418,超长篇(≥500页)
True,False,648,10.81,True,120,False,,/nfs/users/wuqianqian/IPOI/dataset/2022/02420_31-10-2022_子不語_全球發售.pdf,02420_31-10-2022_子不語_全球發售.pdf,02420,超长篇(≥500页)
True,False,686,6.98,True,103,False,,/nfs/users/wuqianqian/IPOI/dataset/2022/02422_30-09-2022_潤歌互動_全球發售.pdf,02422_30-09-2022_潤歌互動_全球發售.pdf,02422,超长篇(≥500页)
True,False,673,9.52,False,0,True,,/nfs/users/wuqianqian/IPOI/dataset/2022/02425_16-12-2022_澳亞集團_全球發售.pdf,02425_16-12-2022_澳亞集團_全球發售.pdf,02425,超长篇(≥500页)
True,False,526,12.18,False,0,True,,/nfs/users/wuqianqian/IPOI/dataset/2022/02427_15-12-2022_GUANZE MEDICAL_全球發售.pdf,02427_15-12-2022_GUANZE MEDICAL_全球發售.pdf,02427,超长篇(≥500页)
True,False,618,5.42,True,111,False,,/nfs/users/wuqianqian/IPOI/dataset/2022/02436_14-11-2022_凌雄科技_全球發售.pdf,02436_14-11-2022_凌雄科技_全球發售.pdf,02436,超长篇(≥500页)
True,False,615,10.45,True,175,False,,/nfs/users/wuqianqian/IPOI/dataset/2022/02440_30-11-2022_濠暻科技_全球發售.pdf,02440_30-11-2022_濠暻科技_全球發售.pdf,02440,超长篇(≥500页)
True,False,871,9.67,True,139,False,,/nfs/users/wuqianqian/IPOI/dataset/2022/02450_30-12-2022_淮北綠金股份_全球發售.pdf,02450_30-12-2022_淮北綠金股份_全球發售.pdf,02450,超长篇(≥500页)
True,False,624,8.22,True,130,False,,/nfs/users/wuqianqian/IPOI/dataset/2022/02455_30-12-2022_潤華服務_全球發售.pdf,02455_30-12-2022_潤華服務_全球發售.pdf,02455,超长篇(≥500页)
True,False,514,47.51,True,71,False,,/nfs/users/wuqianqian/IPOI/dataset/2022/02457_29-11-2022_步陽國際_全球發售.pdf,02457_29-11-2022_步陽國際_全球發售.pdf,02457,超长篇(≥500页)
True,False,665,8.35,True,100,False,,/nfs/users/wuqianqian/IPOI/dataset/2022/02458_30-12-2022_望塵科技控股_全球發售.pdf,02458_30-12-2022_望塵科技控股_全球發售.pdf,02458,超长篇(≥500页)
True,False,697,16.6,True,118,False,,/nfs/users/wuqianqian/IPOI/dataset/2022/02459_30-12-2022_昇能集團_全球發售.pdf,02459_30-12-2022_昇能集團_全球發售.pdf,02459,超长篇(≥500页)
True,False,506,9.18,False,0,True,,/nfs/users/wuqianqian/IPOI/dataset/2022/02469_23-12-2022_粉筆_全球發售.pdf,02469_23-12-2022_粉筆_全球發售.pdf,02469,超长篇(≥500页)
True,False,829,9.86,True,139,False,,/nfs/users/wuqianqian/IPOI/dataset/2022/02602_19-09-2022_萬物雲_全球發售.pdf,02602_19-09-2022_萬物雲_全球發售.pdf,02602,超长篇(≥500页)
True,False,672,7.62,True,151,False,,/nfs/users/wuqianqian/IPOI/dataset/2022/03611_30-11-2022_花房集團_全球發售.pdf,03611_30-11-2022_花房集團_全球發售.pdf,03611,超长篇(≥500页)
True,False,667,27.49,True,112,False,,/nfs/users/wuqianqian/IPOI/dataset/2022/03660_18-11-2022_３６０數科－Ｓ_全球發售.pdf,03660_18-11-2022_３６０數科－Ｓ_全球發售.pdf,03660,超长篇(≥500页)
True,False,893,6.81,True,101,False,,/nfs/users/wuqianqian/IPOI/dataset/2022/03931_23-09-2022_中創新航_全球發售.pdf,03931_23-09-2022_中創新航_全球發售.pdf,03931,超长篇(≥500页)
True,False,277,2.27,True,1089,False,,/nfs/users/wuqianqian/IPOI/dataset/2022/04801_09-09-2022_INTERRA ACQ Z25_發售A類股份及上市認股權證.pdf,04801_09-09-2022_INTERRA ACQ Z25_發售A類股份及上市認股權證.pdf,04801,中篇(100-299页)
True,False,355,2.62,True,1151,False,,/nfs/users/wuqianqian/IPOI/dataset/2022/04841_09-08-2022_匯德收購Ｚ２５_透過特殊目的收購公司發售於香港聯合交易所有限公司主板上市.pdf,04841_09-08-2022_匯德收購Ｚ２５_透過特殊目的收購公司發售於香港聯合交易所有限公司主板上市.pdf,04841,长篇(300-499页)
True,False,772,14.38,False,0,True,,/nfs/users/wuqianqian/IPOI/dataset/2022/06610_29-09-2022_飛天雲動_全球發售.pdf,06610_29-09-2022_飛天雲動_全球發售.pdf,06610,超长篇(≥500页)
True,False,657,7.94,True,162,False,,/nfs/users/wuqianqian/IPOI/dataset/2022/06639_09-03-2022_瑞爾集團_全球發售.pdf,06639_09-03-2022_瑞爾集團_全球發售.pdf,06639,超长篇(≥500页)
True,False,614,7.21,False,0,True,,/nfs/users/wuqianqian/IPOI/dataset/2022/06660_23-09-2022_艾美疫苗_全球發售.pdf,06660_23-09-2022_艾美疫苗_全球發售.pdf,06660,超长篇(≥500页)
True,False,620,4.5,True,75,False,,/nfs/users/wuqianqian/IPOI/dataset/2022/06661_29-06-2022_湖州燃氣_全球發售.pdf,06661_29-06-2022_湖州燃氣_全球發售.pdf,06661,超长篇(≥500页)
True,False,692,18.05,False,0,True,,/nfs/users/wuqianqian/IPOI/dataset/2022/06667_10-06-2022_美因基因_全球發售.pdf,06667_10-06-2022_美因基因_全球發售.pdf,06667,超长篇(≥500页)
True,False,635,5.92,True,178,False,,/nfs/users/wuqianqian/IPOI/dataset/2022/06678_22-09-2022_百德醫療_全球發售.pdf,06678_22-09-2022_百德醫療_全球發售.pdf,06678,超长篇(≥500页)
True,False,509,4.52,True,239,False,,/nfs/users/wuqianqian/IPOI/dataset/2022/06686_29-06-2022_諾亞控股－Ｓ_全球發售.pdf,06686_29-06-2022_諾亞控股－Ｓ_全球發售.pdf,06686,超长篇(≥500页)
True,False,679,9.71,True,169,False,,/nfs/users/wuqianqian/IPOI/dataset/2022/06689_24-08-2022_洪九果品_全球發售.pdf,06689_24-08-2022_洪九果品_全球發售.pdf,06689,超长篇(≥500页)
True,False,634,8.43,True,104,False,,/nfs/users/wuqianqian/IPOI/dataset/2022/06696_28-10-2022_多想雲_全球發售.pdf,06696_28-10-2022_多想雲_全球發售.pdf,06696,超长篇(≥500页)
True,False,729,22.4,True,107,False,,/nfs/users/wuqianqian/IPOI/dataset/2022/06698_15-12-2022_星空華文_全球發售.pdf,06698_15-12-2022_星空華文_全球發售.pdf,06698,超长篇(≥500页)
True,False,644,9.34,True,181,False,,/nfs/users/wuqianqian/IPOI/dataset/2022/06922_16-12-2022_康灃生物－Ｂ_全球發售.pdf,06922_16-12-2022_康灃生物－Ｂ_全球發售.pdf,06922,超长篇(≥500页)
True,False,709,19.34,True,137,False,,/nfs/users/wuqianqian/IPOI/dataset/2022/06929_13-12-2022_業聚醫療_全球發售.pdf,06929_13-12-2022_業聚醫療_全球發售.pdf,06929,超长篇(≥500页)
True,False,855,11.54,True,128,False,,/nfs/users/wuqianqian/IPOI/dataset/2022/06955_19-12-2022_博安生物－Ｂ_全球發售.pdf,06955_19-12-2022_博安生物－Ｂ_全球發售.pdf,06955,超长篇(≥500页)
True,False,858,8.29,True,161,False,,/nfs/users/wuqianqian/IPOI/dataset/2022/06963_30-11-2022_陽光保險_全球發售.pdf,06963_30-11-2022_陽光保險_全球發售.pdf,06963,超长篇(≥500页)
True,False,277,2.27,True,1089,False,,/nfs/users/wuqianqian/IPOI/dataset/2022/07801_09-09-2022_INTERRA ACQ-Z_發售A類股份及上市認股權證.pdf,07801_09-09-2022_INTERRA ACQ-Z_發售A類股份及上市認股權證.pdf,07801,中篇(100-299页)
True,False,355,2.62,True,1151,False,,/nfs/users/wuqianqian/IPOI/dataset/2022/07841_09-08-2022_匯德收購－Ｚ_透過特殊目的收購公司發售於香港聯合交易所有限公司主板上市.pdf,07841_09-08-2022_匯德收購－Ｚ_透過特殊目的收購公司發售於香港聯合交易所有限公司主板上市.pdf,07841,长篇(300-499页)
True,False,708,14.77,True,92,False,,/nfs/users/wuqianqian/IPOI/dataset/2022/09638_22-03-2022_法拉帝_全球發售.pdf,09638_22-03-2022_法拉帝_全球發售.pdf,09638,超长篇(≥500页)
True,False,852,63.44,True,145,False,,/nfs/users/wuqianqian/IPOI/dataset/2022/09696_30-06-2022_天齊鋰業_全球發售.pdf,09696_30-06-2022_天齊鋰業_全球發售.pdf,09696,超长篇(≥500页)
True,False,718,5.99,True,92,False,,/nfs/users/wuqianqian/IPOI/dataset/2022/09857_29-07-2022_檸萌影視_全球發售.pdf,09857_29-07-2022_檸萌影視_全球發售.pdf,09857,超长篇(≥500页)
True,False,740,6.36,False,0,True,,/nfs/users/wuqianqian/IPOI/dataset/2022/09863_20-09-2022_零跑汽車_全球發售.pdf,09863_20-09-2022_零跑汽車_全球發售.pdf,09863,超长篇(≥500页)
True,False,563,8.31,True,169,False,,/nfs/users/wuqianqian/IPOI/dataset/2022/09877_23-09-2022_健世科技－Ｂ_全球發售.pdf,09877_23-09-2022_健世科技－Ｂ_全球發售.pdf,09877,超长篇(≥500页)
True,False,693,7.67,True,154,False,,/nfs/users/wuqianqian/IPOI/dataset/2022/09878_31-01-2022_匯通達網絡_全球發售.pdf,09878_31-01-2022_匯通達網絡_全球發售.pdf,09878,超长篇(≥500页)
True,False,619,9.25,True,140,False,,/nfs/users/wuqianqian/IPOI/dataset/2022/09886_01-09-2022_叮噹健康_全球發售.pdf,09886_01-09-2022_叮噹健康_全球發售.pdf,09886,超长篇(≥500页)
True,False,675,33.89,True,122,False,,/nfs/users/wuqianqian/IPOI/dataset/2022/09896_30-06-2022_名創優品_全球發售.pdf,09896_30-06-2022_名創優品_全球發售.pdf,09896,超长篇(≥500页)
True,False,711,56.72,True,136,False,,/nfs/users/wuqianqian/IPOI/dataset/2022/09955_23-06-2022_智雲健康_全球發售.pdf,09955_23-06-2022_智雲健康_全球發售.pdf,09955,超长篇(≥500页)
True,False,523,14.47,True,84,False,,/nfs/users/wuqianqian/IPOI/dataset/2022/09985_05-12-2022_衛龍_全球發售.pdf,09985_05-12-2022_衛龍_全球發售.pdf,09985,超长篇(≥500页)
True,False,759,10.27,True,140,False,,/nfs/users/wuqianqian/IPOI/dataset/2023/00666_08-12-2023_瑞浦蘭鈞_全球發售.pdf,00666_08-12-2023_瑞浦蘭鈞_全球發售.pdf,00666,超长篇(≥500页)
True,False,642,6.75,True,177,False,,/nfs/users/wuqianqian/IPOI/dataset/2023/01111_31-10-2023_華視集團控股_全球發售.pdf,01111_31-10-2023_華視集團控股_全球發售.pdf,01111,超长篇(≥500页)
True,False,676,9.34,True,138,False,,/nfs/users/wuqianqian/IPOI/dataset/2023/01274_12-12-2023_知行汽車科技_全球發售.pdf,01274_12-12-2023_知行汽車科技_全球發售.pdf,01274,超长篇(≥500页)
True,False,480,6.65,True,114,False,,/nfs/users/wuqianqian/IPOI/dataset/2023/01284_30-06-2023_新傳企劃_股份發售.pdf,01284_30-06-2023_新傳企劃_股份發售.pdf,01284,长篇(300-499页)
True,False,608,32.3,True,108,False,,/nfs/users/wuqianqian/IPOI/dataset/2023/01405_16-03-2023_達勢股份_全球發售.pdf,01405_16-03-2023_達勢股份_全球發售.pdf,01405,超长篇(≥500页)
True,False,484,19.66,True,161,False,,/nfs/users/wuqianqian/IPOI/dataset/2023/01497_30-11-2023_燕之屋_全球發售.pdf,01497_30-11-2023_燕之屋_全球發售.pdf,01497,长篇(300-499页)
True,False,732,11.51,True,204,False,,/nfs/users/wuqianqian/IPOI/dataset/2023/01519_16-10-2023_極兔速遞－Ｗ_全球發售.pdf,01519_16-10-2023_極兔速遞－Ｗ_全球發售.pdf,01519,超长篇(≥500页)
True,False,570,11.59,True,156,False,,/nfs/users/wuqianqian/IPOI/dataset/2023/01541_24-08-2023_宜明昂科－Ｂ_全球發售.pdf,01541_24-08-2023_宜明昂科－Ｂ_全球發售.pdf,01541,超长篇(≥500页)
True,False,820,6.92,True,156,False,,/nfs/users/wuqianqian/IPOI/dataset/2023/01973_25-09-2023_天圖投資_全球發售.pdf,01973_25-09-2023_天圖投資_全球發售.pdf,01973,超长篇(≥500页)
True,False,592,8.11,True,116,False,,/nfs/users/wuqianqian/IPOI/dataset/2023/02105_16-06-2023_來凱醫藥－Ｂ_全球發售.pdf,02105_16-06-2023_來凱醫藥－Ｂ_全球發售.pdf,02105,超长篇(≥500页)
True,False,551,7.27,True,157,False,,/nfs/users/wuqianqian/IPOI/dataset/2023/02149_18-12-2023_貝克微_全球發售.pdf,02149_18-12-2023_貝克微_全球發售.pdf,02149,超长篇(≥500页)
True,False,598,7.26,True,146,False,,/nfs/users/wuqianqian/IPOI/dataset/2023/02268_07-11-2023_藥明合聯_全球發售.pdf,02268_07-11-2023_藥明合聯_全球發售.pdf,02268,超长篇(≥500页)
True,False,654,3.89,True,147,False,,/nfs/users/wuqianqian/IPOI/dataset/2023/02271_30-06-2023_眾安智慧生活_全球發售.pdf,02271_30-06-2023_眾安智慧生活_全球發售.pdf,02271,超长篇(≥500页)
True,False,552,3.98,True,147,False,,/nfs/users/wuqianqian/IPOI/dataset/2023/02405_21-03-2023_力盟科技_全球發售.pdf,02405_21-03-2023_力盟科技_全球發售.pdf,02405,超长篇(≥500页)
True,False,746,8.39,True,189,False,,/nfs/users/wuqianqian/IPOI/dataset/2023/02409_14-03-2023_洲際船務_全球發售.pdf,02409_14-03-2023_洲際船務_全球發售.pdf,02409,超长篇(≥500页)
True,False,690,13.24,True,146,False,,/nfs/users/wuqianqian/IPOI/dataset/2023/02415_17-04-2023_梅斯健康_全球發售.pdf,02415_17-04-2023_梅斯健康_全球發售.pdf,02415,超长篇(≥500页)
True,False,549,6.59,False,24,True,,/nfs/users/wuqianqian/IPOI/dataset/2023/02416_15-05-2023_易點雲_全球發售.pdf,02416_15-05-2023_易點雲_全球發售.pdf,02416,超长篇(≥500页)
True,False,726,10.96,True,138,False,,/nfs/users/wuqianqian/IPOI/dataset/2023/02419_27-11-2023_德康農牧_全球發售.pdf,02419_27-11-2023_德康農牧_全球發售.pdf,02419,超长篇(≥500页)
True,False,746,11.26,True,182,False,,/nfs/users/wuqianqian/IPOI/dataset/2023/02429_24-10-2023_友寶在線_全球發售.pdf,02429_24-10-2023_友寶在線_全球發售.pdf,02429,超长篇(≥500页)
True,False,785,34.14,True,145,False,,/nfs/users/wuqianqian/IPOI/dataset/2023/02433_20-03-2023_中天湖南集團_全球發售.pdf,02433_20-03-2023_中天湖南集團_全球發售.pdf,02433,超长篇(≥500页)
True,False,690,44.89,True,170,False,,/nfs/users/wuqianqian/IPOI/dataset/2023/02439_21-03-2023_中寶新材_全球發售.pdf,02439_21-03-2023_中寶新材_全球發售.pdf,02439,超长篇(≥500页)
True,False,537,4.48,True,122,False,,/nfs/users/wuqianqian/IPOI/dataset/2023/02442_25-04-2023_怡俊集團控股_股份發售.pdf,02442_25-04-2023_怡俊集團控股_股份發售.pdf,02442,超长篇(≥500页)
True,False,685,8.13,True,147,False,,/nfs/users/wuqianqian/IPOI/dataset/2023/02451_28-09-2023_綠源集團控股_全球發售.pdf,02451_28-09-2023_綠源集團控股_全球發售.pdf,02451,超长篇(≥500页)
True,False,528,11.75,True,186,False,,/nfs/users/wuqianqian/IPOI/dataset/2023/02453_29-12-2023_美中嘉和_全球發售.pdf,02453_29-12-2023_美中嘉和_全球發售.pdf,02453,超长篇(≥500页)
True,False,682,9.04,True,79,False,,/nfs/users/wuqianqian/IPOI/dataset/2023/02473_30-10-2023_喜相逢集團_全球發售.pdf,02473_30-10-2023_喜相逢集團_全球發售.pdf,02473,超长篇(≥500页)
True,False,598,5.72,True,124,False,,/nfs/users/wuqianqian/IPOI/dataset/2023/02477_28-12-2023_經緯天地_股份發售.pdf,02477_28-12-2023_經緯天地_股份發售.pdf,02477,超长篇(≥500页)
True,False,614,8.18,True,128,False,,/nfs/users/wuqianqian/IPOI/dataset/2023/02480_25-04-2023_綠竹生物－Ｂ_全球發售.pdf,02480_25-04-2023_綠竹生物－Ｂ_全球發售.pdf,02480,超长篇(≥500页)
True,False,824,6.46,True,131,False,,/nfs/users/wuqianqian/IPOI/dataset/2023/02481_28-06-2023_慧居科技_全球發售.pdf,02481_28-06-2023_慧居科技_全球發售.pdf,02481,超长篇(≥500页)
True,False,709,9.95,True,121,False,,/nfs/users/wuqianqian/IPOI/dataset/2023/02482_27-02-2023_維天運通_全球發售.pdf,02482_27-02-2023_維天運通_全球發售.pdf,02482,超长篇(≥500页)
True,False,465,7.1,True,113,False,,/nfs/users/wuqianqian/IPOI/dataset/2023/02483_27-11-2023_Ｋ ＣＡＳＨ集團_全球發售.pdf,02483_27-11-2023_Ｋ ＣＡＳＨ集團_全球發售.pdf,02483,长篇(300-499页)
True,False,611,9.74,True,158,False,,/nfs/users/wuqianqian/IPOI/dataset/2023/02486_28-04-2023_普樂師集團控股_全球發售.pdf,02486_28-04-2023_普樂師集團控股_全球發售.pdf,02486,超长篇(≥500页)
True,False,643,32.8,True,169,False,,/nfs/users/wuqianqian/IPOI/dataset/2023/02487_31-05-2023_科笛－Ｂ_全球發售.pdf,02487_31-05-2023_科笛－Ｂ_全球發售.pdf,02487,超长篇(≥500页)
True,False,866,35.24,True,109,False,,/nfs/users/wuqianqian/IPOI/dataset/2023/02489_14-12-2023_集海資源_全球發售.pdf,02489_14-12-2023_集海資源_全球發售.pdf,02489,超长篇(≥500页)
True,False,643,11.85,True,114,False,,/nfs/users/wuqianqian/IPOI/dataset/2023/02490_13-09-2023_樂艙物流_全球發售.pdf,02490_13-09-2023_樂艙物流_全球發售.pdf,02490,超长篇(≥500页)
True,False,802,20.27,False,0,True,,/nfs/users/wuqianqian/IPOI/dataset/2023/02496_13-09-2023_友芝友生物－Ｂ_全球發售.pdf,02496_13-09-2023_友芝友生物－Ｂ_全球發售.pdf,02496,超长篇(≥500页)
True,False,575,8.79,True,166,False,,/nfs/users/wuqianqian/IPOI/dataset/2023/02498_27-12-2023_速騰聚創_全球發售.pdf,02498_27-12-2023_速騰聚創_全球發售.pdf,02498,超长篇(≥500页)
True,False,589,6.89,True,129,False,,/nfs/users/wuqianqian/IPOI/dataset/2023/02499_31-10-2023_佛朗斯股份_全球發售.pdf,02499_31-10-2023_佛朗斯股份_全球發售.pdf,02499,超长篇(≥500页)
True,False,662,36.77,False,0,True,,/nfs/users/wuqianqian/IPOI/dataset/2023/02501_28-09-2023_邁越科技_全球發售.pdf,02501_28-09-2023_邁越科技_全球發售.pdf,02501,超长篇(≥500页)
True,False,661,9.06,True,197,False,,/nfs/users/wuqianqian/IPOI/dataset/2023/02502_12-12-2023_金源氫化_全球發售.pdf,02502_12-12-2023_金源氫化_全球發售.pdf,02502,超长篇(≥500页)
True,False,522,3.8,True,119,False,,/nfs/users/wuqianqian/IPOI/dataset/2023/02503_28-12-2023_中深建業_股份發售.pdf,02503_28-12-2023_中深建業_股份發售.pdf,02503,超长篇(≥500页)
True,False,636,9.12,True,91,False,,/nfs/users/wuqianqian/IPOI/dataset/2023/02511_14-12-2023_君聖泰醫藥－Ｂ_全球發售.pdf,02511_14-12-2023_君聖泰醫藥－Ｂ_全球發售.pdf,02511,超长篇(≥500页)
True,False,646,22.58,False,0,True,,/nfs/users/wuqianqian/IPOI/dataset/2023/02516_12-12-2023_泛遠國際_股份發售.pdf,02516_12-12-2023_泛遠國際_股份發售.pdf,02516,超长篇(≥500页)
True,False,567,16.34,True,162,False,,/nfs/users/wuqianqian/IPOI/dataset/2023/02517_20-10-2023_鍋圈_全球發售.pdf,02517_20-10-2023_鍋圈_全球發售.pdf,02517,超长篇(≥500页)
True,False,908,6.97,True,99,False,,/nfs/users/wuqianqian/IPOI/dataset/2023/02520_10-11-2023_山西安裝_全球發售.pdf,02520_10-11-2023_山西安裝_全球發售.pdf,02520,超长篇(≥500页)
True,False,568,7.53,True,152,False,,/nfs/users/wuqianqian/IPOI/dataset/2023/02521_27-11-2023_升輝清潔_股份發售.pdf,02521_27-11-2023_升輝清潔_股份發售.pdf,02521,超长篇(≥500页)
True,False,536,41.63,True,87,False,,/nfs/users/wuqianqian/IPOI/dataset/2023/03650_30-06-2023_KEEP_全球發售.pdf,03650_30-06-2023_KEEP_全球發售.pdf,03650,超长篇(≥500页)
True,False,624,9.67,True,192,False,,/nfs/users/wuqianqian/IPOI/dataset/2023/06682_18-09-2023_第四範式_全球發售.pdf,06682_18-09-2023_第四範式_全球發售.pdf,06682,超长篇(≥500页)
True,False,772,10.53,True,80,False,,/nfs/users/wuqianqian/IPOI/dataset/2023/06683_30-06-2023_巨星傳奇_全球發售.pdf,06683_30-06-2023_巨星傳奇_全球發售.pdf,06683,超长篇(≥500页)
True,False,555,17.26,True,163,False,,/nfs/users/wuqianqian/IPOI/dataset/2023/06911_14-12-2023_瀾滄古茶_全球發售.pdf,06911_14-12-2023_瀾滄古茶_全球發售.pdf,06911,超长篇(≥500页)
True,False,516,9.37,True,122,False,,/nfs/users/wuqianqian/IPOI/dataset/2023/06959_29-12-2023_長久股份_全球發售.pdf,06959_29-12-2023_長久股份_全球發售.pdf,06959,超长篇(≥500页)
True,False,506,49.4,True,61,False,,/nfs/users/wuqianqian/IPOI/dataset/2023/06979_17-04-2023_珍酒李渡_全球發售.pdf,06979_17-04-2023_珍酒李渡_全球發售.pdf,06979,超长篇(≥500页)
True,False,769,13.74,True,182,False,,/nfs/users/wuqianqian/IPOI/dataset/2023/06990_29-06-2023_科倫博泰生物－Ｂ_全球發售.pdf,06990_29-06-2023_科倫博泰生物－Ｂ_全球發售.pdf,06990,超长篇(≥500页)
True,False,632,8.44,False,15,True,,/nfs/users/wuqianqian/IPOI/dataset/2023/09636_28-02-2023_九方財富_全球發售.pdf,09636_28-02-2023_九方財富_全球發售.pdf,09636,超长篇(≥500页)
True,False,770,8.66,True,178,False,,/nfs/users/wuqianqian/IPOI/dataset/2023/09663_27-11-2023_國鴻氫能_全球發售.pdf,09663_27-11-2023_國鴻氫能_全球發售.pdf,09663,超长篇(≥500页)
True,False,585,48.75,True,141,False,,/nfs/users/wuqianqian/IPOI/dataset/2023/09669_30-03-2023_北森控股_全球發售.pdf,09669_30-03-2023_北森控股_全球發售.pdf,09669,超长篇(≥500页)
True,False,597,10.44,True,112,False,,/nfs/users/wuqianqian/IPOI/dataset/2023/09676_28-09-2023_十月稻田_全球發售.pdf,09676_28-09-2023_十月稻田_全球發售.pdf,09676,超长篇(≥500页)
True,False,697,7.16,True,150,False,,/nfs/users/wuqianqian/IPOI/dataset/2023/09686_18-09-2023_東軟熙康_全球發售.pdf,09686_18-09-2023_東軟熙康_全球發售.pdf,09686,超长篇(≥500页)
True,False,768,58.21,True,154,False,,/nfs/users/wuqianqian/IPOI/dataset/2023/09690_14-09-2023_途虎－Ｗ_全球發售.pdf,09690_14-09-2023_途虎－Ｗ_全球發售.pdf,09690,超长篇(≥500页)
True,False,501,8.52,True,143,False,,/nfs/users/wuqianqian/IPOI/dataset/2023/09860_19-06-2023_艾迪康控股_全球發售.pdf,09860_19-06-2023_艾迪康控股_全球發售.pdf,09860,超长篇(≥500页)
True,False,776,29.76,True,144,False,,/nfs/users/wuqianqian/IPOI/dataset/2023/09880_19-12-2023_優必選_全球發售.pdf,09880_19-12-2023_優必選_全球發售.pdf,09880,超长篇(≥500页)
True,False,516,47.78,True,113,False,,/nfs/users/wuqianqian/IPOI/dataset/2023/09885_15-06-2023_藥師幫_全球發售.pdf,09885_15-06-2023_藥師幫_全球發售.pdf,09885,超长篇(≥500页)
True,False,713,7.77,True,75,False,,/nfs/users/wuqianqian/IPOI/dataset/2023/09890_18-09-2023_中旭未來_全球發售.pdf,09890_18-09-2023_中旭未來_全球發售.pdf,09890,超长篇(≥500页)
True,False,657,7.56,True,192,False,,/nfs/users/wuqianqian/IPOI/dataset/2023/09930_12-05-2023_宏信建發_全球發售.pdf,09930_12-05-2023_宏信建發_全球發售.pdf,09930,超长篇(≥500页)
True,False,741,8.41,True,146,False,,/nfs/users/wuqianqian/IPOI/dataset/2024/00300_09-09-2024_美的集團_全球發售.pdf,00300_09-09-2024_美的集團_全球發售.pdf,00300,超长篇(≥500页)
True,False,538,22.39,True,107,False,,/nfs/users/wuqianqian/IPOI/dataset/2024/00325_31-12-2024_布魯可_全球發售.pdf,00325_31-12-2024_布魯可_全球發售.pdf,00325,超长篇(≥500页)
True,False,554,14.24,True,203,False,,/nfs/users/wuqianqian/IPOI/dataset/2024/00805_31-12-2024_新吉奧房車_全球發售.pdf,00805_31-12-2024_新吉奧房車_全球發售.pdf,00805,超长篇(≥500页)
True,False,634,11.55,True,90,False,,/nfs/users/wuqianqian/IPOI/dataset/2024/00917_17-05-2024_趣致集團_全球發售.pdf,00917_17-05-2024_趣致集團_全球發售.pdf,00917,超长篇(≥500页)
True,False,475,7.77,True,149,False,,/nfs/users/wuqianqian/IPOI/dataset/2024/00999_12-12-2024_小菜園_全球發售.pdf,00999_12-12-2024_小菜園_全球發售.pdf,00999,长篇(300-499页)
True,False,617,7.57,True,144,False,,/nfs/users/wuqianqian/IPOI/dataset/2024/01318_02-12-2024_毛戈平_全球發售.pdf,01318_02-12-2024_毛戈平_全球發售.pdf,01318,超长篇(≥500页)
True,False,519,9.97,True,135,False,,/nfs/users/wuqianqian/IPOI/dataset/2024/01334_28-06-2024_瑞昌國際控股_全球發售.pdf,01334_28-06-2024_瑞昌國際控股_全球發售.pdf,01334,超长篇(≥500页)
True,False,562,3.05,True,133,False,,/nfs/users/wuqianqian/IPOI/dataset/2024/01354_24-06-2024_經發物業_全球發售.pdf,01354_24-06-2024_經發物業_全球發售.pdf,01354,超长篇(≥500页)
True,False,584,8.96,True,246,False,,/nfs/users/wuqianqian/IPOI/dataset/2024/01471_29-07-2024_眾淼控股_全球發售.pdf,01471_29-07-2024_眾淼控股_全球發售.pdf,01471,超长篇(≥500页)
True,False,847,14.4,False,0,True,,/nfs/users/wuqianqian/IPOI/dataset/2024/02228_04-06-2024_QUANTUMPH-P_全球發售.pdf,02228_04-06-2024_QUANTUMPH-P_全球發售.pdf,02228,超长篇(≥500页)
True,False,706,7.31,True,153,False,,/nfs/users/wuqianqian/IPOI/dataset/2024/02410_12-08-2024_同源康醫藥－Ｂ_全球發售.pdf,02410_12-08-2024_同源康醫藥－Ｂ_全球發售.pdf,02410,超长篇(≥500页)
True,False,694,7.69,True,171,False,,/nfs/users/wuqianqian/IPOI/dataset/2024/02431_17-12-2024_佑駕創新_全球發售.pdf,02431_17-12-2024_佑駕創新_全球發售.pdf,02431,超长篇(≥500页)
True,False,524,7.77,True,134,False,,/nfs/users/wuqianqian/IPOI/dataset/2024/02432_13-12-2024_越疆_全球發售.pdf,02432_13-12-2024_越疆_全球發售.pdf,02432,超长篇(≥500页)
True,False,743,19.91,True,147,False,,/nfs/users/wuqianqian/IPOI/dataset/2024/02438_16-04-2024_出門問問_全球發售.pdf,02438_16-04-2024_出門問問_全球發售.pdf,02438,超长篇(≥500页)
True,False,622,12.14,True,84,False,,/nfs/users/wuqianqian/IPOI/dataset/2024/02443_23-05-2024_汽車街_全球發售.pdf,02443_23-05-2024_汽車街_全球發售.pdf,02443,超长篇(≥500页)
True,False,579,8.11,True,75,False,,/nfs/users/wuqianqian/IPOI/dataset/2024/02460_15-10-2024_華潤飲料_全球發售.pdf,02460_15-10-2024_華潤飲料_全球發售.pdf,02460,超长篇(≥500页)
True,False,830,12.14,True,134,False,,/nfs/users/wuqianqian/IPOI/dataset/2024/02465_22-10-2024_龍蟠科技_全球發售.pdf,02465_22-10-2024_龍蟠科技_全球發售.pdf,02465,超长篇(≥500页)
True,False,619,11.97,True,137,False,,/nfs/users/wuqianqian/IPOI/dataset/2024/02479_20-06-2024_天聚地合_全球發售.pdf,02479_20-06-2024_天聚地合_全球發售.pdf,02479,超长篇(≥500页)
True,False,729,15.39,True,230,False,,/nfs/users/wuqianqian/IPOI/dataset/2024/02495_28-06-2024_聲通科技_全球發售.pdf,02495_28-06-2024_聲通科技_全球發售.pdf,02495,超长篇(≥500页)
True,False,590,19.31,True,146,False,,/nfs/users/wuqianqian/IPOI/dataset/2024/02497_20-03-2024_富景中國控股_股份發售.pdf,02497_20-03-2024_富景中國控股_股份發售.pdf,02497,超长篇(≥500页)
True,False,799,6.29,True,134,False,,/nfs/users/wuqianqian/IPOI/dataset/2024/02505_19-05-2024_ＥＤＡ集團控股_全球發售.pdf,02505_19-05-2024_ＥＤＡ集團控股_全球發售.pdf,02505,超长篇(≥500页)
True,False,740,13.42,True,149,False,,/nfs/users/wuqianqian/IPOI/dataset/2024/02506_18-12-2024_訊飛醫療科技_全球發售.pdf,02506_18-12-2024_訊飛醫療科技_全球發售.pdf,02506,超长篇(≥500页)
True,False,648,19.04,True,147,False,,/nfs/users/wuqianqian/IPOI/dataset/2024/02507_28-06-2024_西銳_全球發售.pdf,02507_28-06-2024_西銳_全球發售.pdf,02507,超长篇(≥500页)
True,False,742,14.41,True,168,False,,/nfs/users/wuqianqian/IPOI/dataset/2024/02509_12-03-2024_荃信生物－Ｂ_全球發售.pdf,02509_12-03-2024_荃信生物－Ｂ_全球發售.pdf,02509,超长篇(≥500页)
True,False,625,4.87,True,93,False,,/nfs/users/wuqianqian/IPOI/dataset/2024/02510_24-10-2024_德翔海運_全球發售.pdf,02510_24-10-2024_德翔海運_全球發售.pdf,02510,超长篇(≥500页)
True,False,614,10.28,True,64,False,,/nfs/users/wuqianqian/IPOI/dataset/2024/02512_05-06-2024_雲工場_全球發售.pdf,02512_05-06-2024_雲工場_全球發售.pdf,02512,超长篇(≥500页)
True,False,594,7.79,True,135,False,,/nfs/users/wuqianqian/IPOI/dataset/2024/02515_15-04-2024_天津建發_全球發售.pdf,02515_15-04-2024_天津建發_全球發售.pdf,02515,超长篇(≥500页)
True,False,599,6.56,True,189,False,,/nfs/users/wuqianqian/IPOI/dataset/2024/02519_31-10-2024_傲基股份_全球發售.pdf,02519_31-10-2024_傲基股份_全球發售.pdf,02519,超长篇(≥500页)
True,False,788,7.18,True,147,False,,/nfs/users/wuqianqian/IPOI/dataset/2024/02522_30-05-2024_一脈陽光_全球發售.pdf,02522_30-05-2024_一脈陽光_全球發售.pdf,02522,超长篇(≥500页)
True,False,697,9.82,False,0,True,,/nfs/users/wuqianqian/IPOI/dataset/2024/02529_08-05-2024_泓盈城市服務_全球發售.pdf,02529_08-05-2024_泓盈城市服務_全球發售.pdf,02529,超长篇(≥500页)
True,False,600,7.95,True,143,False,,/nfs/users/wuqianqian/IPOI/dataset/2024/02530_30-12-2024_紐曼思_全球發售.pdf,02530_30-12-2024_紐曼思_全球發售.pdf,02530,超长篇(≥500页)
True,False,703,9.75,False,0,True,,/nfs/users/wuqianqian/IPOI/dataset/2024/02531_28-06-2024_廣聯科技控股_全球發售.pdf,02531_28-06-2024_廣聯科技控股_全球發售.pdf,02531,超长篇(≥500页)
True,False,650,15.14,True,212,False,,/nfs/users/wuqianqian/IPOI/dataset/2024/02533_31-07-2024_黑芝麻智能_全球發售.pdf,02533_31-07-2024_黑芝麻智能_全球發售.pdf,02533,超长篇(≥500页)
True,False,530,46.01,True,122,False,,/nfs/users/wuqianqian/IPOI/dataset/2024/02535_29-02-2024_泓基集團_股份發售.pdf,02535_29-02-2024_泓基集團_股份發售.pdf,02535,超长篇(≥500页)
True,False,614,28.44,True,146,False,,/nfs/users/wuqianqian/IPOI/dataset/2024/02536_18-03-2024_百樂皇宮_全球發售.pdf,02536_18-03-2024_百樂皇宮_全球發售.pdf,02536,超长篇(≥500页)
True,False,513,11.74,False,0,True,,/nfs/users/wuqianqian/IPOI/dataset/2024/02540_29-02-2024_樂思集團_全球發售.pdf,02540_29-02-2024_樂思集團_全球發售.pdf,02540,超长篇(≥500页)
True,False,596,12.22,False,0,True,,/nfs/users/wuqianqian/IPOI/dataset/2024/02545_21-06-2024_中贛通信_全球發售.pdf,02545_21-06-2024_中贛通信_全球發售.pdf,02545,超长篇(≥500页)
True,False,704,7.39,True,103,False,,/nfs/users/wuqianqian/IPOI/dataset/2024/02549_23-09-2024_卡羅特_全球發售.pdf,02549_23-09-2024_卡羅特_全球發售.pdf,02549,超长篇(≥500页)
True,False,655,3.99,True,169,False,,/nfs/users/wuqianqian/IPOI/dataset/2024/02550_30-05-2024_宜搜科技_全球發售.pdf,02550_30-05-2024_宜搜科技_全球發售.pdf,02550,超长篇(≥500页)
True,False,760,15.08,True,153,False,,/nfs/users/wuqianqian/IPOI/dataset/2024/02551_31-10-2024_晶科電子股份_全球發售.pdf,02551_31-10-2024_晶科電子股份_全球發售.pdf,02551,超长篇(≥500页)
True,False,573,6.34,True,150,False,,/nfs/users/wuqianqian/IPOI/dataset/2024/02555_15-04-2024_茶百道_全球發售.pdf,02555_15-04-2024_茶百道_全球發售.pdf,02555,超长篇(≥500页)
True,False,674,8.26,True,139,False,,/nfs/users/wuqianqian/IPOI/dataset/2024/02556_07-05-2024_邁富時_全球發售.pdf,02556_07-05-2024_邁富時_全球發售.pdf,02556,超长篇(≥500页)
True,False,592,10.15,True,132,False,,/nfs/users/wuqianqian/IPOI/dataset/2024/02559_20-06-2024_嘀嗒出行_全球發售.pdf,02559_20-06-2024_嘀嗒出行_全球發售.pdf,02559,超长篇(≥500页)
True,False,676,8.93,True,155,False,,/nfs/users/wuqianqian/IPOI/dataset/2024/02560_31-12-2024_海螺材料科技_全球發售.pdf,02560_31-12-2024_海螺材料科技_全球發售.pdf,02560,超长篇(≥500页)
True,False,710,9.15,True,135,False,,/nfs/users/wuqianqian/IPOI/dataset/2024/02563_23-10-2024_華昊中天醫藥－Ｂ_全球發售.pdf,02563_23-10-2024_華昊中天醫藥－Ｂ_全球發售.pdf,02563,超长篇(≥500页)
True,False,815,10.32,False,0,True,,/nfs/users/wuqianqian/IPOI/dataset/2024/02566_20-11-2024_九源基因_全球發售.pdf,02566_20-11-2024_九源基因_全球發售.pdf,02566,超长篇(≥500页)
True,False,666,6.91,False,0,True,,/nfs/users/wuqianqian/IPOI/dataset/2024/02567_30-09-2024_七牛智能_全球發售.pdf,02567_30-09-2024_七牛智能_全球發售.pdf,02567,超长篇(≥500页)
True,False,774,14.57,False,0,True,,/nfs/users/wuqianqian/IPOI/dataset/2024/02570_28-11-2024_重塑能源_全球發售.pdf,02570_28-11-2024_重塑能源_全球發售.pdf,02570,超长篇(≥500页)
True,False,762,9.71,True,148,False,,/nfs/users/wuqianqian/IPOI/dataset/2024/02571_31-12-2024_賽目科技_全球發售.pdf,02571_31-12-2024_賽目科技_全球發售.pdf,02571,超长篇(≥500页)
True,False,678,8.89,True,149,False,,/nfs/users/wuqianqian/IPOI/dataset/2024/02576_27-09-2024_太美醫療科技_全球發售.pdf,02576_27-09-2024_太美醫療科技_全球發售.pdf,02576,超长篇(≥500页)
True,False,677,9.11,True,221,False,,/nfs/users/wuqianqian/IPOI/dataset/2024/02577_18-12-2024_英諾賽科_全球發售.pdf,02577_18-12-2024_英諾賽科_全球發售.pdf,02577,超长篇(≥500页)
True,False,764,10.44,True,139,False,,/nfs/users/wuqianqian/IPOI/dataset/2024/02582_07-11-2024_國富氫能_全球發售.pdf,02582_07-11-2024_國富氫能_全球發售.pdf,02582,超长篇(≥500页)
True,False,778,6.65,True,130,False,,/nfs/users/wuqianqian/IPOI/dataset/2024/02585_21-11-2024_夢金園_全球發售.pdf,02585_21-11-2024_夢金園_全球發售.pdf,02585,超长篇(≥500页)
True,False,649,17.93,True,1396,False,,/nfs/users/wuqianqian/IPOI/dataset/2024/02586_28-11-2024_多點數智_全球發售.pdf,02586_28-11-2024_多點數智_全球發售.pdf,02586,超长篇(≥500页)
True,False,700,14.55,True,96,False,,/nfs/users/wuqianqian/IPOI/dataset/2024/02587_18-12-2024_健康之路_全球發售.pdf,02587_18-12-2024_健康之路_全球發售.pdf,02587,超长篇(≥500页)
True,False,446,8.14,True,122,False,,/nfs/users/wuqianqian/IPOI/dataset/2024/02593_11-12-2024_草姬集團_全球發售.pdf,02593_11-12-2024_草姬集團_全球發售.pdf,02593,长篇(300-499页)
True,False,863,7.14,True,163,False,,/nfs/users/wuqianqian/IPOI/dataset/2024/02596_30-12-2024_宜賓銀行_全球發售.pdf,02596_30-12-2024_宜賓銀行_全球發售.pdf,02596,超长篇(≥500页)
True,False,755,6.49,True,169,False,,/nfs/users/wuqianqian/IPOI/dataset/2024/02598_20-03-2024_連連數字_全球發售.pdf,02598_20-03-2024_連連數字_全球發售.pdf,02598,超长篇(≥500页)
True,False,614,18.9,False,0,True,,/nfs/users/wuqianqian/IPOI/dataset/2024/02613_31-12-2024_匯舸環保_全球發售.pdf,02613_31-12-2024_匯舸環保_全球發售.pdf,02613,超长篇(≥500页)
True,False,498,4.5,True,67,False,,/nfs/users/wuqianqian/IPOI/dataset/2024/02881_07-06-2024_武漢有機_全球發售.pdf,02881_07-06-2024_武漢有機_全球發售.pdf,02881,长篇(300-499页)
True,False,658,10.0,True,121,False,,/nfs/users/wuqianqian/IPOI/dataset/2024/02898_16-05-2024_盛禾生物－Ｂ_全球發售.pdf,02898_16-05-2024_盛禾生物－Ｂ_全球發售.pdf,02898,超长篇(≥500页)
True,False,600,12.35,True,194,False,,/nfs/users/wuqianqian/IPOI/dataset/2024/06086_28-06-2024_方舟健客_全球發售.pdf,06086_28-06-2024_方舟健客_全球發售.pdf,06086,超长篇(≥500页)
True,False,581,9.05,True,119,False,,/nfs/users/wuqianqian/IPOI/dataset/2024/06181_20-06-2024_老鋪黃金_全球發售.pdf,06181_20-06-2024_老鋪黃金_全球發售.pdf,06181,超长篇(≥500页)
True,False,617,6.55,True,101,False,,/nfs/users/wuqianqian/IPOI/dataset/2024/06657_28-06-2024_百望股份_全球發售.pdf,06657_28-06-2024_百望股份_全球發售.pdf,06657,超长篇(≥500页)
True,False,698,10.41,True,120,False,,/nfs/users/wuqianqian/IPOI/dataset/2024/06681_30-12-2024_腦動極光－Ｂ_全球發售.pdf,06681_30-12-2024_腦動極光－Ｂ_全球發售.pdf,06681,超长篇(≥500页)
True,False,744,7.39,True,200,False,,/nfs/users/wuqianqian/IPOI/dataset/2024/06936_19-11-2024_順豐控股_全球發售.pdf,06936_19-11-2024_順豐控股_全球發售.pdf,06936,超长篇(≥500页)
True,False,597,12.26,True,62,False,,/nfs/users/wuqianqian/IPOI/dataset/2024/08529_24-05-2024_優博控股_股份發售.pdf,08529_24-05-2024_優博控股_股份發售.pdf,08529,超长篇(≥500页)
True,False,562,11.94,True,238,False,,/nfs/users/wuqianqian/IPOI/dataset/2024/08629_26-08-2024_集信國控_股份發售.pdf,08629_26-08-2024_集信國控_股份發售.pdf,08629,超长篇(≥500页)
True,False,566,6.58,True,125,False,,/nfs/users/wuqianqian/IPOI/dataset/2024/08637_21-06-2024_元續科技_股份發售.pdf,08637_21-06-2024_元續科技_股份發售.pdf,08637,超长篇(≥500页)
True,False,604,22.13,True,122,False,,/nfs/users/wuqianqian/IPOI/dataset/2024/09639_27-09-2024_榮利營造_股份發售.pdf,09639_27-09-2024_榮利營造_股份發售.pdf,09639,超长篇(≥500页)
True,False,701,36.55,True,178,False,,/nfs/users/wuqianqian/IPOI/dataset/2024/09660_16-10-2024_地平線機器人－Ｗ_全球發售.pdf,09660_16-10-2024_地平線機器人－Ｗ_全球發售.pdf,09660,超长篇(≥500页)
True,False,737,8.18,True,123,False,,/nfs/users/wuqianqian/IPOI/dataset/2024/09680_28-06-2024_如祺出行_全球發售.pdf,09680_28-06-2024_如祺出行_全球發售.pdf,09680,超长篇(≥500页)
True,False,666,9.6,True,132,False,,/nfs/users/wuqianqian/IPOI/dataset/2024/09879_13-03-2024_米高集團_全球發售.pdf,09879_13-03-2024_米高集團_全球發售.pdf,09879,超长篇(≥500页)
True,False,716,7.53,True,145,False,,/nfs/users/wuqianqian/IPOI/dataset/2025/00100_31-12-2025_MINIMAX-WP_хЕичРГчЩ╝хФо.pdf,00100_31-12-2025_MINIMAX-WP_хЕичРГчЩ╝хФо.pdf,00100,超长篇(≥500页)
True,False,635,9.1,True,257,False,,/nfs/users/wuqianqian/IPOI/dataset/2025/00501_31-12-2025_ш▒кхиБщЫЖхЬШ_хЕичРГчЩ╝хФо.pdf,00501_31-12-2025_ш▒кхиБщЫЖхЬШ_хЕичРГчЩ╝хФо.pdf,00501,超长篇(≥500页)
True,False,637,6.67,True,115,False,,/nfs/users/wuqianqian/IPOI/dataset/2025/00638_14-10-2025_х╗гхТМщАЪ_хЕичРГчЩ╝хФо.pdf,00638_14-10-2025_х╗гхТМщАЪ_хЕичРГчЩ╝хФо.pdf,00638,超长篇(≥500页)
True,False,748,8.55,True,209,False,,/nfs/users/wuqianqian/IPOI/dataset/2025/00699_28-10-2025_хЭЗхЛЭщЫ╗хнР_хЕичРГчЩ╝хФо.pdf,00699_28-10-2025_хЭЗхЛЭщЫ╗хнР_хЕичРГчЩ╝хФо.pdf,00699,超长篇(≥500页)
True,False,714,9.53,True,160,False,,/nfs/users/wuqianqian/IPOI/dataset/2025/00800_28-10-2025_цЦЗщБачЯешбМя╝Ня╝╖_хЕичРГчЩ╝хФо.pdf,00800_28-10-2025_цЦЗщБачЯешбМя╝Ня╝╖_хЕичРГчЩ╝хФо.pdf,00800,超长篇(≥500页)
True,False,683,8.44,True,157,False,,/nfs/users/wuqianqian/IPOI/dataset/2025/01276_15-05-2025_цБТчСЮщЖлшЧе_хЕичРГчЩ╝хФо.pdf,01276_15-05-2025_цБТчСЮщЖлшЧе_хЕичРГчЩ╝хФо.pdf,01276,超长篇(≥500页)
True,False,538,2.97,True,183,False,,/nfs/users/wuqianqian/IPOI/dataset/2025/01304_30-06-2025_FORTIOR_хЕичРГчЩ╝хФо.pdf,01304_30-06-2025_FORTIOR_хЕичРГчЩ╝хФо.pdf,01304,超长篇(≥500页)
True,False,617,9.37,True,90,False,,/nfs/users/wuqianqian/IPOI/dataset/2025/01333_25-04-2025_хНЪщЫ╖щаУ_хЕичРГчЩ╝хФо.pdf,01333_25-04-2025_хНЪщЫ╖щаУ_хЕичРГчЩ╝хФо.pdf,01333,超长篇(≥500页)
True,False,592,18.62,True,114,False,,/nfs/users/wuqianqian/IPOI/dataset/2025/01364_04-02-2025_хПдшМЧ_хЕичРГчЩ╝хФо.pdf,01364_04-02-2025_хПдшМЧ_хЕичРГчЩ╝хФо.pdf,01364,超长篇(≥500页)
True,False,628,8.52,True,114,False,,/nfs/users/wuqianqian/IPOI/dataset/2025/01384_20-10-2025_ц╗┤цЩочзСцКА_хЕичРГчЩ╝хФо.pdf,01384_20-10-2025_ц╗┤цЩочзСцКА_хЕичРГчЩ╝хФо.pdf,01384,超长篇(≥500页)
True,False,357,6.46,True,120,False,,/nfs/users/wuqianqian/IPOI/dataset/2025/01641_31-12-2025_ч┤ЕцШЯхЖ╖щПИ_хЕичРГчЩ╝хФо.pdf,01641_31-12-2025_ч┤ЕцШЯхЖ╖щПИ_хЕичРГчЩ╝хФо.pdf,01641,长篇(300-499页)
True,False,963,16.99,False,0,True,,/nfs/users/wuqianqian/IPOI/dataset/2025/01828_26-06-2025_хпМшбЫщЫЖхЬШ_хЕичРГчЩ╝хФо.pdf,01828_26-06-2025_хпМшбЫщЫЖхЬШ_хЕичРГчЩ╝хФо.pdf,01828,超长篇(≥500页)
True,False,779,9.44,True,167,False,,/nfs/users/wuqianqian/IPOI/dataset/2025/02026_28-10-2025_х░ПщжмцЩ║шбМя╝Ня╝╖_хЕичРГчЩ╝хФо.pdf,02026_28-10-2025_х░ПщжмцЩ║шбМя╝Ня╝╖_хЕичРГчЩ╝хФо.pdf,02026,超长篇(≥500页)
True,False,670,10.39,True,109,False,,/nfs/users/wuqianqian/IPOI/dataset/2025/02050_13-06-2025_ф╕ЙшК▒цЩ║цОз_хЕичРГчЩ╝хФо.pdf,02050_13-06-2025_ф╕ЙшК▒цЩ║цОз_хЕичРГчЩ╝хФо.pdf,02050,超长篇(≥500页)
True,False,207,3.1,True,147,False,,/nfs/users/wuqianqian/IPOI/dataset/2025/02076_25-06-2025_я╝вя╝пя╝│я╝│чЫ┤шБШя╝Ня╝╖_шВбф╗╜чЩ╝хФо.pdf,02076_25-06-2025_я╝вя╝пя╝│я╝│чЫ┤шБШя╝Ня╝╖_шВбф╗╜чЩ╝хФо.pdf,02076,中篇(100-299页)
True,False,558,22.04,False,0,True,,/nfs/users/wuqianqian/IPOI/dataset/2025/02097_21-02-2025_шЬЬщЫкщЫЖхЬШ_хЕичРГчЩ╝хФо.pdf,02097_21-02-2025_шЬЬщЫкщЫЖхЬШ_хЕичРГчЩ╝хФо.pdf,02097,超长篇(≥500页)
True,False,2834,38.78,True,152,False,,/nfs/users/wuqianqian/IPOI/dataset/2025/02259_19-09-2025_ч┤лщЗСщ╗ГщЗСхЬЛщЪЫ_хЕичРГчЩ╝хФо.pdf,02259_19-09-2025_ч┤лщЗСщ╗ГщЗСхЬЛщЪЫ_хЕичРГчЩ╝хФо.pdf,02259,超长篇(≥500页)
True,False,648,30.85,True,145,False,,/nfs/users/wuqianqian/IPOI/dataset/2025/02396_12-12-2025_шПпшКвчФЯчЙйя╝Ня╝в_хЕичРГчЩ╝хФо.pdf,02396_12-12-2025_шПпшКвчФЯчЙйя╝Ня╝в_хЕичРГчЩ╝хФо.pdf,02396,超长篇(≥500页)
True,False,590,10.92,True,112,False,,/nfs/users/wuqianqian/IPOI/dataset/2025/02408_27-11-2025_щБЗшжЛх░Пщ║╡_хЕичРГчЩ╝хФо.pdf,02408_27-11-2025_щБЗшжЛх░Пщ║╡_хЕичРГчЩ╝хФо.pdf,02408,超长篇(≥500页)
True,False,672,5.68,True,96,False,,/nfs/users/wuqianqian/IPOI/dataset/2025/02508_18-06-2025_шБЦш▓ЭцЛЙ_хЕичРГчЩ╝хФо.pdf,02508_18-06-2025_шБЦш▓ЭцЛЙ_хЕичРГчЩ╝хФо.pdf,02508,超长篇(≥500页)
True,False,504,8.9,True,196,False,,/nfs/users/wuqianqian/IPOI/dataset/2025/02513_30-12-2025_цЩ║шнЬ_хЕичРГчЩ╝хФо.pdf,02513_30-12-2025_цЩ║шнЬ_хЕичРГчЩ╝хФо.pdf,02513,超长篇(≥500页)
True,False,666,8.18,True,185,False,,/nfs/users/wuqianqian/IPOI/dataset/2025/02525_08-09-2025_чж╛ш│╜я╝Ня╝╖_хЕичРГчЩ╝хФо.pdf,02525_08-09-2025_чж╛ш│╜я╝Ня╝╖_хЕичРГчЩ╝хФо.pdf,02525,超长篇(≥500页)
True,False,562,9.25,True,166,False,,/nfs/users/wuqianqian/IPOI/dataset/2025/02539_25-11-2025_циВцСйчзСцКА_хЕичРГчЩ╝хФо.pdf,02539_25-11-2025_циВцСйчзСцКА_хЕичРГчЩ╝хФо.pdf,02539,超长篇(≥500页)
True,False,503,8.78,False,0,True,,/nfs/users/wuqianqian/IPOI/dataset/2025/02543_01-09-2025_хдзшбМчзСх╖е_хЕичРГчЩ╝хФо.pdf,02543_01-09-2025_хдзшбМчзСх╖е_хЕичРГчЩ╝хФо.pdf,02543,超长篇(≥500页)
True,False,804,22.93,False,0,True,,/nfs/users/wuqianqian/IPOI/dataset/2025/02546_11-12-2025_цЩ║хМпчджцен_хЕичРГчЩ╝хФо.pdf,02546_11-12-2025_цЩ║хМпчджцен_хЕичРГчЩ╝хФо.pdf,02546,超长篇(≥500页)
True,False,731,7.43,True,178,False,,/nfs/users/wuqianqian/IPOI/dataset/2025/02553_30-06-2025_щжЦщЛ╝цЬЧц╛д_хЕичРГчЩ╝хФо.pdf,02553_30-06-2025_щжЦщЛ╝цЬЧц╛д_хЕичРГчЩ╝хФо.pdf,02553,超长篇(≥500页)
True,False,696,6.74,True,122,False,,/nfs/users/wuqianqian/IPOI/dataset/2025/02561_13-03-2025_ч╢нцШЗшЧеценя╝Ня╝в_хЕичРГчЩ╝хФо.pdf,02561_13-03-2025_ч╢нцШЗшЧеценя╝Ня╝в_хЕичРГчЩ╝хФо.pdf,02561,超长篇(≥500页)
True,False,613,10.92,True,182,False,,/nfs/users/wuqianqian/IPOI/dataset/2025/02565_19-05-2025_ц┤╛ца╝чФЯчЙйщЖлшЧея╝Ня╝в_хЕичРГчЩ╝хФо.pdf,02565_19-05-2025_ц┤╛ца╝чФЯчЙйщЖлшЧея╝Ня╝в_хЕичРГчЩ╝хФо.pdf,02565,超长篇(≥500页)
True,False,553,10.11,True,159,False,,/nfs/users/wuqianqian/IPOI/dataset/2025/02569_19-03-2025_шИТхп╢хЬЛщЪЫ_хЕичРГчЩ╝хФо.pdf,02569_19-03-2025_шИТхп╢хЬЛщЪЫ_хЕичРГчЩ╝хФо.pdf,02569,超长篇(≥500页)
True,False,591,5.35,True,151,False,,/nfs/users/wuqianqian/IPOI/dataset/2025/02573_30-05-2025_цЦ░чРкхоЙ_хЕичРГчЩ╝хФо.pdf,02573_30-05-2025_цЦ░чРкхоЙ_хЕичРГчЩ╝хФо.pdf,02573,超长篇(≥500页)
True,False,732,9.75,False,0,True,,/nfs/users/wuqianqian/IPOI/dataset/2025/02575_06-10-2025_ш╗Тчл╣чФЯчЙйя╝Ня╝в_хЕичРГчЩ╝хФо.pdf,02575_06-10-2025_ш╗Тчл╣чФЯчЙйя╝Ня╝в_хЕичРГчЩ╝хФо.pdf,02575,超长篇(≥500页)
True,False,677,53.6,True,137,False,,/nfs/users/wuqianqian/IPOI/dataset/2025/02579_07-11-2025_ф╕нхБЙцЦ░цЭР_хЕичРГчЩ╝хФо.pdf,02579_07-11-2025_ф╕нхБЙцЦ░цЭР_хЕичРГчЩ╝хФо.pdf,02579,超长篇(≥500页)
True,False,626,31.61,True,219,False,,/nfs/users/wuqianqian/IPOI/dataset/2025/02580_25-08-2025_хезхЕЛцЦпщЫ╗ц░г_хЕичРГчЩ╝хФо.pdf,02580_25-08-2025_хезхЕЛцЦпщЫ╗ц░г_хЕичРГчЩ╝хФо.pdf,02580,超长篇(≥500页)
True,False,598,7.51,True,134,False,,/nfs/users/wuqianqian/IPOI/dataset/2025/02581_12-12-2025_цШОхЯ║щЖлщЩв_хЕичРГчЩ╝хФо.pdf,02581_12-12-2025_цШОхЯ║щЖлщЩв_хЕичРГчЩ╝хФо.pdf,02581,超长篇(≥500页)
True,False,785,23.28,False,37,True,,/nfs/users/wuqianqian/IPOI/dataset/2025/02583_19-09-2025_ше┐цЩох░╝_хЕичРГчЩ╝хФо.pdf,02583_19-09-2025_ше┐цЩох░╝_хЕичРГчЩ╝хФо.pdf,02583,超长篇(≥500页)
True,False,571,8.19,True,155,False,,/nfs/users/wuqianqian/IPOI/dataset/2025/02589_28-04-2025_ц╗мф╕КщШ┐хзи_хЕичРГчЩ╝хФо.pdf,02589_28-04-2025_ц╗мф╕КщШ┐хзи_хЕичРГчЩ╝хФо.pdf,02589,超长篇(≥500页)
True,False,625,24.66,True,216,False,,/nfs/users/wuqianqian/IPOI/dataset/2025/02590_30-06-2025_це╡цЩ║хШЙя╝Ня╝╖_хЕичРГчЩ╝хФо.pdf,02590_30-06-2025_це╡цЩ║хШЙя╝Ня╝╖_хЕичРГчЩ╝хФо.pdf,02590,超长篇(≥500页)
True,False,624,9.31,True,225,False,,/nfs/users/wuqianqian/IPOI/dataset/2025/02591_07-08-2025_щКАшл╛щЖлшЧея╝Ня╝в_хЕичРГчЩ╝хФо.pdf,02591_07-08-2025_щКАшл╛щЖлшЧея╝Ня╝в_хЕичРГчЩ╝хФо.pdf,02591,超长篇(≥500页)
True,False,710,4.9,True,149,False,,/nfs/users/wuqianqian/IPOI/dataset/2025/02592_24-06-2025_цТех║╖шжЦщЫ▓я╝Ня╝в_хЕичРГчЩ╝хФо.pdf,02592_24-06-2025_цТех║╖шжЦщЫ▓я╝Ня╝в_хЕичРГчЩ╝хФо.pdf,02592,超长篇(≥500页)
True,False,724,10.43,True,137,False,,/nfs/users/wuqianqian/IPOI/dataset/2025/02595_11-09-2025_хЛБцЦ╣щЖлшЧея╝Ня╝в_хЕичРГчЩ╝хФо.pdf,02595_11-09-2025_хЛБцЦ╣щЖлшЧея╝Ня╝в_хЕичРГчЩ╝хФо.pdf,02595,超长篇(≥500页)
True,False,573,6.79,True,171,False,,/nfs/users/wuqianqian/IPOI/dataset/2025/02597_30-06-2025_шиКчЬ╛щАЪф┐б_хЕичРГчЩ╝хФо.pdf,02597_30-06-2025_шиКчЬ╛щАЪф┐б_хЕичРГчЩ╝хФо.pdf,02597,超长篇(≥500页)
True,False,683,17.75,True,150,False,,/nfs/users/wuqianqian/IPOI/dataset/2025/02603_19-05-2025_хРЙхоПшВбф╗╜_хЕичРГчЩ╝хФо.pdf,02603_19-05-2025_хРЙхоПшВбф╗╜_хЕичРГчЩ╝хФо.pdf,02603,超长篇(≥500页)
True,False,561,16.89,False,0,True,,/nfs/users/wuqianqian/IPOI/dataset/2025/02605_02-06-2025_METALIGHT_хЕичРГчЩ╝хФо.pdf,02605_02-06-2025_METALIGHT_хЕичРГчЩ╝хФо.pdf,02605,超长篇(≥500页)
True,False,797,16.94,True,110,False,,/nfs/users/wuqianqian/IPOI/dataset/2025/02609_13-06-2025_ф╜░ц╛дщЖлчЩВ_хЕичРГчЩ╝хФо.pdf,02609_13-06-2025_ф╜░ц╛дщЖлчЩВ_хЕичРГчЩ╝хФо.pdf,02609,超长篇(≥500页)
True,False,638,16.49,True,208,False,,/nfs/users/wuqianqian/IPOI/dataset/2025/02610_17-03-2025_хНЧх▒▒щЛБценхЬЛщЪЫ_хЕичРГчЩ╝хФо.pdf,02610_17-03-2025_хНЧх▒▒щЛБценхЬЛщЪЫ_хЕичРГчЩ╝хФо.pdf,02610,超长篇(≥500页)
True,False,857,25.63,True,183,False,,/nfs/users/wuqianqian/IPOI/dataset/2025/02615_07-11-2025_чЩ╛хИйхдйцБТ_хЕичРГчЩ╝хФо.pdf,02615_07-11-2025_чЩ╛хИйхдйцБТ_хЕичРГчЩ╝хФо.pdf,02615,超长篇(≥500页)
True,False,674,22.52,True,138,False,,/nfs/users/wuqianqian/IPOI/dataset/2025/02617_13-06-2025_шЧецН╖хоЙх║╖я╝Ня╝в_хЕичРГчЩ╝хФо.pdf,02617_13-06-2025_шЧецН╖хоЙх║╖я╝Ня╝в_хЕичРГчЩ╝хФо.pdf,02617,超长篇(≥500页)
True,False,676,5.76,True,136,False,,/nfs/users/wuqianqian/IPOI/dataset/2025/02619_17-06-2025_щжЩц▒ЯщЫ╗хЩи_хЕичРГчЩ╝хФо.pdf,02619_17-06-2025_щжЩц▒ЯщЫ╗хЩи_хЕичРГчЩ╝хФо.pdf,02619,超长篇(≥500页)
True,False,644,20.43,False,0,True,,/nfs/users/wuqianqian/IPOI/dataset/2025/02621_22-05-2025_цЙЛхЫЮщЫЖхЬШ_хЕичРГчЩ╝хФо.pdf,02621_22-05-2025_цЙЛхЫЮщЫЖхЬШ_хЕичРГчЩ╝хФо.pdf,02621,超长篇(≥500页)
True,False,755,5.94,True,183,False,,/nfs/users/wuqianqian/IPOI/dataset/2025/02625_21-03-2025_ц▒ЯшШЗхоПф┐б_хЕичРГчЩ╝хФо.pdf,02625_21-03-2025_ц▒ЯшШЗхоПф┐б_хЕичРГчЩ╝хФо.pdf,02625,超长篇(≥500页)
True,False,637,10.76,True,134,False,,/nfs/users/wuqianqian/IPOI/dataset/2025/02627_31-07-2025_ф╕нцЕзчФЯчЙйя╝Ня╝в_хЕичРГчЩ╝хФо.pdf,02627_31-07-2025_ф╕нцЕзчФЯчЙйя╝Ня╝в_хЕичРГчЩ╝хФо.pdf,02627,超长篇(≥500页)
True,False,780,11.46,True,147,False,,/nfs/users/wuqianqian/IPOI/dataset/2025/02629_15-05-2025_MIRXES-B_хЕичРГчЩ╝хФо.pdf,02629_15-05-2025_MIRXES-B_хЕичРГчЩ╝хФо.pdf,02629,超长篇(≥500页)
True,False,733,11.06,True,195,False,,/nfs/users/wuqianqian/IPOI/dataset/2025/02630_28-10-2025_цЧ║х▒▒цЧ║ц░┤я╝Ня╝в_хЕичРГчЩ╝хФо.pdf,02630_28-10-2025_цЧ║х▒▒цЧ║ц░┤я╝Ня╝в_хЕичРГчЩ╝хФо.pdf,02630,超长篇(≥500页)
True,False,673,5.19,True,152,False,,/nfs/users/wuqianqian/IPOI/dataset/2025/02631_11-08-2025_хдйх▓│хЕИщА▓_хЕичРГчЩ╝хФо.pdf,02631_11-08-2025_хдйх▓│хЕИщА▓_хЕичРГчЩ╝хФо.pdf,02631,超长篇(≥500页)
True,False,700,7.8,True,178,False,,/nfs/users/wuqianqian/IPOI/dataset/2025/02635_15-12-2025_шл╛цпФф╛Г_хЕичРГчЩ╝хФо.pdf,02635_15-12-2025_шл╛цпФф╛Г_хЕичРГчЩ╝хФо.pdf,02635,超长篇(≥500页)
True,False,648,8.09,True,133,False,,/nfs/users/wuqianqian/IPOI/dataset/2025/02637_09-10-2025_ц╡╖ше┐цЦ░шЧе_хЕичРГчЩ╝хФо.pdf,02637_09-10-2025_ц╡╖ше┐цЦ░шЧе_хЕичРГчЩ╝хФо.pdf,02637,超长篇(≥500页)
True,False,658,9.45,False,0,True,,/nfs/users/wuqianqian/IPOI/dataset/2025/02643_17-06-2025_цЫ╣цУНхЗ║шбМ_хЕичРГчЩ╝хФо.pdf,02643_17-06-2025_цЫ╣цУНхЗ║шбМ_хЕичРГчЩ╝хФо.pdf,02643,超长篇(≥500页)
True,False,584,17.33,True,134,False,,/nfs/users/wuqianqian/IPOI/dataset/2025/02648_25-06-2025_хоЙф║ХщгЯхУБ_хЕичРГчЩ╝хФо.pdf,02648_25-06-2025_хоЙф║ХщгЯхУБ_хЕичРГчЩ╝хФо.pdf,02648,超长篇(≥500页)
True,False,599,6.82,True,128,False,,/nfs/users/wuqianqian/IPOI/dataset/2025/02651_30-06-2025_хдзчЬ╛хПгшЕФ_хЕичРГчЩ╝хФо.pdf,02651_30-06-2025_хдзчЬ╛хПгшЕФ_хЕичРГчЩ╝хФо.pdf,02651,超长篇(≥500页)
True,False,652,11.19,True,116,False,,/nfs/users/wuqianqian/IPOI/dataset/2025/02655_08-12-2025_цЮЬф╕ЛчзСцКА_хЕичРГчЩ╝хФо.pdf,02655_08-12-2025_цЮЬф╕ЛчзСцКА_хЕичРГчЩ╝хФо.pdf,02655,超长篇(≥500页)
True,False,741,6.69,True,132,False,,/nfs/users/wuqianqian/IPOI/dataset/2025/02656_09-09-2025_хБех║╖я╝Ся╝Ця╝Р_хЕичРГчЩ╝хФо.pdf,02656_09-09-2025_хБех║╖я╝Ся╝Ця╝Р_хЕичРГчЩ╝хФо.pdf,02656,超长篇(≥500页)
True,False,599,19.31,True,139,False,,/nfs/users/wuqianqian/IPOI/dataset/2025/02657_18-12-2025_цЮЧц╕Еш╗Т_хЕичРГчЩ╝хФо.pdf,02657_18-12-2025_цЮЧц╕Еш╗Т_хЕичРГчЩ╝хФо.pdf,02657,超长篇(≥500页)
True,False,706,10.82,True,82,False,,/nfs/users/wuqianqian/IPOI/dataset/2025/02658_27-11-2025_хдйхЯЯхНКх░ОщлФ_хЕичРГчЩ╝хФо.pdf,02658_27-11-2025_хдйхЯЯхНКх░ОщлФ_хЕичРГчЩ╝хФо.pdf,02658,超长篇(≥500页)
True,False,724,11.12,True,125,False,,/nfs/users/wuqianqian/IPOI/dataset/2025/02659_02-12-2025_хп╢ц┐ЯшЧеценя╝Ня╝в_хЕичРГчЩ╝хФо.pdf,02659_02-12-2025_хп╢ц┐ЯшЧеценя╝Ня╝в_хЕичРГчЩ╝хФо.pdf,02659,超长篇(≥500页)
True,False,444,12.9,True,137,False,,/nfs/users/wuqianqian/IPOI/dataset/2025/02661_15-12-2025_ш╝ХщмЖхБех║╖_хЕичРГчЩ╝хФо.pdf,02661_15-12-2025_ш╝ХщмЖхБех║╖_хЕичРГчЩ╝хФо.pdf,02661,长篇(300-499页)
True,False,694,8.55,True,168,False,,/nfs/users/wuqianqian/IPOI/dataset/2025/02670_08-10-2025_щЫ▓ш┐╣_хЕичРГчЩ╝хФо.pdf,02670_08-10-2025_щЫ▓ш┐╣_хЕичРГчЩ╝хФо.pdf,02670,超长篇(≥500页)
True,False,706,15.77,True,166,False,,/nfs/users/wuqianqian/IPOI/dataset/2025/02671_18-12-2025_ч╛ОшБпшВбф╗╜_хЕичРГчЩ╝хФо.pdf,02671_18-12-2025_ч╛ОшБпшВбф╗╜_хЕичРГчЩ╝хФо.pdf,02671,超长篇(≥500页)
True,False,707,8.87,True,176,False,,/nfs/users/wuqianqian/IPOI/dataset/2025/02675_30-12-2025_ч▓╛щЛТщЖлчЩВя╝Ня╝в_хЕичРГчЩ╝хФо.pdf,02675_30-12-2025_ч▓╛щЛТщЖлчЩВя╝Ня╝в_хЕичРГчЩ╝хФо.pdf,02675,超长篇(≥500页)
True,False,639,12.29,True,148,False,,/nfs/users/wuqianqian/IPOI/dataset/2025/02676_28-11-2025_ч┤НшКпх╛о_хЕичРГчЩ╝хФо.pdf,02676_28-11-2025_ч┤НшКпх╛о_хЕичРГчЩ╝хФо.pdf,02676,超长篇(≥500页)
True,False,491,21.54,True,97,False,,/nfs/users/wuqianqian/IPOI/dataset/2025/02685_19-11-2025_щЗПхМЦц┤╛_хЕичРГчЩ╝хФо.pdf,02685_19-11-2025_щЗПхМЦц┤╛_хЕичРГчЩ╝хФо.pdf,02685,长篇(300-499页)
True,False,496,17.67,True,95,False,,/nfs/users/wuqianqian/IPOI/dataset/2025/02687_28-11-2025_хНУш╢КчЭ┐цЦ░_хЕичРГчЩ╝хФо.pdf,02687_28-11-2025_хНУш╢КчЭ┐цЦ░_хЕичРГчЩ╝хФо.pdf,02687,长篇(300-499页)
True,False,692,8.39,True,262,False,,/nfs/users/wuqianqian/IPOI/dataset/2025/02691_12-12-2025_хНЧшПпцЬЯш▓ишВбф╗╜_хЕичРГчЩ╝хФо.pdf,02691_12-12-2025_хНЧшПпцЬЯш▓ишВбф╗╜_хЕичРГчЩ╝хФо.pdf,02691,超长篇(≥500页)
True,False,860,28.96,True,135,False,,/nfs/users/wuqianqian/IPOI/dataset/2025/02693_25-11-2025_щЗСх▓йщлШх╢║цЦ░цЭР_хЕичРГчЩ╝хФо.pdf,02693_25-11-2025_щЗСх▓йщлШх╢║цЦ░цЭР_хЕичРГчЩ╝хФо.pdf,02693,超长篇(≥500页)
True,False,634,16.04,False,0,True,,/nfs/users/wuqianqian/IPOI/dataset/2025/02695_12-12-2025_хН░ш▒бхдзч┤ЕшвН_хЕичРГчЩ╝хФо.pdf,02695_12-12-2025_хН░ш▒бхдзч┤ЕшвН_хЕичРГчЩ╝хФо.pdf,02695,超长篇(≥500页)
True,False,631,16.34,True,118,False,,/nfs/users/wuqianqian/IPOI/dataset/2025/02698_31-10-2025_циВшИТщБй_хЕичРГчЩ╝хФо.pdf,02698_31-10-2025_циВшИТщБй_хЕичРГчЩ╝хФо.pdf,02698,超长篇(≥500页)
True,False,781,13.06,True,137,False,,/nfs/users/wuqianqian/IPOI/dataset/2025/02718_23-10-2025_цШОчХечзСцКАя╝Ня╝╖_хЕичРГчЩ╝хФо.pdf,02718_23-10-2025_цШОчХечзСцКАя╝Ня╝╖_хЕичРГчЩ╝хФо.pdf,02718,超长篇(≥500页)
True,False,654,9.71,True,119,False,,/nfs/users/wuqianqian/IPOI/dataset/2025/02788_14-11-2025_хЙ╡цЦ░хпжцен_хЕичРГчЩ╝хФо.pdf,02788_14-11-2025_хЙ╡цЦ░хпжцен_хЕичРГчЩ╝хФо.pdf,02788,超长篇(≥500页)
True,False,712,9.58,True,167,False,,/nfs/users/wuqianqian/IPOI/dataset/2025/02865_28-04-2025_щИЮщБФшВбф╗╜_хЕичРГчЩ╝хФо.pdf,02865_28-04-2025_щИЮщБФшВбф╗╜_хЕичРГчЩ╝хФо.pdf,02865,超长篇(≥500页)
True,False,562,10.42,True,154,False,,/nfs/users/wuqianqian/IPOI/dataset/2025/03288_11-06-2025_ц╡╖хдйхС│цен_хЕичРГчЩ╝хФо.pdf,03288_11-06-2025_ц╡╖хдйхС│цен_хЕичРГчЩ╝хФо.pdf,03288,超长篇(≥500页)
True,False,552,6.07,True,130,False,,/nfs/users/wuqianqian/IPOI/dataset/2025/03317_18-12-2025_ш┐ЕчнЦ_хЕичРГчЩ╝хФо.pdf,03317_18-12-2025_ш┐ЕчнЦ_хЕичРГчЩ╝хФо.pdf,03317,超长篇(≥500页)
True,False,704,11.66,True,152,False,,/nfs/users/wuqianqian/IPOI/dataset/2025/03378_15-12-2025_ч┐░цАЭшЙ╛ц│░я╝Ня╝в_хЕичРГчЩ╝хФо.pdf,03378_15-12-2025_ч┐░цАЭшЙ╛ц│░я╝Ня╝в_хЕичРГчЩ╝хФо.pdf,03378,超长篇(≥500页)
True,False,576,6.11,True,191,False,,/nfs/users/wuqianqian/IPOI/dataset/2025/03636_31-12-2025_щЗСц╜пш│Зц║Р_хЕичРГчЩ╝хФо.pdf,03636_31-12-2025_щЗСц╜пш│Зц║Р_хЕичРГчЩ╝хФо.pdf,03636,超长篇(≥500页)
True,False,692,7.69,True,231,False,,/nfs/users/wuqianqian/IPOI/dataset/2025/03677_03-04-2025_цнгхКЫцЦ░шГ╜_хЕичРГчЩ╝хФо.pdf,03677_03-04-2025_цнгхКЫцЦ░шГ╜_хЕичРГчЩ╝хФо.pdf,03677,超长篇(≥500页)
True,False,672,27.51,True,143,False,,/nfs/users/wuqianqian/IPOI/dataset/2025/03696_18-12-2025_шЛ▒чЯ╜цЩ║шГ╜_хЕичРГчЩ╝хФо.pdf,03696_18-12-2025_шЛ▒чЯ╜цЩ║шГ╜_хЕичРГчЩ╝хФо.pdf,03696,超长篇(≥500页)
True,False,626,5.98,True,355,False,,/nfs/users/wuqianqian/IPOI/dataset/2025/03750_12-05-2025_хпзх╛╖цЩВф╗г_хЕичРГчЩ╝хФо.pdf,03750_12-05-2025_хпзх╛╖цЩВф╗г_хЕичРГчЩ╝хФо.pdf,03750,超长篇(≥500页)
True,False,955,34.31,True,145,False,,/nfs/users/wuqianqian/IPOI/dataset/2025/03858_20-08-2025_ф╜│щСлхЬЛщЪЫш│Зц║Р_хЕичРГчЩ╝хФо.pdf,03858_20-08-2025_ф╜│щСлхЬЛщЪЫш│Зц║Р_хЕичРГчЩ╝хФо.pdf,03858,超长篇(≥500页)
True,False,571,7.93,True,102,False,,/nfs/users/wuqianqian/IPOI/dataset/2025/03880_20-06-2025_ц│░х╛╖щЖлшЧе_хЕичРГчЩ╝хФо.pdf,03880_20-06-2025_ц│░х╛╖щЖлшЧе_хЕичРГчЩ╝хФо.pdf,03880,超长篇(≥500页)
True,False,806,14.36,True,86,False,,/nfs/users/wuqianqian/IPOI/dataset/2025/03881_11-12-2025_х╕Мш┐кцЩ║щзХ_хЕичРГчЩ╝хФо.pdf,03881_11-12-2025_х╕Мш┐кцЩ║щзХ_хЕичРГчЩ╝хФо.pdf,03881,超长篇(≥500页)
True,False,684,6.99,True,93,False,,/nfs/users/wuqianqian/IPOI/dataset/2025/03887_09-12-2025_HASHKEY HLDGS_хЕичРГчЩ╝хФо.pdf,03887_09-12-2025_HASHKEY HLDGS_хЕичРГчЩ╝хФо.pdf,03887,超长篇(≥500页)
True,False,603,12.77,True,118,False,,/nfs/users/wuqianqian/IPOI/dataset/2025/03986_31-12-2025_хЕЖцШУхЙ╡цЦ░_хЕичРГчЩ╝хФо.pdf,03986_31-12-2025_хЕЖцШУхЙ╡цЦ░_хЕичРГчЩ╝хФо.pdf,03986,超长篇(≥500页)
True,False,906,13.37,True,172,False,,/nfs/users/wuqianqian/IPOI/dataset/2025/06031_20-10-2025_ф╕Йф╕АщЗНх╖е_хЕичРГчЩ╝хФо.pdf,06031_20-10-2025_ф╕Йф╕АщЗНх╖е_хЕичРГчЩ╝хФо.pdf,06031,超长篇(≥500页)
True,False,663,8.64,True,195,False,,/nfs/users/wuqianqian/IPOI/dataset/2025/06082_22-12-2025_хгБф╗ЮчзСцКА_хЕичРГчЩ╝хФо.pdf,06082_22-12-2025_хгБф╗ЮчзСцКА_хЕичРГчЩ╝хФо.pdf,06082,超长篇(≥500页)
True,False,573,10.82,True,70,False,,/nfs/users/wuqianqian/IPOI/dataset/2025/06090_15-09-2025_ф╕НхРМщЫЖхЬШ_хЕичРГчЩ╝хФо.pdf,06090_15-09-2025_ф╕НхРМщЫЖхЬШ_хЕичРГчЩ╝хФо.pdf,06090,超长篇(≥500页)
True,False,623,10.92,True,114,False,,/nfs/users/wuqianqian/IPOI/dataset/2025/06166_20-10-2025_хКНцйЛчзСцКА_хЕичРГчЩ╝хФо.pdf,06166_20-10-2025_хКНцйЛчзСцКА_хЕичРГчЩ╝хФо.pdf,06166,超长篇(≥500页)
True,False,663,12.67,True,141,False,,/nfs/users/wuqianqian/IPOI/dataset/2025/06168_18-06-2025_хСихЕнчжП_хЕичРГчЩ╝хФо.pdf,06168_18-06-2025_хСихЕнчжП_хЕичРГчЩ╝хФо.pdf,06168,超长篇(≥500页)
True,False,680,16.04,True,133,False,,/nfs/users/wuqianqian/IPOI/dataset/2025/06600_18-12-2025_шЗехоЙцйЯхЩиф║║_хЕичРГчЩ╝хФо.pdf,06600_18-12-2025_шЗехоЙцйЯхЩиф║║_хЕичРГчЩ╝хФо.pdf,06600,超长篇(≥500页)
True,False,527,15.73,True,98,False,,/nfs/users/wuqianqian/IPOI/dataset/2025/06603_20-06-2025_IFBH_хЕичРГчЩ╝хФо.pdf,06603_20-06-2025_IFBH_хЕичРГчЩ╝хФо.pdf,06603,超长篇(≥500页)
True,False,561,8.17,True,116,False,,/nfs/users/wuqianqian/IPOI/dataset/2025/06613_30-06-2025_шЧНцАЭчзСцКА_хЕичРГчЩ╝хФо.pdf,06613_30-06-2025_шЧНцАЭчзСцКА_хЕичРГчЩ╝хФо.pdf,06613,超长篇(≥500页)
True,False,581,7.77,True,188,False,,/nfs/users/wuqianqian/IPOI/dataset/2025/06651_18-12-2025_ф║Фф╕АшжЦчХМ_хЕичРГчЩ╝хФо.pdf,06651_18-12-2025_ф║Фф╕АшжЦчХМ_хЕичРГчЩ╝хФо.pdf,06651,超长篇(≥500页)
True,False,572,10.35,True,140,False,,/nfs/users/wuqianqian/IPOI/dataset/2025/06687_13-10-2025_шБЪц░┤ц╜н_хЕичРГчЩ╝хФо.pdf,06687_13-10-2025_шБЪц░┤ц╜н_хЕичРГчЩ╝хФо.pdf,06687,超长篇(≥500页)
True,False,2093,35.28,True,204,False,,/nfs/users/wuqianqian/IPOI/dataset/2025/06693_28-02-2025_ш╡дх│░щ╗ГщЗС_хЕичРГчЩ╝хФо.pdf,06693_28-02-2025_ш╡дх│░щ╗ГщЗС_хЕичРГчЩ╝хФо.pdf,06693,超长篇(≥500页)
True,False,506,12.97,True,374,False,,/nfs/users/wuqianqian/IPOI/dataset/2025/06831_08-05-2025_ч╢ашМ╢щЫЖхЬШ_хЕичРГчЩ╝хФо.pdf,06831_08-05-2025_ч╢ашМ╢щЫЖхЬШ_хЕичРГчЩ╝хФо.pdf,06831,超长篇(≥500页)
True,False,610,8.62,True,186,False,,/nfs/users/wuqianqian/IPOI/dataset/2025/06883_18-06-2025_чйОщАЪцОзшВб_хЕичРГчЩ╝хФо.pdf,06883_18-06-2025_чйОщАЪцОзшВб_хЕичРГчЩ╝хФо.pdf,06883,超长篇(≥500页)
True,False,732,21.72,False,0,True,,/nfs/users/wuqianqian/IPOI/dataset/2025/06938_31-12-2025_чСЮхНЪчФЯчЙйя╝Ня╝в_хЕичРГчЩ╝хФо.pdf,06938_31-12-2025_чСЮхНЪчФЯчЙйя╝Ня╝в_хЕичРГчЩ╝хФо.pdf,06938,超长篇(≥500页)
True,False,694,8.8,True,136,False,,/nfs/users/wuqianqian/IPOI/dataset/2025/06960_18-08-2025_щЫЩчЩ╗шВбф╗╜_хЕичРГчЩ╝хФо.pdf,06960_18-08-2025_щЫЩчЩ╗шВбф╗╜_хЕичРГчЩ╝хФо.pdf,06960,超长篇(≥500页)
True,False,690,17.25,True,117,False,,/nfs/users/wuqianqian/IPOI/dataset/2025/06980_20-10-2025_хЕлщжмшМ╢цен_хЕичРГчЩ╝хФо.pdf,06980_20-10-2025_хЕлщжмшМ╢цен_хЕичРГчЩ╝хФо.pdf,06980,超长篇(≥500页)
True,False,565,41.97,False,29,True,,/nfs/users/wuqianqian/IPOI/dataset/2025/07618_03-12-2025_ф║мцЭ▒х╖ецен_хЕичРГчЩ╝хФо.pdf,07618_03-12-2025_ф║мцЭ▒х╖ецен_хЕичРГчЩ╝хФо.pdf,07618,超长篇(≥500页)
True,False,515,17.62,True,106,False,,/nfs/users/wuqianqian/IPOI/dataset/2025/08610_31-12-2025_BBSB INTL_шВбф╗╜чЩ╝хФо.pdf,08610_31-12-2025_BBSB INTL_шВбф╗╜чЩ╝хФо.pdf,08610,超长篇(≥500页)
True,False,703,13.24,False,0,True,,/nfs/users/wuqianqian/IPOI/dataset/2025/09606_07-04-2025_цШацБйчФЯчЙйя╝Ня╝в_хЕичРГчЩ╝хФо.pdf,09606_07-04-2025_цШацБйчФЯчЙйя╝Ня╝в_хЕичРГчЩ╝хФо.pdf,09606,超长篇(≥500页)
True,False,488,7.21,True,201,False,,/nfs/users/wuqianqian/IPOI/dataset/2025/09609_20-11-2025_ц╡╖хБЙшВбф╗╜_хЕичРГчЩ╝хФо.pdf,09609_20-11-2025_ц╡╖хБЙшВбф╗╜_хЕичРГчЩ╝хФо.pdf,09609,长篇(300-499页)
True,False,565,8.37,True,179,False,,/nfs/users/wuqianqian/IPOI/dataset/2025/09678_20-06-2025_щЫ▓чЯешБ▓_хЕичРГчЩ╝хФо.pdf,09678_20-06-2025_щЫ▓чЯешБ▓_хЕичРГчЩ╝хФо.pdf,09678,超长篇(≥500页)
True,False,642,12.93,True,73,False,,/nfs/users/wuqianqian/IPOI/dataset/2025/09881_30-05-2025_хо╣хдзчзСцКА_хЕичРГчЩ╝хФо.pdf,09881_30-05-2025_хо╣хдзчзСцКА_хЕичРГчЩ╝хФо.pdf,09881,超长篇(≥500页)
True,False,746,12.95,True,136,False,,/nfs/users/wuqianqian/IPOI/dataset/2025/09887_17-07-2025_ч╢нчлЛх┐ЧхНЪя╝Ня╝в_хЕичРГчЩ╝хФо.pdf,09887_17-07-2025_ч╢нчлЛх┐ЧхНЪя╝Ня╝в_хЕичРГчЩ╝хФо.pdf,09887,超长篇(≥500页)
True,False,606,6.84,True,146,False,,/nfs/users/wuqianqian/IPOI/dataset/2025/09903_30-12-2025_хдйцХ╕цЩ║шКп_хЕичРГчЩ╝хФо.pdf,09903_30-12-2025_хдйцХ╕цЩ║шКп_хЕичРГчЩ╝хФо.pdf,09903,超长篇(≥500页)
True,False,617,8.12,True,131,False,,/nfs/users/wuqianqian/IPOI/dataset/2025/09927_27-10-2025_ш│╜хКЫцЦп_хЕичРГчЩ╝хФо.pdf,09927_27-10-2025_ш│╜хКЫцЦп_хЕичРГчЩ╝хФо.pdf,09927,超长篇(≥500页)
True,False,725,11.4,True,133,False,,/nfs/users/wuqianqian/IPOI/dataset/2025/09973_17-09-2025_хеЗчСЮц▒╜ш╗К_хЕичРГчЩ╝хФо.pdf,09973_17-09-2025_хеЗчСЮц▒╜ш╗К_хЕичРГчЩ╝хФо.pdf,09973,超长篇(≥500页)
