stock_code,query,rows,earliest,latest,status
00013,00013,10,2026-06-25 08:06:00,2026-07-31 22:06:56,ok
00020,00020,10,2026-06-04 10:03:29,2026-07-20 16:47:03,ok
00100,00100,10,2026-07-21 09:26:58,2026-07-31 16:34:00,ok
00300,00300,10,2026-06-30 15:42:00,2026-07-27 21:48:00,ok
00314,00314,10,2026-07-13 09:25:00,2026-07-31 19:42:22,ok
00325,00325,10,2026-05-21 09:16:00,2026-07-29 16:26:00,ok
00368,德合集團,10,2026-04-30 09:04:57,2026-07-22 09:35:00,ok
00501,00501,10,2026-05-06 18:10:00,2026-07-31 16:22:00,ok
00589,00589,1,2026-03-04 11:08:47,2026-03-04 11:08:47,ok
00606,00606,1,2026-04-25 09:38:45,2026-04-25 09:38:45,ok
00638,00638,7,2026-03-19 20:47:26,2026-06-12 15:58:00,ok
00666,00666,10,2026-07-09 19:08:00,2026-07-31 16:34:00,ok
00699,00699,10,2026-05-29 09:23:00,2026-07-27 10:03:00,ok
00800,00800,10,2026-05-29 09:25:00,2026-07-29 15:46:36,ok
00805,00805,6,2026-02-03 20:46:14,2026-05-07 14:02:47,ok
00816,00816,10,2026-03-23 20:00:00,2026-06-24 16:50:00,ok
00873,00873,8,2026-03-02 16:04:09,2026-07-14 22:24:05,ok
00909,00909,10,2026-04-24 10:42:00,2026-07-30 16:42:00,ok
00917,00917,8,2026-03-12 19:12:14,2026-07-20 10:38:10,ok
00999,00999,10,2026-06-16 21:46:00,2026-07-15 15:15:00,ok
01024,01024,10,2026-06-16 21:47:00,2026-07-28 12:17:33,ok
01111,01111,3,2026-03-27 22:56:00,2026-04-30 09:03:12,ok
01147,01147,4,2026-03-18 20:40:09,2026-07-31 20:10:00,ok
01153,01153,6,2026-03-17 16:52:41,2026-07-22 10:31:02,ok
01156,,0,,,empty
01163,01163,4,2026-03-04 18:18:21,2026-07-27 12:04:00,ok
01167,01167,10,2026-07-09 09:24:00,2026-07-27 09:43:00,ok
01179,01179,10,2026-05-15 18:17:00,2026-07-28 18:04:43,ok
01204,博維智慧,10,2026-07-27 21:22:00,2026-07-31 20:28:00,ok
01209,01209,10,2026-04-09 13:47:33,2026-07-31 15:47:00,ok
01228,01228,6,2026-02-25 14:53:42,2026-07-30 17:47:00,ok
01244,01244,1,2026-05-27 09:41:08,2026-05-27 09:41:08,ok
01248,天兆豬業,10,2026-04-29 18:13:54,2026-07-23 08:56:04,ok
01274,01274,10,2026-05-25 20:02:00,2026-06-30 10:19:30,ok
01276,01276,10,2026-07-09 17:22:41,2026-07-29 18:25:00,ok
01284,新傳企劃,1,2026-07-22 09:35:00,2026-07-22 09:35:00,ok
01304,01304,10,2026-03-27 20:57:00,2026-07-20 22:35:24,ok
01318,01318,10,2026-03-27 09:58:30,2026-07-31 16:34:00,ok
01333,01333,10,2026-05-27 09:11:00,2026-07-31 17:35:00,ok
01334,01334,5,2026-03-11 19:30:53,2026-06-09 08:52:00,ok
01343,偉源控股,10,2026-07-30 14:18:11,2026-07-31 20:12:30,ok
01351,01351,3,2026-03-13 17:50:08,2026-05-27 20:39:37,ok
01354,01354,2,2026-02-07 03:01:35,2026-04-18 03:01:10,ok
01364,01364,10,2026-06-25 09:17:00,2026-07-29 11:02:00,ok
01376,01376,1,2026-06-01 09:14:00,2026-06-01 09:14:00,ok
01379,01379,5,2026-03-18 09:58:06,2026-05-11 07:44:00,ok
01384,01384,10,2026-07-17 18:36:00,2026-07-31 20:21:00,ok
01405,01405,7,2026-02-05 10:36:52,2026-07-02 14:06:41,ok
01406,清晰醫療,2,2026-06-10 19:04:00,2026-06-22 13:44:00,ok
01407,01407,4,2026-03-26 21:57:00,2026-04-22 15:37:02,ok
01408,濠江機電,10,2026-05-06 07:28:47,2026-07-31 16:57:49,ok
01413,廣聯工程控股,3,2026-03-14 00:00:15,2026-06-24 20:31:51,ok
01429,天任集團,3,2026-03-17 21:53:55,2026-05-01 16:47:58,ok
01433,常達控股,10,2026-07-27 20:58:00,2026-07-31 20:06:26,ok
01440,01440,2,2026-02-13 21:24:06,2026-02-24 16:15:40,ok
01449,01449,3,2026-06-01 09:10:04,2026-07-24 22:56:00,ok
01455,01455,2,2026-06-08 17:12:00,2026-06-29 19:51:00,ok
01463,,0,,,empty
01471,01471,10,2026-04-16 20:26:00,2026-07-29 22:18:28,ok
01472,01472,2,2026-04-12 18:58:20,2026-04-17 16:41:04,ok
01473,01473,4,2026-06-24 19:51:36,2026-06-30 13:24:00,ok
01477,01477,5,2026-04-01 14:16:56,2026-07-15 19:45:50,ok
01489,,0,,,empty
01490,01490,2,2026-03-29 18:36:00,2026-04-24 16:40:00,ok
01491,貝特集團控股,10,2026-07-25 20:23:00,2026-07-31 16:34:44,ok
01497,01497,10,2026-03-17 22:06:12,2026-07-20 23:17:00,ok
01502,01502,5,2026-03-26 22:24:00,2026-06-12 20:07:00,ok
01516,01516,10,2026-07-14 09:04:00,2026-07-27 09:43:00,ok
01519,01519,10,2026-06-24 09:09:00,2026-07-21 09:38:00,ok
01541,01541,10,2026-07-07 09:21:00,2026-07-27 09:43:00,ok
01597,納泉能源科技,10,2026-06-04 07:00:36,2026-07-22 23:24:06,ok
01641,01641,5,2026-04-02 14:13:13,2026-06-29 12:35:00,ok
01643,01643,5,2026-03-25 16:36:00,2026-05-06 22:55:00,ok
01645,01645,9,2026-03-09 19:15:34,2026-07-29 15:21:52,ok
01650,,0,,,empty
01795,01795,1,2026-04-29 00:35:47,2026-04-29 00:35:47,ok
01828,01828,3,2026-03-16 09:30:34,2026-03-16 20:22:28,ok
01855,01855,2,2026-03-18 17:17:55,2026-04-20 21:29:31,ok
01859,,0,,,empty
01880,01880,10,2026-04-09 15:32:58,2026-07-29 15:46:36,ok
01927,01927,2,2026-03-31 21:56:30,2026-04-29 15:59:05,ok
01936,,0,,,empty
01940,01940,5,2026-03-16 15:44:45,2026-07-31 16:59:00,ok
01941,01941,1,2026-03-19 22:49:19,2026-03-19 22:49:19,ok
01942,01942,2,2026-05-20 20:08:00,2026-07-24 12:07:38,ok
01945,01945,10,2026-07-02 09:11:00,2026-07-31 17:08:00,ok
01947,01947,2,2026-03-13 17:48:47,2026-04-24 17:40:00,ok
01948,01948,3,2026-03-24 08:57:00,2026-06-15 20:45:00,ok
01950,01950,1,2026-06-30 21:15:32,2026-06-30 21:15:32,ok
01952,01952,10,2026-07-17 09:14:00,2026-07-30 09:15:00,ok
01953,01953,1,2026-04-27 10:18:48,2026-04-27 10:18:48,ok
01957,01957,1,2026-02-16 21:07:38,2026-02-16 21:07:38,ok
01961,01961,4,2026-02-03 16:55:27,2026-07-07 16:48:00,ok
01965,01965,1,2026-04-29 18:30:05,2026-04-29 18:30:05,ok
01971,01971,7,2026-02-10 16:44:38,2026-07-08 09:17:27,ok
01973,01973,10,2026-03-05 16:46:17,2026-07-13 21:06:00,ok
01981,01981,2,2026-03-19 20:01:29,2026-03-31 10:36:47,ok
02015,02015,10,2026-06-18 22:18:00,2026-07-29 18:46:00,ok
02026,02026,10,2026-05-22 09:40:15,2026-07-01 18:40:00,ok
02050,02050,10,2026-04-22 21:36:00,2026-07-29 18:50:00,ok
02057,02057,10,2026-05-20 09:13:00,2026-07-17 21:38:12,ok
02076,02076,10,2026-03-18 19:58:22,2026-07-13 18:51:00,ok
02096,02096,10,2026-06-29 11:35:10,2026-07-31 07:01:14,ok
02097,02097,10,2026-06-12 15:51:00,2026-07-29 16:26:00,ok
02101,02101,2,2026-03-27 22:57:00,2026-04-30 09:03:26,ok
02105,02105,10,2026-06-10 09:31:00,2026-07-16 09:08:00,ok
02107,02107,7,2026-03-18 09:54:30,2026-06-26 20:19:00,ok
02110,裕勤控股,10,2026-07-30 09:46:00,2026-07-31 21:28:00,ok
02115,02115,1,2026-07-24 12:41:00,2026-07-24 12:41:00,ok
02117,02117,1,2026-04-28 16:41:00,2026-04-28 16:41:00,ok
02121,02121,10,2026-04-16 18:28:26,2026-07-02 16:43:00,ok
02125,02125,6,2026-03-24 20:28:00,2026-07-31 16:42:00,ok
02126,02126,3,2026-02-04 08:57:19,2026-04-15 16:29:00,ok
02127,匯森家居,10,2026-07-28 05:48:50,2026-07-31 20:16:00,ok
02129,02129,1,2026-04-23 09:08:00,2026-04-23 09:08:00,ok
02130,02130,1,2026-04-21 17:31:01,2026-04-21 17:31:01,ok
02131,02131,3,2026-06-22 21:44:00,2026-07-20 22:18:00,ok
02132,,0,,,empty
02135,02135,3,2026-02-10 16:39:08,2026-04-29 15:58:55,ok
02137,02137,9,2026-02-24 11:07:15,2026-06-18 09:03:00,ok
02142,02142,10,2026-05-21 09:16:00,2026-07-27 21:26:00,ok
02145,02145,10,2026-04-21 10:15:34,2026-07-17 21:53:03,ok
02146,02146,2,2026-04-30 09:17:24,2026-06-16 10:23:02,ok
02147,02147,1,2026-03-31 23:31:25,2026-03-31 23:31:25,ok
02148,VESYNC,1,2026-04-08 10:24:00,2026-04-08 10:24:00,ok
02149,02149,8,2026-03-25 17:22:00,2026-05-22 16:56:00,ok
02150,02150,10,2026-07-15 09:07:00,2026-07-27 09:43:00,ok
02152,02152,4,2026-03-31 17:26:00,2026-07-21 20:58:00,ok
02153,02153,1,2026-06-12 20:19:00,2026-06-12 20:19:00,ok
02155,02155,8,2026-02-12 16:43:42,2026-06-26 11:45:00,ok
02157,02157,10,2026-03-11 09:03:31,2026-07-28 12:32:00,ok
02158,02158,10,2026-06-01 09:47:00,2026-07-24 18:35:00,ok
02159,02159,5,2026-03-12 19:42:50,2026-07-31 20:01:00,ok
02160,02160,7,2026-03-31 14:11:29,2026-07-23 20:51:00,ok
02161,02161,1,2026-07-18 12:17:04,2026-07-18 12:17:04,ok
02162,02162,10,2026-07-15 15:39:21,2026-07-28 12:12:00,ok
02165,02165,9,2026-03-09 17:09:58,2026-06-23 12:20:56,ok
02167,02167,10,2026-03-31 12:57:02,2026-07-02 09:11:00,ok
02169,02169,3,2026-03-30 18:59:22,2026-04-29 15:59:30,ok
02170,02170,5,2026-02-26 20:20:07,2026-05-13 19:45:00,ok
02171,02171,10,2026-06-22 16:53:00,2026-07-20 09:33:00,ok
02172,02172,10,2026-06-25 09:17:00,2026-07-30 10:13:00,ok
02175,02175,2,2026-03-06 20:20:15,2026-05-25 20:59:33,ok
02177,02177,2,2026-03-30 22:43:00,2026-03-31 11:59:57,ok
02179,02179,7,2026-03-25 09:11:00,2026-07-31 17:34:00,ok
02185,02185,6,2026-03-16 17:12:55,2026-07-02 08:55:00,ok
02187,02187,8,2026-02-25 16:51:28,2026-06-11 17:59:00,ok
02190,02190,10,2026-06-22 22:35:00,2026-07-20 09:33:00,ok
02191,02191,3,2026-03-12 20:44:10,2026-04-10 16:12:00,ok
02192,02192,3,2026-03-26 17:33:00,2026-04-21 20:42:00,ok
02195,02195,1,2026-02-25 09:32:38,2026-02-25 09:32:38,ok
02197,02197,8,2026-03-22 20:36:00,2026-07-20 09:27:00,ok
02205,02205,7,2026-03-31 06:43:21,2026-07-17 19:39:18,ok
02207,融信服務,10,2026-07-27 11:39:12,2026-07-31 11:12:35,ok
02209,02209,1,2026-07-27 09:46:37,2026-07-27 09:46:37,ok
02210,02210,6,2026-03-06 17:12:18,2026-05-22 19:57:00,ok
02215,02215,7,2026-03-18 21:26:55,2026-05-06 10:25:00,ok
02216,02216,2,2026-04-25 18:19:51,2026-07-28 09:07:00,ok
02217,,0,,,empty
02219,02219,10,2026-07-15 09:07:00,2026-07-29 09:36:00,ok
02228,02228,10,2026-05-26 14:16:33,2026-07-28 07:00:00,ok
02235,02235,10,2026-07-09 09:24:00,2026-07-30 17:19:00,ok
02237,02237,3,2026-03-20 20:36:00,2026-04-13 17:54:59,ok
02245,02245,10,2026-06-26 08:28:00,2026-07-31 17:57:45,ok
02246,02246,1,2026-04-30 09:11:34,2026-04-30 09:11:34,ok
02250,02250,8,2026-02-25 18:20:43,2026-07-09 16:58:00,ok
02251,02251,10,2026-07-02 09:11:00,2026-07-21 09:38:00,ok
02252,02252,10,2026-06-29 10:19:42,2026-07-31 19:09:27,ok
02256,02256,10,2026-06-24 09:23:27,2026-07-14 09:04:00,ok
02257,02257,10,2026-02-24 11:07:15,2026-07-30 17:42:00,ok
02259,02259,10,2026-07-09 17:23:00,2026-07-30 09:38:54,ok
02260,02260,3,2026-03-27 21:19:00,2026-04-30 22:00:00,ok
02263,02263,1,2026-03-27 21:10:00,2026-03-27 21:10:00,ok
02265,02265,3,2026-03-18 19:11:47,2026-04-30 09:16:18,ok
02268,02268,10,2026-03-23 20:45:00,2026-07-21 20:26:00,ok
02270,02270,2,2026-03-26 09:43:00,2026-06-24 08:46:00,ok
02271,02271,6,2026-02-10 09:36:10,2026-06-30 21:01:12,ok
02273,02273,10,2026-06-17 21:07:00,2026-07-31 16:31:00,ok
02276,02276,10,2026-05-21 21:25:00,2026-07-28 15:19:00,ok
02279,02279,10,2026-03-31 16:55:00,2026-07-30 07:03:11,ok
02285,02285,10,2026-06-11 21:34:00,2026-07-20 09:33:00,ok
02291,02291,10,2026-07-01 08:52:00,2026-07-29 17:45:00,ok
02297,,0,,,empty
02306,02306,10,2026-03-26 20:47:00,2026-06-26 19:55:12,ok
02315,02315,10,2026-05-28 21:07:00,2026-07-16 16:32:00,ok
02321,雙財莊,3,2026-02-27 21:49:00,2026-04-03 12:18:00,ok
02325,02325,10,2026-02-28 09:17:40,2026-07-31 19:00:55,ok
02347,02347,6,2026-02-02 09:42:01,2026-07-21 19:12:00,ok
02350,數科集團,10,2026-05-18 19:47:00,2026-07-28 12:05:00,ok
02352,02352,5,2026-03-17 19:04:59,2026-06-17 17:33:00,ok
02361,02361,4,2026-03-29 17:46:31,2026-07-29 19:48:00,ok
02367,02367,10,2026-06-14 20:31:07,2026-07-15 15:58:23,ok
02370,02370,4,2026-03-30 19:53:49,2026-07-13 21:06:00,ok
02372,02372,1,2026-03-25 21:11:00,2026-03-25 21:11:00,ok
02373,02373,10,2026-07-14 09:04:00,2026-07-28 09:43:00,ok
02376,02376,2,2026-03-29 15:57:44,2026-04-24 20:08:00,ok
02378,02378,10,2026-03-06 17:32:50,2026-07-22 17:44:00,ok
02381,02381,4,2026-03-26 20:49:00,2026-07-17 12:54:35,ok
02385,02385,2,2026-04-22 19:20:04,2026-07-02 15:34:00,ok
02390,02390,10,2026-03-25 17:34:00,2026-06-04 14:25:50,ok
02391,02391,3,2026-03-03 09:14:38,2026-05-12 09:43:00,ok
02392,02392,10,2026-02-24 09:33:28,2026-07-29 16:35:47,ok
02396,02396,5,2026-03-10 12:40:23,2026-07-21 21:52:30,ok
02402,02402,10,2026-03-16 15:26:18,2026-07-17 18:06:00,ok
02405,力盟科技,1,2026-04-13 10:07:00,2026-04-13 10:07:00,ok
02407,02407,5,2026-03-26 21:39:00,2026-07-24 17:11:20,ok
02408,02408,10,2026-06-15 21:13:00,2026-07-20 17:13:00,ok
02409,02409,10,2026-04-28 18:32:00,2026-07-20 21:04:00,ok
02410,02410,10,2026-03-30 17:00:00,2026-07-29 04:08:48,ok
02411,02411,10,2026-06-01 20:47:00,2026-07-31 15:44:00,ok
02415,02415,1,2026-04-30 22:34:00,2026-04-30 22:34:00,ok
02416,02416,10,2026-07-06 21:31:00,2026-07-27 09:43:00,ok
02418,02418,10,2026-05-14 21:24:00,2026-05-21 09:16:00,ok
02419,02419,10,2026-06-09 18:03:00,2026-07-28 15:57:56,ok
02420,02420,4,2026-03-26 23:20:00,2026-04-10 19:25:02,ok
02422,02422,5,2026-03-23 16:49:00,2026-06-10 09:44:00,ok
02425,02425,10,2026-05-08 16:45:30,2026-07-27 13:53:00,ok
02427,02427,4,2026-02-12 09:12:51,2026-05-13 14:49:48,ok
02429,02429,10,2026-07-16 09:08:00,2026-07-29 20:47:00,ok
02431,02431,10,2026-06-30 11:52:44,2026-07-28 18:01:00,ok
02432,02432,10,2026-07-08 08:57:00,2026-07-24 19:53:00,ok
02433,中天湖南集團,10,2026-07-29 18:37:51,2026-07-31 20:57:00,ok
02436,02436,10,2026-06-29 17:48:00,2026-07-28 09:43:00,ok
02438,02438,10,2026-02-25 09:30:52,2026-07-28 20:01:08,ok
02439,02439,8,2026-03-24 09:04:00,2026-04-27 18:44:51,ok
02440,02440,10,2026-02-16 13:56:25,2026-06-18 12:50:00,ok
02442,02442,1,2026-02-24 10:43:56,2026-02-24 10:43:56,ok
02443,02443,1,2026-03-31 17:04:00,2026-03-31 17:04:00,ok
02450,02450,5,2026-03-13 16:48:18,2026-06-22 20:53:00,ok
02451,02451,10,2026-06-29 22:14:00,2026-07-28 21:26:00,ok
02453,02453,10,2026-04-15 23:03:16,2026-07-30 21:36:00,ok
02455,02455,4,2026-04-01 16:36:40,2026-06-03 10:09:00,ok
02457,02457,2,2026-03-27 19:01:00,2026-04-23 21:14:17,ok
02458,02458,3,2026-03-13 20:34:00,2026-07-06 18:54:58,ok
02459,昇能集團,10,2026-07-20 16:36:56,2026-07-30 11:14:58,ok
02460,02460,10,2026-06-24 07:39:00,2026-07-28 15:19:00,ok
02465,02465,10,2026-07-23 09:07:00,2026-07-30 09:15:00,ok
02469,02469,10,2026-07-08 20:12:00,2026-07-31 16:34:00,ok
02473,02473,10,2026-07-14 17:20:00,2026-07-30 09:15:00,ok
02477,02477,10,2026-07-13 18:46:00,2026-07-30 09:15:00,ok
02479,02479,2,2026-07-14 22:38:00,2026-07-15 09:10:00,ok
02480,02480,4,2026-03-18 20:26:19,2026-04-28 15:04:00,ok
02481,02481,3,2026-03-20 22:55:00,2026-05-15 22:40:00,ok
02482,02482,1,2026-04-27 18:44:31,2026-04-27 18:44:31,ok
02483,,0,,,empty
02486,02486,5,2026-03-24 19:57:00,2026-07-24 17:20:35,ok
02487,02487,6,2026-03-16 09:27:54,2026-05-14 16:00:00,ok
02489,02489,10,2026-05-28 17:27:57,2026-07-21 09:38:00,ok
02490,02490,8,2026-02-27 20:09:33,2026-06-26 09:42:00,ok
02495,02495,6,2026-02-06 11:17:21,2026-05-10 20:06:00,ok
02496,02496,5,2026-02-03 19:09:11,2026-04-23 20:15:00,ok
02497,02497,2,2026-03-30 20:28:00,2026-05-29 09:07:00,ok
02498,02498,10,2026-06-05 09:24:02,2026-07-22 19:16:00,ok
02499,02499,4,2026-03-26 16:55:00,2026-04-23 10:01:54,ok
02501,02501,4,2026-03-18 09:54:39,2026-07-27 10:43:45,ok
02502,02502,3,2026-03-16 18:23:46,2026-04-23 21:15:37,ok
02503,02503,8,2026-02-13 06:02:24,2026-06-17 20:33:00,ok
02505,02505,3,2026-03-26 15:06:55,2026-04-09 16:02:55,ok
02506,02506,10,2026-03-27 19:56:28,2026-06-29 15:30:04,ok
02507,02507,7,2026-02-03 10:06:57,2026-06-30 16:25:00,ok
02508,02508,10,2026-07-17 09:11:00,2026-07-31 09:08:00,ok
02509,02509,10,2026-06-23 09:41:28,2026-07-31 20:01:00,ok
02510,02510,10,2026-02-04 10:27:38,2026-06-08 17:12:00,ok
02511,02511,7,2026-02-02 17:41:29,2026-07-10 21:26:00,ok
02512,02512,10,2026-02-02 20:23:40,2026-04-27 22:05:51,ok
02513,02513,10,2026-07-27 10:52:25,2026-07-31 20:17:00,ok
02515,02515,6,2026-02-12 09:25:33,2026-04-09 13:18:33,ok
02516,02516,7,2026-03-13 17:40:48,2026-07-02 20:04:00,ok
02517,02517,10,2026-06-04 21:28:00,2026-07-20 13:49:57,ok
02518,02518,10,2026-05-28 18:40:00,2026-07-29 10:15:49,ok
02519,02519,6,2026-03-06 20:58:02,2026-04-23 10:02:15,ok
02520,02520,10,2026-02-09 21:00:30,2026-07-31 17:58:00,ok
02521,02521,8,2026-03-18 09:57:48,2026-07-17 19:11:56,ok
02522,02522,10,2026-04-20 14:33:07,2026-06-23 22:17:00,ok
02525,02525,10,2026-05-20 23:57:11,2026-07-29 15:46:36,ok
02529,02529,4,2026-02-12 19:38:11,2026-05-11 22:00:00,ok
02530,02530,10,2026-03-03 19:55:42,2026-06-12 09:23:00,ok
02531,02531,2,2026-04-22 22:55:00,2026-04-23 12:19:23,ok
02533,02533,10,2026-05-14 10:11:00,2026-07-31 10:37:46,ok
02535,泓基集團,10,2026-04-30 09:04:57,2026-07-22 09:35:00,ok
02536,02536,1,2026-02-02 16:39:38,2026-02-02 16:39:38,ok
02539,02539,7,2026-02-05 11:31:01,2026-06-27 09:17:40,ok
02540,02540,4,2026-03-13 20:44:30,2026-06-05 08:47:00,ok
02543,02543,5,2026-03-19 20:47:26,2026-06-16 19:27:00,ok
02545,02545,4,2026-03-03 17:52:22,2026-03-31 17:32:20,ok
02546,02546,10,2026-04-28 16:56:00,2026-07-31 16:42:00,ok
02549,02549,5,2026-02-09 20:09:27,2026-07-16 22:18:00,ok
02550,02550,5,2026-03-25 22:45:00,2026-06-08 09:10:00,ok
02551,02551,10,2026-02-25 08:48:15,2026-05-18 22:18:00,ok
02553,02553,10,2026-05-26 10:43:00,2026-07-03 13:21:00,ok
02555,02555,10,2026-04-24 19:50:00,2026-07-29 11:02:00,ok
02556,02556,10,2026-05-18 13:44:50,2026-07-31 16:34:00,ok
02559,02559,10,2026-06-30 00:11:08,2026-07-28 09:07:00,ok
02560,02560,10,2026-03-31 17:15:00,2026-07-10 16:48:00,ok
02561,02561,10,2026-06-12 09:16:00,2026-07-02 18:16:55,ok
02563,02563,6,2026-03-25 12:37:00,2026-05-28 08:57:00,ok
02565,02565,10,2026-06-05 20:20:00,2026-07-22 20:46:00,ok
02566,02566,10,2026-06-26 08:59:00,2026-07-16 09:08:00,ok
02567,02567,6,2026-03-20 19:12:00,2026-05-26 17:45:00,ok
02569,02569,1,2026-04-23 19:03:27,2026-04-23 19:03:27,ok
02570,02570,9,2026-02-02 14:43:43,2026-07-21 15:34:30,ok
02571,02571,10,2026-03-04 20:21:58,2026-07-31 18:44:00,ok
02573,02573,7,2026-03-05 09:22:27,2026-07-14 19:23:00,ok
02575,02575,10,2026-04-19 18:34:00,2026-07-19 20:58:31,ok
02576,02576,10,2026-07-08 09:30:00,2026-07-27 09:43:00,ok
02577,02577,10,2026-05-26 09:25:43,2026-07-08 15:27:00,ok
02579,02579,10,2026-04-09 14:25:27,2026-07-15 07:00:29,ok
02580,02580,10,2026-03-06 17:39:49,2026-07-30 21:36:00,ok
02581,02581,7,2026-03-10 09:07:39,2026-07-29 22:04:33,ok
02582,02582,10,2026-04-27 23:01:00,2026-07-28 09:07:00,ok
02583,02583,10,2026-03-08 18:31:08,2026-07-30 07:03:11,ok
02585,02585,10,2026-03-24 22:57:00,2026-07-30 21:25:00,ok
02586,02586,10,2026-06-25 09:17:00,2026-07-10 22:31:00,ok
02587,02587,7,2026-02-13 09:21:16,2026-06-10 20:46:00,ok
02589,02589,10,2026-07-20 11:11:51,2026-07-31 20:58:00,ok
02590,02590,10,2026-06-26 21:43:00,2026-07-28 09:07:00,ok
02591,02591,10,2026-05-11 11:45:20,2026-07-28 20:40:00,ok
02592,02592,7,2026-02-16 21:07:38,2026-07-17 19:24:00,ok
02593,,0,,,empty
02595,02595,10,2026-04-14 12:01:02,2026-07-17 20:44:00,ok
02596,02596,10,2026-03-30 21:29:15,2026-06-25 20:51:00,ok
02597,02597,10,2026-02-07 10:09:06,2026-07-02 23:09:01,ok
02598,02598,10,2026-06-30 17:06:00,2026-07-22 18:45:40,ok
02599,祥生控股集團,10,2026-07-07 20:04:00,2026-07-27 08:45:18,ok
02602,02602,10,2026-07-02 21:28:00,2026-07-14 09:04:00,ok
02603,02603,10,2026-07-16 07:03:00,2026-07-30 09:15:00,ok
02605,02605,1,2026-03-27 11:05:56,2026-03-27 11:05:56,ok
02609,02609,10,2026-05-18 16:33:00,2026-06-23 21:01:00,ok
02610,02610,10,2026-03-26 23:21:00,2026-07-31 20:22:00,ok
02613,02613,10,2026-03-31 22:45:48,2026-07-22 17:44:00,ok
02615,02615,1,2026-07-15 07:42:38,2026-07-15 07:42:38,ok
02617,02617,10,2026-06-28 18:42:00,2026-07-27 09:43:00,ok
02618,02618,10,2026-06-11 09:11:00,2026-06-30 09:08:00,ok
02619,02619,4,2026-03-13 17:48:48,2026-06-18 16:55:00,ok
02621,02621,10,2026-05-12 09:18:00,2026-07-16 09:26:00,ok
02625,02625,7,2026-03-20 21:46:00,2026-07-18 16:13:36,ok
02627,02627,10,2026-02-16 09:59:07,2026-07-10 14:41:25,ok
02629,02629,10,2026-03-30 14:19:04,2026-07-10 09:23:48,ok
02630,02630,8,2026-01-31 07:35:31,2026-07-15 18:00:00,ok
02631,02631,10,2026-07-09 15:07:46,2026-07-30 09:15:00,ok
02635,02635,10,2026-05-11 10:11:50,2026-07-07 16:36:00,ok
02637,02637,10,2026-06-22 12:01:00,2026-07-16 15:04:00,ok
02643,02643,10,2026-06-22 22:42:00,2026-07-28 10:25:00,ok
02648,02648,9,2026-02-26 14:03:14,2026-07-15 15:03:47,ok
02651,02651,5,2026-03-11 10:18:34,2026-07-07 20:02:00,ok
02655,02655,10,2026-04-21 17:09:17,2026-07-21 14:39:17,ok
02656,02656,10,2026-03-28 11:26:00,2026-05-26 20:22:00,ok
02657,02657,10,2026-07-09 21:56:00,2026-07-31 09:08:00,ok
02658,02658,9,2026-02-06 17:47:21,2026-06-22 10:26:16,ok
02659,02659,10,2026-07-10 10:51:09,2026-07-29 17:45:00,ok
02661,02661,10,2026-06-22 23:04:00,2026-07-25 02:31:05,ok
02670,02670,10,2026-06-09 09:13:00,2026-07-30 19:28:00,ok
02671,02671,4,2026-03-26 23:23:00,2026-05-15 23:00:00,ok
02675,02675,10,2026-06-15 08:02:00,2026-07-27 11:19:38,ok
02676,02676,10,2026-04-28 06:48:00,2026-07-23 19:56:00,ok
02685,02685,10,2026-06-10 16:33:00,2026-07-31 19:02:00,ok
02687,02687,10,2026-04-30 09:12:26,2026-07-26 14:57:46,ok
02691,02691,10,2026-05-14 17:55:00,2026-07-28 17:07:00,ok
02693,02693,5,2026-03-07 21:13:49,2026-07-24 17:21:00,ok
02695,02695,9,2026-02-06 21:11:08,2026-06-16 19:27:00,ok
02698,02698,10,2026-05-26 15:40:00,2026-07-23 15:09:00,ok
02718,02718,10,2026-07-02 13:00:51,2026-07-30 15:40:18,ok
02788,02788,10,2026-03-30 09:40:50,2026-07-30 15:11:00,ok
02865,02865,10,2026-07-14 17:28:00,2026-07-30 09:15:00,ok
02881,02881,7,2026-02-11 09:09:53,2026-07-21 20:58:00,ok
02898,02898,2,2026-04-16 16:50:00,2026-05-27 08:59:00,ok
03288,03288,10,2026-03-27 08:46:00,2026-07-21 17:09:00,ok
03317,03317,10,2026-07-02 13:47:36,2026-07-31 21:37:00,ok
03347,03347,10,2026-06-10 17:25:00,2026-07-10 16:47:00,ok
03378,03378,10,2026-06-23 23:07:00,2026-07-20 09:33:00,ok
03390,03390,4,2026-03-05 18:25:54,2026-04-16 17:26:56,ok
03611,花房集團,10,2026-04-30 09:04:57,2026-07-22 09:35:00,ok
03636,03636,10,2026-05-12 09:52:53,2026-07-27 09:43:00,ok
03650,03650,10,2026-07-14 09:04:00,2026-07-27 09:43:00,ok
03658,03658,8,2026-03-23 18:26:00,2026-06-16 18:37:00,ok
03660,03660,7,2026-03-06 10:58:18,2026-06-27 15:34:26,ok
03677,03677,10,2026-04-13 09:37:50,2026-07-22 18:09:56,ok
03696,03696,10,2026-07-02 09:27:00,2026-07-29 09:06:00,ok
03750,03750,10,2026-07-20 09:46:20,2026-07-30 09:13:00,ok
03858,03858,10,2026-05-18 20:07:00,2026-07-23 16:00:54,ok
03880,03880,10,2026-02-26 08:20:14,2026-07-31 16:59:00,ok
03881,03881,10,2026-04-09 08:48:00,2026-07-29 15:46:36,ok
03887,03887,10,2026-04-22 15:07:00,2026-07-29 16:47:00,ok
03913,03913,2,2026-03-31 20:20:02,2026-04-24 21:34:12,ok
03931,03931,10,2026-07-19 16:17:02,2026-07-30 09:13:00,ok
03986,03986,10,2026-07-28 09:26:13,2026-07-31 20:17:00,ok
04801,,0,,,empty
04841,,0,,,empty
06031,06031,10,2026-05-11 09:54:30,2026-07-24 21:31:00,ok
06063,智中國際,5,2026-03-23 22:32:50,2026-05-01 19:44:32,ok
06078,06078,10,2026-06-18 22:18:00,2026-07-28 09:43:00,ok
06082,06082,10,2026-06-08 08:21:11,2026-07-31 18:44:00,ok
06086,06086,9,2026-02-03 09:42:17,2026-07-17 21:52:00,ok
06090,06090,10,2026-06-26 08:59:00,2026-07-27 11:32:21,ok
06127,06127,10,2026-07-15 09:42:51,2026-07-30 09:15:00,ok
06166,06166,10,2026-07-23 09:38:33,2026-07-30 11:32:00,ok
06168,06168,10,2026-06-16 21:46:00,2026-07-02 21:25:00,ok
06181,06181,10,2026-07-27 16:48:00,2026-07-28 19:35:59,ok
06600,06600,10,2026-06-11 18:55:00,2026-07-14 19:30:00,ok
06601,06601,7,2026-02-11 15:07:54,2026-04-16 15:25:21,ok
06603,06603,10,2026-03-10 09:16:24,2026-07-31 19:07:34,ok
06606,06606,2,2026-04-16 21:27:58,2026-06-09 18:44:00,ok
06608,06608,10,2026-04-29 15:59:45,2026-07-31 20:16:00,ok
06609,06609,8,2026-03-26 19:27:00,2026-07-21 22:58:00,ok
06610,06610,6,2026-02-10 09:33:18,2026-07-15 22:52:00,ok
06611,06611,2,2026-03-31 19:52:42,2026-06-30 20:43:00,ok
06613,06613,10,2026-06-16 09:42:59,2026-07-28 17:23:01,ok
06616,06616,10,2026-03-26 11:27:50,2026-07-07 08:28:37,ok
06618,06618,10,2026-06-15 08:02:00,2026-07-30 16:20:05,ok
06622,06622,10,2026-06-15 12:49:00,2026-07-20 12:29:00,ok
06626,06626,10,2026-03-26 16:40:00,2026-07-29 20:27:00,ok
06628,06628,5,2026-02-24 19:59:52,2026-05-26 16:49:00,ok
06633,06633,6,2026-03-04 17:30:36,2026-04-20 18:19:04,ok
06639,06639,4,2026-03-02 20:45:45,2026-06-30 16:57:00,ok
06651,06651,10,2026-06-29 09:27:29,2026-07-31 14:14:00,ok
06657,06657,7,2026-03-24 22:58:00,2026-06-25 20:52:00,ok
06660,06660,10,2026-02-05 20:30:37,2026-06-15 18:14:38,ok
06661,06661,4,2026-02-25 19:53:45,2026-06-05 21:21:00,ok
06666,06666,10,2026-05-04 13:51:39,2026-07-28 09:27:00,ok
06667,06667,10,2026-07-08 09:31:00,2026-07-29 09:36:00,ok
06668,06668,6,2026-03-10 09:40:36,2026-04-22 16:44:00,ok
06669,06669,2,2026-03-26 17:16:00,2026-05-08 15:09:00,ok
06677,06677,4,2026-03-19 09:27:52,2026-05-12 10:01:30,ok
06678,06678,1,2026-02-24 16:57:42,2026-02-24 16:57:42,ok
06680,06680,10,2026-04-22 18:22:00,2026-07-20 09:33:00,ok
06681,06681,10,2026-05-19 21:59:00,2026-07-27 09:53:06,ok
06682,06682,10,2026-07-22 07:09:00,2026-07-30 15:11:00,ok
06683,06683,10,2026-03-07 19:44:04,2026-04-01 18:41:55,ok
06686,06686,10,2026-02-23 18:14:20,2026-07-10 07:04:00,ok
06687,06687,10,2026-05-21 09:16:00,2026-07-30 09:27:00,ok
06688,螞蟻集團,10,2026-04-30 09:04:57,2026-07-22 09:35:00,ok
06689,洪九果品,4,2026-03-14 13:37:03,2026-04-10 21:40:58,ok
06693,06693,10,2026-07-13 11:28:26,2026-07-31 11:14:00,ok
06696,06696,9,2026-02-27 16:44:20,2026-04-17 18:28:00,ok
06698,06698,10,2026-06-29 08:58:00,2026-07-22 08:54:00,ok
06699,06699,10,2026-03-03 17:26:44,2026-04-23 20:05:00,ok
06813,,0,,,empty
06821,06821,10,2026-07-10 10:30:04,2026-07-30 22:12:00,ok
06831,06831,10,2026-04-24 09:08:00,2026-06-04 16:38:00,ok
06883,06883,3,2026-03-17 09:54:44,2026-03-21 13:46:34,ok
06900,上坤地產,10,2026-07-21 16:59:10,2026-07-31 18:28:38,ok
06909,06909,2,2026-05-29 21:53:00,2026-07-16 16:35:00,ok
06911,06911,10,2026-05-21 21:57:11,2026-07-31 08:54:00,ok
06913,06913,1,2026-04-30 09:11:34,2026-04-30 09:11:34,ok
06918,06918,2,2026-07-09 22:32:00,2026-07-14 17:31:00,ok
06922,06922,1,2026-04-29 18:30:08,2026-04-29 18:30:08,ok
06929,06929,5,2026-03-12 17:09:52,2026-07-22 18:00:00,ok
06933,06933,2,2026-04-28 17:14:00,2026-04-29 15:58:38,ok
06936,06936,10,2026-07-07 22:12:00,2026-07-28 21:15:00,ok
06938,06938,10,2026-07-14 09:04:00,2026-07-29 21:17:00,ok
06939,06939,4,2026-03-02 16:39:06,2026-06-29 21:13:00,ok
06955,06955,10,2026-06-11 22:12:00,2026-07-08 21:42:00,ok
06958,06958,1,2026-04-29 18:27:14,2026-04-29 18:27:14,ok
06959,06959,4,2026-03-27 22:03:00,2026-06-22 17:34:00,ok
06960,06960,10,2026-04-10 19:15:00,2026-07-17 07:01:22,ok
06963,06963,10,2026-03-16 20:14:28,2026-06-22 18:41:00,ok
06968,06968,4,2026-03-17 20:36:53,2026-07-16 20:47:00,ok
06969,06969,10,2026-05-06 14:04:00,2026-07-16 13:56:47,ok
06978,06978,3,2026-04-08 08:56:09,2026-04-28 13:04:05,ok
06979,06979,10,2026-03-26 09:03:00,2026-07-22 15:06:39,ok
06980,06980,10,2026-07-07 16:48:00,2026-07-17 09:11:00,ok
06988,06988,6,2026-03-20 16:36:12,2026-04-28 20:15:58,ok
06989,06989,7,2026-03-06 19:36:17,2026-04-28 20:16:19,ok
06990,06990,10,2026-07-15 07:36:00,2026-07-30 21:36:00,ok
06993,06993,10,2026-06-11 21:34:00,2026-07-24 17:52:18,ok
06996,06996,10,2026-07-13 15:13:00,2026-07-31 17:08:00,ok
06998,06998,10,2026-07-17 08:59:00,2026-07-29 09:36:00,ok
06999,06999,2,2026-03-17 16:58:07,2026-03-24 20:32:00,ok
07618,07618,10,2026-06-12 09:16:00,2026-07-10 15:13:00,ok
07801,,0,,,empty
07841,,0,,,empty
08489,08489,1,2026-04-24 21:34:12,2026-04-24 21:34:12,ok
08496,08496,2,2026-03-20 09:34:18,2026-06-17 22:27:23,ok
08529,優博控股,10,2026-07-27 10:22:29,2026-07-31 16:57:48,ok
08610,08610,3,2026-03-19 20:47:26,2026-07-07 22:39:00,ok
08616,新威工程集團,10,2026-07-29 11:47:00,2026-07-31 19:11:49,ok
08620,亞洲速運,1,2026-04-17 09:17:38,2026-04-17 09:17:38,ok
08623,中國蜀塔,10,2026-03-23 22:32:50,2026-07-14 17:33:00,ok
08629,08629,6,2026-03-26 23:22:00,2026-07-24 17:53:00,ok
08637,08637,3,2026-04-10 09:23:00,2026-07-08 21:41:00,ok
08657,08657,1,2026-06-25 17:03:01,2026-06-25 17:03:01,ok
08659,易和國際控股,10,2026-05-14 20:39:00,2026-07-27 20:02:00,ok
09600,09600,6,2026-02-05 08:49:49,2026-04-24 21:34:31,ok
09606,09606,10,2026-05-27 09:38:00,2026-07-03 16:39:27,ok
09608,09608,4,2026-03-31 16:35:52,2026-06-30 16:34:00,ok
09609,09609,4,2026-03-13 22:08:53,2026-04-29 18:36:38,ok
09616,09616,6,2026-03-26 16:52:00,2026-04-15 20:40:00,ok
09618,09618,10,2026-06-30 16:07:00,2026-07-21 07:01:11,ok
09626,09626,10,2026-06-24 17:52:00,2026-07-31 15:44:00,ok
09633,09633,10,2026-04-17 19:58:00,2026-07-14 15:28:00,ok
09636,09636,10,2026-06-03 23:22:00,2026-07-31 20:16:00,ok
09638,09638,6,2026-03-19 15:00:35,2026-05-19 20:43:00,ok
09639,,0,,,empty
09660,09660,10,2026-07-21 12:25:00,2026-07-30 15:11:00,ok
09663,09663,4,2026-04-29 15:59:29,2026-05-18 19:08:26,ok
09666,09666,10,2026-02-02 20:23:39,2026-03-31 20:17:37,ok
09668,09668,10,2026-04-29 17:50:00,2026-07-24 16:38:00,ok
09669,09669,10,2026-07-17 09:11:00,2026-07-30 09:15:00,ok
09676,09676,10,2026-03-27 19:22:00,2026-06-08 18:24:00,ok
09677,09677,10,2026-04-15 20:23:07,2026-07-23 17:02:00,ok
09678,09678,10,2026-07-20 10:31:55,2026-07-31 12:53:00,ok
09680,09680,10,2026-03-03 17:23:16,2026-06-22 11:49:00,ok
09686,09686,1,2026-03-22 12:30:00,2026-03-22 12:30:00,ok
09688,09688,10,2026-04-20 09:51:49,2026-07-16 15:17:00,ok
09690,09690,10,2026-06-26 08:59:00,2026-07-24 15:11:00,ok
09696,09696,10,2026-06-09 15:14:36,2026-07-29 15:46:36,ok
09698,09698,10,2026-04-24 09:41:18,2026-05-22 17:01:00,ok
09699,09699,10,2026-06-08 19:15:00,2026-07-15 08:46:00,ok
09857,09857,10,2026-05-08 18:51:00,2026-07-27 09:43:00,ok
09858,09858,10,2026-06-29 21:03:00,2026-07-29 18:28:16,ok
09860,09860,5,2026-02-13 17:44:45,2026-06-29 10:53:00,ok
09863,09863,10,2026-07-22 08:50:00,2026-07-30 15:11:00,ok
09868,09868,10,2026-07-15 20:46:00,2026-07-29 19:44:21,ok
09869,09869,10,2026-06-11 13:58:24,2026-06-30 21:11:50,ok
09877,09877,10,2026-03-30 09:39:00,2026-07-16 22:18:00,ok
09878,09878,10,2026-02-13 21:24:06,2026-06-26 17:41:00,ok
09879,09879,5,2026-06-25 20:16:00,2026-07-24 16:41:00,ok
09880,09880,10,2026-07-03 13:58:33,2026-07-24 16:17:00,ok
09881,09881,6,2026-03-08 16:38:28,2026-04-30 19:03:00,ok
09885,09885,6,2026-03-12 09:46:18,2026-04-21 15:42:31,ok
09886,09886,10,2026-07-09 09:24:00,2026-07-30 16:20:05,ok
09887,09887,10,2026-07-10 12:47:00,2026-07-30 21:36:00,ok
09888,09888,10,2026-07-16 16:36:03,2026-07-31 15:44:00,ok
09889,09889,10,2026-03-16 16:40:39,2026-04-28 10:07:00,ok
09890,09890,10,2026-07-17 23:45:00,2026-07-31 21:24:57,ok
09896,09896,10,2026-06-01 20:47:00,2026-07-15 15:35:01,ok
09898,09898,10,2026-03-13 20:36:13,2026-07-14 08:34:00,ok
09899,09899,10,2026-05-08 09:14:00,2026-06-18 19:14:58,ok
09901,09901,10,2026-07-27 07:29:26,2026-07-30 18:54:34,ok
09903,09903,10,2026-07-16 09:25:42,2026-07-31 18:44:00,ok
09906,09906,7,2026-03-20 08:51:05,2026-05-12 19:43:01,ok
09908,09908,2,2026-03-27 21:30:00,2026-03-29 16:41:21,ok
09913,,0,,,empty
09916,09916,1,2026-04-20 19:40:25,2026-04-20 19:40:25,ok
09923,09923,10,2026-05-27 09:24:00,2026-07-22 18:45:40,ok
09926,09926,10,2026-06-29 17:46:09,2026-07-27 15:05:00,ok
09927,09927,10,2026-07-01 19:01:44,2026-07-21 17:40:00,ok
09929,09929,1,2026-04-13 11:45:25,2026-04-13 11:45:25,ok
09930,09930,6,2026-02-12 23:14:18,2026-04-21 20:03:04,ok
09936,09936,10,2026-03-02 11:59:35,2026-07-02 12:08:00,ok
09939,09939,10,2026-03-16 10:57:18,2026-06-01 09:47:00,ok
09955,09955,3,2026-02-18 21:54:22,2026-03-27 11:03:00,ok
09956,09956,1,2026-02-01 20:04:46,2026-02-01 20:04:46,ok
09958,09958,3,2026-03-31 17:33:57,2026-07-10 21:15:00,ok
09959,09959,10,2026-06-23 23:07:00,2026-07-20 09:33:00,ok
09960,09960,10,2026-07-15 09:07:00,2026-07-28 09:43:00,ok
09961,09961,10,2026-06-25 08:57:46,2026-07-31 06:07:11,ok
09969,09969,10,2026-07-06 09:48:34,2026-07-27 19:05:15,ok
09973,09973,10,2026-07-01 19:04:00,2026-07-29 16:26:00,ok
09977,鳳祥股份,10,2026-07-23 17:55:24,2026-07-31 21:29:00,ok
09979,09979,10,2026-03-31 11:11:19,2026-07-31 17:57:00,ok
09982,09982,6,2026-03-20 08:52:17,2026-06-03 22:59:00,ok
09983,09983,3,2026-03-20 22:41:00,2026-04-21 09:55:28,ok
09985,09985,10,2026-06-11 20:25:00,2026-07-31 16:34:00,ok
09986,,0,,,empty
09987,09987,10,2026-07-20 09:33:00,2026-07-31 08:30:43,ok
09989,09989,10,2026-07-07 09:21:00,2026-07-24 09:14:00,ok
09990,09990,8,2026-03-20 18:50:43,2026-06-05 17:29:46,ok
09991,09991,5,2026-03-23 11:06:00,2026-05-20 21:36:00,ok
09992,09992,10,2026-07-16 13:56:47,2026-07-31 13:33:11,ok
09993,09993,10,2026-05-18 22:01:00,2026-07-20 20:38:00,ok
09995,09995,10,2026-07-20 11:17:15,2026-07-30 17:53:00,ok
09996,09996,5,2026-03-17 20:36:53,2026-06-29 11:29:46,ok
09997,康基醫療,2,2026-06-10 19:04:00,2026-06-22 13:44:00,ok
09999,09999,10,2026-07-20 11:35:55,2026-07-31 19:29:04,ok
