stock_code,windcode,company_display,listing_date,industry,day1_return,day5_return,day20_return,day60_return,is_break,mdd20,listboard,performance_class
00368,0368.HK,德合集團,2020-07-17,地产/建筑,0.0,-0.0285714285714284,-0.1285714285714285,0.0857142857142858,False,-0.1643835616438356,,平稳
00589,0589.HK,建中建設,2020-03-18,其他,0.3034482758620689,0.406896551724138,0.3034482758620689,0.186206896551724,False,-0.1800947867298578,,暴涨
00873,0873.HK,世茂服務,2020-10-30,地产/建筑,0.0506329113924051,0.0126582278481012,-0.1316455696202531,-0.0506329113924051,False,-0.20722891566265067,,平稳
00909,0909.HK,明源雲,2020-09-25,TMT/互联网,0.189922480620155,0.2945736434108526,0.3275193798449612,0.8003875968992249,False,-0.15489130434782594,,平稳
01147,1147.HK,伊登軟件,2020-05-13,TMT/互联网,-0.2274881516587677,-0.1848341232227488,-0.3981042654028436,-0.3696682464454976,True,-0.2849162011173184,,破发/走弱
01153,1153.HK,佳源服務,2020-12-09,地产/建筑,-0.010204081632653,-0.0127551020408162,0.0076530612244898,-0.010204081632653,True,-0.007712082262210873,,平稳
01156,1156.HK,CHINANEWENERGY,2020-07-15,工业/制造,-0.4166666666666667,-0.575,-0.6291666666666667,-0.725,True,-0.37857142857142856,,暴跌
01163,1163.HK,虎視傳媒,2020-07-10,消费/零售,0.019047619047619,0.0095238095238095,-0.1619047619047619,-0.0952380952380953,False,-0.42361111111111116,,平稳
01167,1167.HK,加科思－Ｂ,2020-12-21,生物科技/医药,-0.097622027534418,-0.0988735919899874,0.3078848560700875,0.0200250312891114,True,-0.07219251336898391,,破发/走弱
01179,1179.HK,華住集團－Ｓ,2020-09-22,消费/零售,0.0196721311475409,0.1167213114754099,0.1108196721311475,0.1934426229508196,False,-0.09888268156424573,,平稳
01209,1209.HK,華潤萬象生活,2020-12-09,地产/建筑,-0.0909090909090909,0.0097402597402597,0.4220779220779219,0.2077922077922078,True,-0.0724832214765101,,平稳
01248,1248.HK,天兆豬業,2020-10-29,其他,,,,,False,,,无行情
01343,1343.HK,偉源控股,2020-03-12,地产/建筑,0.1285714285714287,0.5428571428571429,1.4142857142857144,0.9857142857142857,False,-0.1271186440677965,,暴涨
01351,1351.HK,輝煌明天,2020-11-11,消费/零售,-0.1317365269461077,-0.215568862275449,-0.2335329341317365,1.1197604790419162,True,-0.19310344827586212,,暴跌
01376,1376.HK,RAFFLESINTERIOR,2020-05-07,地产/建筑,-0.1486486486486486,-0.1216216216216216,-0.1756756756756756,-0.1621621621621621,True,-0.21917808219178092,,破发/走弱
01379,1379.HK,温嶺工量刃具,2020-12-30,地产/建筑,-0.013029315960912,0.0358306188925082,-0.0032573289902279,-0.014657980456026,True,-0.09896602658788778,,平稳
01408,1408.HK,濠江機電,2020-09-11,地产/建筑,0.3619047619047618,0.6666666666666666,0.8523809523809524,-0.7619047619047619,False,-0.11718749999999989,,暴涨
01429,1429.HK,天任集團,2020-09-29,地产/建筑,0.111111111111111,0.2222222222222223,-0.7166666666666667,-0.8322222222222222,False,-0.9208835341365462,,平稳
01433,1433.HK,常達控股,2020-03-12,工业/制造,-0.0683229813664596,-0.2546583850931677,-0.2298136645962733,-0.5838509316770186,True,-0.19999999999999996,,暴跌
01440,1440.HK,DEYUN HOLDING,2021-01-13,消费/零售,-0.0119047619047619,0.1904761904761904,0.523809523809524,0.1666666666666666,True,-0.3709677419354839,,平稳
01449,1449.HK,立德教育,2020-08-06,消费/零售,-0.0656565656565656,-0.2121212121212121,-0.3383838383838383,-0.5454545454545455,True,-0.2810810810810811,,暴跌
01455,1455.HK,科利實業控股,2020-09-15,消费/零售,0.3894736842105265,-0.5368421052631579,-0.748421052631579,-0.7757894736842106,False,-0.8477272727272727,,暴跌
01463,1463.HK,C-LINK SQ,2020-03-27,消费/零售,-0.2110091743119266,-0.1009174311926606,0.1009174311926604,0.0366972477064218,True,-0.22962962962962963,,破发/走弱
01472,1472.HK,生興控股,2020-03-17,地产/建筑,0.3777777777777777,0.6666666666666666,1.3333333333333337,-0.6555555555555557,False,-0.12903225806451601,,暴涨
01477,1477.HK,歐康維視生物－Ｂ,2020-07-10,生物科技/医药,-0.1395348837209302,-0.3104651162790698,-0.2430232558139536,-0.4465116279069768,True,-0.2189189189189189,,暴跌
01490,1490.HK,CHESHI,2021-01-15,消费/零售,-0.1176470588235293,-0.2,-0.2823529411764706,-0.1176470588235293,True,-0.2738853503184714,,破发/走弱
01502,1502.HK,金融街物業,2020-07-06,地产/建筑,0.0172043010752688,0.1268817204301074,0.1849462365591396,0.0322580645161289,False,-0.13358778625954204,,平稳
01516,1516.HK,融創服務,2020-11-19,地产/建筑,0.2189655172413794,0.1206896551724138,0.3034482758620689,1.362068965517241,False,-0.15558698727015563,,平稳
01597,1597.HK,納泉能源科技,2020-10-20,工业/制造,-0.0142857142857144,-0.1857142857142857,-0.2619047619047619,-0.3714285714285713,True,-0.27727272727272734,,破发/走弱
01643,1643.HK,現代中藥集團,2021-01-15,生物科技/医药,0.076923076923077,-0.111111111111111,-0.2222222222222221,-0.282051282051282,False,-0.30952380952380953,,破发/走弱
01645,1645.HK,海納智能,2020-06-03,工业/制造,-0.0082644628099173,-0.3223140495867769,-0.2892561983471074,-0.3223140495867769,True,-0.31666666666666665,,暴跌
01650,1650.HK,HYGIEIA GROUP,2020-07-03,消费/零售,-0.4639999999999999,-0.5680000000000001,-0.644,-0.6719999999999999,True,-0.34328358208955234,,暴跌
01795,1795.HK,亞東集團,2020-11-18,消费/零售,0.0921052631578946,0.1842105263157895,0.6710526315789473,-0.1447368421052631,False,-0.339622641509434,,平稳
01855,1855.HK,中邦環境,2021-01-06,地产/建筑,0.0301507537688441,-0.0452261306532663,-0.0402010050251256,0.0904522613065326,False,-0.07317073170731703,,平稳
01859,1859.HK,煜盛文化,2020-03-13,其他,-0.070796460176991,-0.1017699115044247,-0.0575221238938052,-0.1106194690265486,True,-0.15714285714285714,,破发/走弱
01936,1936.HK,RITAMIX,2020-05-13,消费/零售,0.373134328358209,0.2885572139303483,0.5671641791044777,-0.1343283582089551,False,-0.1559322033898305,,平稳
01940,1940.HK,CGII HLDGS,2020-12-29,新能源/汽车,-0.0470588235294116,0.3529411764705881,1.4117647058823526,1.2470588235294118,True,-0.04761904761904767,,暴涨
01941,1941.HK,燁星集團,2020-03-13,地产/建筑,0.1700680272108843,-0.054421768707483,-0.0204081632653061,-0.0136054421768707,False,-0.33139534883720934,,破发/走弱
01942,1942.HK,MOG HOLDINGS,2020-04-15,金融,-0.3827160493827161,-0.462962962962963,-0.4506172839506173,-0.2222222222222222,True,-0.22115384615384615,,暴跌
01945,1945.HK,清科創業,2020-12-30,金融,-0.2667509481668774,-0.3786346396965866,-0.5676359039190898,-0.6207332490518331,True,-0.38620689655172413,,暴跌
01950,1950.HK,深藍科技控股,2020-03-12,工业/制造,0.02,0.56,0.72,1.88,False,-0.26530612244897955,,暴涨
01952,1952.HK,雲頂新耀－Ｂ,2020-10-09,生物科技/医药,0.0311835577604536,-0.0715804394046775,-0.0822111977321048,0.0240963855421687,False,-0.24886584575502269,,破发/走弱
01953,1953.HK,RIMBACO,2020-04-28,地产/建筑,-0.1810344827586206,-0.2844827586206896,-0.1551724137931034,0.8965517241379313,True,-0.2142857142857143,,暴跌
01957,1957.HK,MBV INTL,2020-07-08,消费/零售,-0.206896551724138,-0.2528735632183908,-0.264367816091954,-0.3218390804597701,True,-0.20289855072463758,,暴跌
01961,1961.HK,九尊數字互娛,2020-03-17,TMT/互联网,-0.0344827586206896,-0.3241379310344827,-0.2551724137931034,-0.5379310344827586,True,-0.3642857142857142,,暴跌
01971,1971.HK,弘陽服務,2020-07-07,地产/建筑,-0.0983606557377048,0.0512295081967213,0.4918032786885247,0.1270491803278688,True,-0.11131725417439697,,平稳
01981,1981.HK,華夏視聽教育,2020-07-15,消费/零售,0.1631205673758864,0.2529550827423166,0.2245862884160754,0.1536643026004726,False,-0.10569105691056901,,平稳
02057,2057.HK,中通快遞－ＳＷ,2020-09-29,工业/制造,-0.0245901639344262,-0.0827868852459016,-0.0663934426229507,-0.1270491803278688,True,-0.06386554621848739,,破发/走弱
02096,2096.HK,先聲藥業,2020-10-27,生物科技/医药,-0.0018181818181817,-0.1490909090909091,-0.1781818181818182,-0.1590909090909091,True,-0.2208695652173912,,破发/走弱
02101,2101.HK,福祿控股,2020-09-18,消费/零售,-0.0129032258064517,-0.1408602150537634,-0.2634408602150538,-0.3333333333333333,True,-0.31481481481481477,,破发/走弱
02107,2107.HK,第一服務控股,2020-10-22,地产/建筑,-0.12,-0.3,-0.325,-0.47,True,-0.2556818181818181,,暴跌
02110,2110.HK,裕勤控股,2020-12-07,地产/建筑,-0.3263157894736841,-0.5333333333333332,-0.5684210526315789,-0.5543859649122806,True,-0.5104166666666667,,暴跌
02115,2115.HK,捷心隆,2020-10-15,其他,-0.0258620689655172,0.0862068965517242,0.517241379310345,0.0689655172413793,True,-0.18686868686868685,,平稳
02117,2117.HK,大唐集團控股,2020-12-11,其他,0.0065789473684211,0.0,-0.0175438596491226,-0.0197368421052631,False,-0.02614379084967322,,平稳
02125,2125.HK,稻草熊娛樂,2021-01-15,消费/零售,0.5428571428571429,0.0571428571428572,0.0542857142857142,0.7685714285714287,False,-0.44074074074074077,,平稳
02126,2126.HK,藥明巨諾－Ｂ,2020-11-03,生物科技/医药,-0.0965092402464066,0.1724845995893223,0.1006160164271046,0.5236139630390143,True,-0.2222222222222222,,平稳
02127,2127.HK,匯森家居,2020-12-29,消费/零售,0.0285714285714286,0.4114285714285715,0.2628571428571428,0.1885714285714286,False,-0.13833992094861647,主板,暴涨
02129,2129.HK,LEGION CONSO,2021-01-13,工业/制造,-0.2391304347826088,-0.4021739130434782,-0.5,-0.6217391304347827,True,-0.36857142857142855,,暴跌
02130,2130.HK,嘉泓物流,2020-10-15,工业/制造,0.0187969924812029,0.2518796992481202,0.3496240601503758,0.9586466165413532,False,-0.233256351039261,,平稳
02131,2131.HK,云想科技,2020-12-17,消费/零售,0.1633237822349568,0.1117478510028652,0.1160458452722062,0.0959885386819484,False,-0.13919413919413914,主板,平稳
02132,2132.HK,譽燊豐控股,2020-10-20,地产/建筑,-0.0833333333333332,-0.2533333333333333,-0.2566666666666666,-0.4733333333333333,True,-0.34375,,暴跌
02135,2135.HK,瑞麗醫美,2020-12-28,生物科技/医药,-0.0842105263157894,-0.2526315789473684,-0.2631578947368421,-0.2631578947368421,True,-0.2413793103448275,,暴跌
02142,2142.HK,和鉑醫藥－Ｂ,2020-12-10,生物科技/医药,-0.0770519262981574,-0.0971524288107202,-0.2721943048576215,-0.2981574539363483,True,-0.1932849364791288,,破发/走弱
02146,2146.HK,榮萬家,2021-01-15,地产/建筑,-0.0343750000000001,-0.0703125,-0.2921875,-0.3281250000000001,True,-0.321486268174475,,破发/走弱
02148,2148.HK,VESYNC,2020-12-18,其他,-0.1538461538461538,0.1038461538461538,0.5096153846153845,0.375,True,-0.11861614497528838,,平稳
02153,2153.HK,達豐設備,2021-01-13,工业/制造,0.1285714285714287,0.3071428571428573,0.0714285714285715,0.0857142857142858,False,-0.2295081967213115,,暴涨
02158,2158.HK,醫渡科技,2021-01-15,生物科技/医药,0.11931330472103,0.0643776824034334,-0.0094420600858368,-0.3716738197424893,False,-0.2553680981595092,主板,平稳
02159,2159.HK,麥迪衛康,2021-01-19,生物科技/医药,-0.0524999999999999,-0.0649999999999999,-0.0749999999999999,-0.3125,True,-0.28538283062645,,破发/走弱
02169,2169.HK,滄港鐵路,2020-10-23,工业/制造,0.0309278350515464,0.4639175257731958,0.9175257731958764,0.1443298969072166,False,-0.18072289156626498,,暴涨
02263,2263.HK,富石金融,2020-02-19,金融,-0.2857142857142857,-0.3750000000000001,-0.6214285714285716,-0.65,True,-0.4571428571428571,,暴跌
02381,2381.HK,蜆壳電業,2020-06-02,消费/零售,-0.287878787878788,-0.3535353535353535,-0.3686868686868687,-0.3585858585858586,True,-0.14893617021276595,,暴跌
02599,2599.HK,祥生控股集團,2020-11-18,其他,0.0,0.0017889087656529,0.0,0.0089445438282647,False,-0.005347593582887722,,平稳
03347,3347.HK,泰格醫藥,2020-08-07,生物科技/医药,-0.0478991596638655,-0.0739495798319327,-0.0630252100840336,0.1,True,-0.09535066981875495,,破发/走弱
03390,3390.HK,滿貫集團,2020-04-15,生物科技/医药,-0.2500000000000001,-0.2656250000000001,-0.2265625000000001,-0.1249999999999999,True,-0.1333333333333333,,暴跌
03913,3913.HK,合景悠活,2020-10-30,地产/建筑,-0.0617283950617284,-0.0416666666666667,-0.117283950617284,0.3086419753086419,True,-0.18325434439178512,,平稳
06063,6063.HK,智中國際,2020-04-15,地产/建筑,0.3799999999999999,-0.14,-0.01,-0.632,False,-0.4057971014492754,,破发/走弱
06078,6078.HK,海吉亞醫療,2020-06-29,生物科技/医药,0.1403508771929824,0.3486842105263157,0.3464912280701753,1.2214912280701753,False,-0.1145038167938931,,暴涨
06618,6618.HK,京東健康,2020-12-08,生物科技/医药,0.1640211640211639,0.4582010582010583,0.4095238095238094,0.144973544973545,False,-0.27230769230769225,,暴涨
06666,6666.HK,恒大物業,2020-12-02,地产/建筑,-0.0067873303167421,-0.0950226244343891,0.01131221719457,0.8438914027149322,True,-0.11022727272727284,,破发/走弱
06677,6677.HK,遠洋服務,2020-12-17,地产/建筑,-0.0017064846416383,-0.1313993174061434,-0.1723549488054608,-0.2576791808873721,True,-0.1771720613287905,,破发/走弱
06688,6688.HK,螞蟻集團,2020-10-26,其他,,,,,False,,,无行情
06813,6813.HK,大喜屋集團,2020-01-24,其他,,,,,False,,,无行情
06900,6900.HK,上坤地產,2020-11-17,其他,0.0087719298245614,0.0,0.0087719298245614,0.043859649122807,False,-0.017391304347826098,,平稳
06918,6918.HK,奇士達,2020-03-18,消费/零售,-0.1818181818181818,-0.1818181818181818,-0.1727272727272727,-0.1363636363636364,True,-0.05263157894736836,,破发/走弱
06933,6933.HK,新娛科控股,2020-07-15,TMT/互联网,-0.0285714285714286,0.0228571428571428,1.7257142857142855,0.7428571428571428,True,-0.052910052910052796,,平稳
06958,6958.HK,正榮服務,2020-07-10,地产/建筑,0.1522633744855965,0.0946502057613168,0.4567901234567901,0.0864197530864197,False,-0.08214285714285718,,平稳
06968,6968.HK,港龍中國地產,2020-07-15,地产/建筑,-0.0025445292620865,-0.0025445292620865,0.0025445292620864,0.1450381679389312,True,-0.015228426395939132,,平稳
06969,6969.HK,思摩爾國際,2020-07-10,消费/零售,0.1071428571428571,0.1089285714285714,0.4000000000000001,0.25,False,-0.12857142857142856,,平稳
06978,6978.HK,永泰生物－Ｂ,2020-07-10,生物科技/医药,0.1552238805970149,-0.1402985074626866,-0.0895522388059702,-0.235820895522388,False,-0.30878552971576234,,破发/走弱
06988,6988.HK,樂享互動,2020-09-23,消费/零售,0.0,0.0370370370370369,0.5222222222222223,0.2518518518518517,False,-0.07744107744107742,,平稳
06989,6989.HK,卓越商企服務,2020-10-19,地产/建筑,-0.0350877192982456,-0.1017543859649122,-0.1333333333333333,-0.1017543859649122,True,-0.13458262350936967,,破发/走弱
06993,6993.HK,藍月亮集團,2020-12-16,消费/零售,-0.0287206266318537,0.0195822454308093,0.1488250652741515,-0.0731070496083551,True,-0.06658130601792567,,平稳
06996,6996.HK,德琪醫藥－Ｂ,2020-11-20,生物科技/医药,-0.0673469387755102,-0.1938775510204081,-0.1520408163265306,-0.0316326530612245,True,-0.1400437636761488,,破发/走弱
06998,6998.HK,嘉和生物－Ｂ,2020-10-07,生物科技/医药,-0.0428082191780821,-0.136986301369863,-0.3465753424657534,-0.3554794520547945,True,-0.3700516351118761,,破发/走弱
06999,6999.HK,領地控股,2020-12-10,地产/建筑,0.0,0.0,0.0123022847100174,0.0052724077328645,False,-0.0017482517482516613,,平稳
08489,8489.HK,裕程物流,2021-01-13,工业/制造,0.1756756756756756,0.6891891891891893,0.4189189189189189,-0.2972972972972973,False,-0.248,,暴涨
08496,8496.HK,新加坡美食控股,2020-05-18,消费/零售,0.3733333333333333,0.2733333333333333,0.2466666666666668,1.2,False,-0.16666666666666674,,平稳
08616,8616.HK,新威工程集團,2020-04-23,地产/建筑,0.36,0.6266666666666666,0.3866666666666667,0.3333333333333333,False,-0.26086956521739124,,暴涨
08620,8620.HK,亞洲速運,2020-04-20,工业/制造,-0.5428571428571428,-0.5714285714285714,-0.6714285714285715,-0.7628571428571428,True,-0.40000000000000013,,暴跌
08623,8623.HK,中國蜀塔,2020-07-10,工业/制造,-0.0136363636363636,-0.1409090909090909,-0.1818181818181818,-0.6136363636363636,True,-0.26538461538461544,,破发/走弱
08657,8657.HK,TRUE PARTNER,2020-10-16,金融,-0.2285714285714285,-0.207142857142857,-0.3357142857142856,-0.3857142857142857,True,-0.25409836065573765,,暴跌
08659,8659.HK,易和國際控股,2020-07-13,工业/制造,0.1515151515151514,0.7727272727272725,-0.6818181818181819,-0.7378787878787879,False,-0.8552,,暴涨
09600,9600.HK,新紐科技,2021-01-06,TMT/互联网,-0.0048543689320389,-0.0606796116504854,-0.2378640776699029,-0.4417475728155341,True,-0.3054298642533937,,破发/走弱
09608,9608.HK,宋都服務,2021-01-18,地产/建筑,-0.2888888888888889,-0.4222222222222222,-0.44,-0.4755555555555556,True,-0.2987804878048781,,暴跌
09616,9616.HK,東軟教育,2020-09-29,消费/零售,-0.2025641025641025,-0.2025641025641025,-0.2487179487179487,-0.358974358974359,True,-0.20684292379471225,,暴跌
09618,9618.HK,京東集團－ＳＷ,2020-06-18,消费/零售,-0.0209205020920502,-0.0192468619246861,0.0117154811715481,0.2292887029288703,True,-0.11654135338345861,,平稳
09633,9633.HK,農夫山泉,2020-09-08,消费/零售,-0.1683417085427134,-0.1130653266331658,-0.0728643216080401,0.0703517587939699,True,-0.10941475826972002,,破发/走弱
09666,9666.HK,金科服務,2020-11-17,其他,-0.0293159609120519,0.0770901194353964,0.1889250814332248,0.7502714440825191,True,-0.05550146056475169,,平稳
09668,9668.HK,渤海銀行,2020-07-16,金融,0.0,-0.0291666666666666,0.0,-0.0312499999999998,False,-0.04166666666666674,,平稳
09677,9677.HK,威海銀行,2020-10-12,金融,0.0,0.0,0.0,0.0,False,-0.005970149253731294,,平稳
09688,9688.HK,再鼎醫藥－ＳＢ,2020-09-28,生物科技/医药,-0.0057049714751426,0.0814995925020374,0.0513447432762836,0.6658516707416463,True,-0.0950413223140496,,平稳
09698,9698.HK,萬國數據－ＳＷ,2020-11-02,TMT/互联网,0.0246913580246913,0.2259259259259259,0.0864197530864197,0.2777777777777778,False,-0.13897280966767367,,平稳
09901,9901.HK,新東方－Ｓ,2020-11-09,消费/零售,-0.0115858073859522,-0.0079652425778421,-0.0926864590876176,0.0130340333091962,True,-0.1268709907341411,,平稳
09906,9906.HK,宏力醫療管理,2020-07-13,生物科技/医药,-0.0692307692307692,-0.1923076923076923,-0.2846153846153846,-0.2538461538461539,True,-0.2592592592592593,,破发/走弱
09908,9908.HK,嘉興燃氣,2020-07-16,其他,-0.2590604026845638,-0.3342281879194631,-0.1946308724832215,-0.3167785234899329,True,-0.10144927536231874,,暴跌
09913,9913.HK,智勤控股,2020-08-14,地产/建筑,0.1038961038961038,0.4285714285714287,0.0,0.5064935064935063,False,-0.4328358208955224,,暴涨
09916,9916.HK,興業物聯,2020-03-09,地产/建筑,0.1215469613259667,-0.1381215469613259,-0.1712707182320442,-0.2928176795580111,False,-0.3054187192118226,,破发/走弱
09923,9923.HK,移卡,2020-06-01,金融,0.1804812834224598,0.1136363636363635,0.1497326203208555,2.877005347593583,False,-0.1476293103448275,,平稳
09926,9926.HK,康方生物－Ｂ,2020-04-24,生物科技/医药,0.0340425531914893,0.0425531914893617,0.1638297872340426,0.425531914893617,False,-0.14181818181818173,,平稳
09929,9929.HK,澳達控股,2020-02-14,地产/建筑,-0.2272727272727273,-0.2909090909090909,-0.6696969696969698,-0.6,True,-0.5372549019607844,,暴跌
09936,9936.HK,稀美資源,2020-03-12,工业/制造,0.0149999999999999,0.0949999999999999,0.04,0.1399999999999999,False,-0.09565217391304337,,平稳
09939,9939.HK,開拓藥業－Ｂ,2020-05-22,生物科技/医药,0.0669975186104219,-0.2843672456575682,-0.2287841191066997,-0.2416873449131513,False,-0.3293023255813954,,暴跌
09958,9958.HK,力天影業,2020-06-22,消费/零售,-0.3375,-0.4333333333333333,-0.3833333333333333,-0.3,True,-0.21383647798742145,,暴跌
09969,9969.HK,諾誠健華－Ｂ,2020-03-23,生物科技/医药,0.0436170212765957,0.1680851063829787,0.5191489361702126,0.5255319148936171,False,-0.07278020378457062,,平稳
09977,9977.HK,鳳祥股份,2020-07-16,其他,-0.0508474576271186,-0.115819209039548,-0.0451977401129943,-0.1977401129943503,True,-0.1071428571428571,,破发/走弱
09979,9979.HK,綠城管理控股,2020-07-10,地产/建筑,0.2264150943396227,0.2981132075471698,0.4075471698113208,0.169811320754717,False,-0.17703349282296643,,平稳
09983,9983.HK,建業新生活,2020-05-15,地产/建筑,-0.0059382422802851,0.0665083135391924,0.1377672209026128,0.3087885985748218,True,-0.16285714285714292,,平稳
09986,9986.HK,大山教育,2020-07-15,消费/零售,-0.0508474576271185,-0.0677966101694914,-0.0762711864406778,-0.2627118644067796,True,-0.09482758620689646,,破发/走弱
09987,9987.HK,百勝中國－Ｓ,2020-09-10,消费/零售,-0.0482926829268293,-0.0180487804878048,0.0146341463414634,0.086341463414634,True,-0.04482758620689653,,平稳
09989,9989.HK,海普瑞,2020-07-08,生物科技/医药,-0.0433369447453954,0.0108342361863488,-0.1397616468039003,-0.2340195016251354,True,-0.16934619506966775,主板,平稳
09990,9990.HK,祖龍娛樂,2020-07-15,TMT/互联网,0.1941176470588236,0.1623529411764706,0.2235294117647059,0.4588235294117648,False,-0.15187376725838264,,平稳
09991,9991.HK,寶尊電商－ＳＷ,2020-09-29,消费/零售,-0.0117647058823529,-0.0252941176470588,0.1123529411764705,-0.0411764705882352,True,-0.05866376969038556,,平稳
09992,9992.HK,泡泡瑪特,2020-12-11,消费/零售,-0.1050583657587548,-0.0012970168612191,-0.0259403372243839,-0.1245136186770427,True,-0.1629464285714285,,平稳
09993,9993.HK,金輝控股,2020-10-29,地产/建筑,0.0430622009569379,0.0574162679425837,0.014354066985646,0.0502392344497607,False,-0.04017857142857151,,平稳
09995,9995.HK,榮昌生物－Ｂ,2020-11-09,生物科技/医药,0.1518151815181517,0.3127062706270626,0.1452145214521452,0.8828382838283827,False,-0.15147705845380266,,暴涨
09996,9996.HK,沛嘉醫療－Ｂ,2020-05-15,生物科技/医药,-0.0373134328358208,-0.0261194029850746,0.1007462686567164,0.0410447761194029,True,-0.14334470989761094,,平稳
09997,9997.HK,康基醫療,2020-06-29,其他,0.0656370656370657,0.1467181467181467,0.1196911196911197,-0.1447876447876448,False,-0.18867924528301894,,平稳
09999,9999.HK,網易－Ｓ,2020-06-11,TMT/互联网,-0.0225563909774436,-0.0473684210526315,0.1330827067669172,0.0992481203007518,True,-0.03769230769230769,,平稳
00013,0013.HK,和黃醫藥,2021-06-30,生物科技/医药,0.1731517509727626,0.1079766536964981,0.5097276264591439,0.142023346303502,False,-0.15136650315346878,,平稳
00020,0020.HK,商湯－Ｗ,2021-12-30,TMT/互联网,0.0562659846547313,1.0332480818414322,0.6675191815856776,0.5754475703324808,False,-0.19512195121951215,,暴涨
00606,0606.HK,中駿商管,2021-07-02,地产/建筑,0.0498687664041994,0.0866141732283463,0.0551181102362203,0.041994750656168,False,-0.11058823529411765,,平稳
01024,1024.HK,快手－Ｗ,2021-02-05,消费/零售,-0.1124260355029586,0.1923076923076923,-0.1952662721893491,-0.2775147928994083,True,-0.35903614457831323,,平稳
01228,1228.HK,北海康成－Ｂ,2021-12-10,生物科技/医药,-0.0918367346938775,-0.1316326530612245,-0.15,-0.3938775510204081,True,-0.11612903225806448,,破发/走弱
01413,1413.HK,廣聯工程控股,2021-03-11,地产/建筑,-0.1764705882352941,-0.2549019607843137,-0.3431372549019607,-0.3627450980392157,True,-0.19047619047619035,,暴跌
01473,1473.HK,環聯連訊,2021-02-19,TMT/互联网,0.0597014925373133,-0.1492537313432837,-0.1044776119402986,-0.0746268656716418,False,-0.2957746478873239,,破发/走弱
01491,1491.HK,貝特集團控股,2021-10-29,其他,,,,,False,,,无行情
01927,1927.HK,久久王,2021-03-16,消费/零售,-0.2028985507246376,-0.2898550724637681,-0.3623188405797101,-0.3913043478260869,True,-0.26724137931034475,,暴跌
01948,1948.HK,UJU HOLDING,2021-11-08,消费/零售,-0.044776119402985,-0.0194029850746268,-0.208955223880597,-0.1253731343283581,True,-0.15522388059701497,,平稳
01965,1965.HK,朗詩綠色生活,2021-07-08,地产/建筑,-0.25,-0.4566666666666667,-0.47,-0.4533333333333334,True,-0.29555555555555557,,暴跌
02015,2015.HK,理想汽車－Ｗ,2021-08-12,消费/零售,-0.0084745762711864,-0.0771186440677965,-0.0177966101694914,-0.0067796610169491,True,-0.10598290598290605,,破发/走弱
02137,2137.HK,騰盛博藥－Ｂ,2021-07-13,生物科技/医药,0.0724299065420561,-0.0280373831775699,0.8644859813084113,0.3457943925233646,False,-0.09919028340080971,,平稳
02150,2150.HK,奈雪的茶,2021-06-30,消费/零售,-0.0922587486744431,-0.1505832449628844,-0.3913043478260869,-0.3191940615058325,True,-0.4655373831775701,,破发/走弱
02155,2155.HK,森松國際,2021-06-28,工业/制造,0.7943548387096775,1.7983870967741942,0.8528225806451613,0.9112903225806452,False,-0.2598639455782312,,暴涨
02160,2160.HK,心通醫療－Ｂ,2021-02-04,生物科技/医药,-0.1246511627906976,-0.093953488372093,-0.28,-0.2520930232558139,True,-0.2324074074074075,,破发/走弱
02161,2161.HK,健倍苗苗,2021-02-05,生物科技/医药,0.4594594594594596,0.6216216216216216,-0.0472972972972973,0.108108108108108,False,-0.4666666666666667,,暴涨
02162,2162.HK,康諾亞－Ｂ,2021-07-08,生物科技/医药,-0.1282051282051282,-0.1256410256410256,-0.1538461538461538,-0.3653846153846153,True,-0.19347980155917788,,破发/走弱
02165,2165.HK,領悅服務集團,2021-07-12,地产/建筑,-0.1942307692307692,-0.1942307692307692,-0.1788461538461539,-0.1942307692307692,True,-0.0023809523809523725,,破发/走弱
02170,2170.HK,貝康醫療－Ｂ,2021-02-08,生物科技/医药,-0.0766666666666666,0.0666666666666666,-0.368,-0.085,True,-0.42409638554216866,,平稳
02171,2171.HK,科濟藥業－Ｂ,2021-06-18,生物科技/医药,0.1090573012939001,0.1756007393715342,0.1478743068391866,0.5009242144177449,False,-0.10487444608567209,,平稳
02175,2175.HK,中國通才教育,2021-07-16,消费/零售,0.1215805471124619,0.1306990881458967,0.3556231003039513,0.2006079027355623,False,-0.11496746203904562,,平稳
02177,2177.HK,優趣匯控股,2021-07-12,消费/零售,-0.2602291325695582,-0.311783960720131,-0.5842880523731587,-0.572013093289689,True,-0.44690265486725655,,暴跌
02185,2185.HK,百心安－Ｂ,2021-12-23,生物科技/医药,0.0646186440677967,0.4327330508474577,0.5307203389830508,1.253707627118644,False,-0.25100133511348466,,暴涨
02187,2187.HK,智欣集團控股,2021-03-26,地产/建筑,-0.2689655172413792,-0.2758620689655172,-0.206896551724138,-0.1448275862068965,True,-0.07563025210084018,主板,暴跌
02190,2190.HK,歸創通橋－Ｂ,2021-07-05,生物科技/医药,0.0909090909090909,0.0054545454545454,-0.1527272727272727,-0.209090909090909,False,-0.29500000000000004,,平稳
02191,2191.HK,順豐房託,2021-05-17,地产/建筑,-0.0734966592427617,0.0244988864142537,0.0,-0.0289532293986636,True,-0.08315565031982952,,平稳
02192,2192.HK,醫脈通,2021-07-15,生物科技/医药,0.0726643598615917,0.0467128027681661,0.2664359861591696,0.2906574394463667,False,-0.12419354838709684,,平稳
02195,2195.HK,盈滙企業控股,2021-03-31,地产/建筑,-0.175,-0.2500000000000001,0.1749999999999998,0.0624999999999999,True,-0.12222222222222223,,暴跌
02197,2197.HK,三葉草生物－Ｂ,2021-11-05,生物科技/医药,-0.0298953662182362,-0.2257100149476832,-0.125560538116592,-0.109118086696562,True,-0.29969183359013873,,暴跌
02205,2205.HK,康橋悅生活,2021-07-16,地产/建筑,-0.0108695652173913,-0.0108695652173913,-0.0217391304347826,-0.0054347826086956,True,-0.03571428571428581,,平稳
02207,2207.HK,融信服務,2021-07-16,其他,0.0144927536231884,0.0144927536231884,0.0082815734989648,0.1449275362318841,False,-0.00612244897959191,,平稳
02209,2209.HK,喆麗控股,2021-07-09,消费/零售,-0.2836438923395445,-0.3726708074534162,-0.453416149068323,-0.7039337474120083,True,-0.2658959537572254,,暴跌
02210,2210.HK,京城佳業,2021-11-10,地产/建筑,-0.002415458937198,-0.0929951690821255,-0.2282608695652173,-0.4045893719806763,True,-0.1847826086956521,,破发/走弱
02215,2215.HK,德信服務集團,2021-07-15,地产/建筑,0.0,0.0,0.111111111111111,0.1143790849673202,False,-0.0032573289902279035,,平稳
02216,2216.HK,堃博醫療－Ｂ,2021-09-24,生物科技/医药,-0.1666666666666666,-0.25,-0.3866666666666667,-0.5466666666666666,True,-0.2781456953642384,主板,暴跌
02217,2217.HK,譚仔國際,2021-10-07,其他,0.0266666666666666,-0.1266666666666666,0.21,0.0866666666666666,False,-0.17532467532467533,,破发/走弱
02219,2219.HK,朝聚眼科,2021-07-07,生物科技/医药,0.330188679245283,0.4433962264150945,0.3,-0.1415094339622641,False,-0.24909310761789594,,暴涨
02235,2235.HK,微泰醫療－Ｂ,2021-10-19,生物科技/医药,-0.0161290322580645,-0.014516129032258,-0.0806451612903225,-0.3370967741935484,True,-0.09593495934959351,,平稳
02250,2250.HK,德盈控股,2022-01-17,消费/零售,-0.0807692307692307,-0.1923076923076923,-0.2,-0.2923076923076923,True,-0.35146443514644354,,破发/走弱
02251,2251.HK,鷹瞳科技－Ｂ,2021-11-05,生物科技/医药,0.0059171597633136,-0.033284023668639,-0.0680473372781064,-0.5236686390532543,False,-0.0911764705882353,,平稳
02252,2252.HK,微創機器人－Ｂ,2021-11-02,生物科技/医药,0.1507537688442211,0.4547738693467338,0.5075376884422111,0.2537688442211056,False,-0.1378299120234605,,暴涨
02256,2256.HK,和譽－Ｂ,2021-10-13,生物科技/医药,0.0973451327433628,0.0265486725663715,-0.0194690265486726,-0.2309734513274337,False,-0.12841091492776902,,平稳
02257,2257.HK,聖諾醫藥－Ｂ,2021-12-30,生物科技/医药,0.1820940819423368,0.2003034901365704,0.1062215477996965,0.1509863429438541,False,-0.2727272727272727,,平稳
02260,2260.HK,環龍控股,2022-01-11,工业/制造,-0.031496062992126,-0.031496062992126,-0.0393700787401575,-0.047244094488189,True,-0.07258064516129037,,平稳
02265,2265.HK,鴻承環保科技,2021-11-12,工业/制造,-0.125,-0.0576923076923077,-0.1634615384615385,-0.1826923076923077,True,-0.23809523809523814,,破发/走弱
02270,2270.HK,德商產投服務,2021-12-17,地产/建筑,-0.0948275862068964,-0.0431034482758619,-0.0517241379310343,-0.0517241379310343,True,-0.02777777777777779,,平稳
02273,2273.HK,固生堂,2021-12-10,生物科技/医药,-0.1317365269461077,-0.2814371257485029,0.2215568862275448,0.0179640718562874,True,-0.17383820998278832,,暴跌
02276,2276.HK,康耐特光學,2021-12-16,生物科技/医药,0.0270880361173815,0.0112866817155757,-0.0451467268623023,0.0135440180586908,False,-0.08096280087527352,,平稳
02279,2279.HK,雍禾醫療,2021-12-13,生物科技/医药,0.0532994923857869,0.0139593908629442,-0.2284263959390863,-0.2829949238578679,False,-0.35376344086021516,,平稳
02285,2285.HK,泉峰控股,2021-12-30,消费/零售,0.0810810810810811,0.0772200772200772,0.1100386100386101,0.0463320463320464,False,-0.08599508599508598,,平稳
02378,2378.HK,保誠,2021-08-23,金融,0.0306788511749348,0.0528720626631855,-0.0646214099216708,-0.0045691906005221,False,-0.05963855424901998,,平稳
02518,2518.HK,汽車之家－Ｓ,2021-03-15,消费/零售,-0.005524861878453,0.078453038674033,0.0165745856353591,-0.2248618784530386,True,-0.09008097165991891,,平稳
02618,2618.HK,京東物流,2021-05-28,工业/制造,-0.0944625407166122,0.0195439739413682,-0.0879478827361563,-0.4191096634093376,True,-0.13085106382978717,,平稳
03658,3658.HK,新希望服務,2021-05-25,地产/建筑,0.0052631578947368,0.0500000000000001,-0.2342105263157894,-0.4368421052631578,False,-0.34158415841584155,,平稳
06127,6127.HK,昭衍新藥,2021-02-26,生物科技/医药,-0.0675675675675675,-0.1081081081081081,-0.0716216216216215,0.0277027027027026,True,-0.12956810631229232,,破发/走弱
06601,6601.HK,朝雲集團,2021-03-10,消费/零售,0.0126742712294043,0.0583016476552598,0.0481622306717363,0.0887198986058302,False,-0.08152173913043481,,平稳
06606,6606.HK,諾輝健康－Ｂ,2021-02-18,其他,0.1052631578947368,-0.0776315789473685,-0.2131578947368421,-0.1473684210526316,False,-0.3940476190476191,,破发/走弱
06608,6608.HK,百融雲－Ｗ,2021-03-31,TMT/互联网,-0.0933786078098472,-0.1697792869269949,-0.2937181663837011,-0.2988115449915111,True,-0.27767695099818523,,破发/走弱
06609,6609.HK,心瑋醫療－Ｂ,2021-08-20,生物科技/医药,-0.0864022662889517,-0.1303116147308781,-0.263456090651558,-0.4394475920679885,True,-0.29218106995884774,,破发/走弱
06611,6611.HK,三巽集團,2021-07-19,地产/建筑,-0.0021008403361344,-0.0021008403361344,-0.0546218487394957,-0.0546218487394957,True,-0.08966861598440545,,平稳
06616,6616.HK,環球新材國際,2021-07-16,工业/制造,-0.0975609756097559,0.002439024390244,0.6341463414634149,0.2756097560975612,True,-0.11621621621621625,,平稳
06622,6622.HK,兆科眼科－Ｂ,2021-04-29,生物科技/医药,-0.0773195876288659,-0.2654639175257731,-0.1752577319587628,-0.4703608247422679,True,-0.23743016759776536,,暴跌
06626,6626.HK,越秀服務,2021-06-28,地产/建筑,0.0166666666666666,0.11875,-0.2166666666666666,-0.3,False,-0.24864864864864866,,平稳
06628,6628.HK,創勝集團－Ｂ,2021-09-29,生物科技/医药,0.0184615384615384,0.1923076923076923,-0.3261538461538462,-0.3153846153846154,False,-0.37687499999999996,,平稳
06633,6633.HK,青瓷遊戲,2021-12-16,TMT/互联网,0.0470588235294118,0.0490196078431372,-0.0941176470588234,-0.6274509803921569,False,-0.18327702702702697,,平稳
06668,6668.HK,星盛商業,2021-01-26,地产/建筑,-0.0909090909090909,-0.0954545454545455,-0.1954545454545455,0.0636363636363634,True,-0.17632850241545883,,破发/走弱
06669,6669.HK,先瑞達醫療－Ｂ,2021-08-24,生物科技/医药,-0.039301310043668,-0.0502183406113538,-0.1997816593886462,-0.2194323144104804,True,-0.2598091198303286,,破发/走弱
06680,6680.HK,金力永磁,2022-01-14,工业/制造,-0.0844155844155844,-0.1136363636363636,-0.0227272727272727,-0.2435064935064935,True,-0.09967845659163987,,破发/走弱
06699,6699.HK,時代天使,2021-06-16,生物科技/医药,0.0025,0.0575,0.0054999999999999,-0.0625,False,-0.11407543698252076,,平稳
06821,6821.HK,凱萊英,2021-12-10,生物科技/医药,-0.0463917525773195,-0.1654639175257731,-0.3309278350515463,-0.3974226804123711,True,-0.2935135135135136,,破发/走弱
06909,6909.HK,百得利控股,2021-07-15,消费/零售,-0.0677966101694915,0.4135593220338981,0.2305084745762711,-0.0338983050847457,True,-0.2666666666666667,,暴涨
06913,6913.HK,華南職業教育,2021-07-13,消费/零售,-0.089655172413793,-0.2689655172413792,0.0206896551724138,-0.1448275862068965,True,-0.19696969696969702,,暴跌
06939,6939.HK,美佳音控股,2021-03-31,TMT/互联网,-0.0359712230215826,0.0215827338129496,0.0143884892086331,0.381294964028777,True,-0.1402439024390244,,平稳
09626,9626.HK,嗶哩嗶哩－ＳＷ,2021-03-29,消费/零售,0.0126582278481012,0.0822784810126582,0.1917721518987341,0.2392405063291139,False,-0.09610983981693366,,平稳
09699,9699.HK,順豐同城,2021-12-14,工业/制造,-0.019736842105263,0.0052631578947368,-0.0749999999999999,-0.45,True,-0.16565164433617552,,平稳
09858,9858.HK,優然牧業,2021-06-18,消费/零售,-0.0207006369426751,-0.0143312101910827,-0.1703821656050956,-0.1815286624203822,True,-0.15555555555555545,,平稳
09868,9868.HK,小鵬汽車－Ｗ,2021-07-07,消费/零售,-0.0178571428571428,-0.1011904761904762,0.0345238095238095,-0.1964285714285714,True,-0.18928363424577754,,破发/走弱
09869,9869.HK,海倫司,2021-09-10,消费/零售,0.054229934924078,-0.0021691973969631,-0.0520607375271149,-0.1652928416485901,False,-0.09465020576131689,,平稳
09888,9888.HK,百度集團－ＳＷ,2021-03-23,消费/零售,-0.0078740157480314,-0.205511811023622,-0.1716535433070866,-0.2952755905511811,True,-0.20000000000000007,,暴跌
09889,9889.HK,東莞農商銀行,2021-09-29,金融,0.03125,-0.0587499999999999,-0.0675,-0.05,False,-0.14424242424242428,,破发/走弱
09898,9898.HK,微博－ＳＷ,2021-12-08,消费/零售,-0.0117096018735363,-0.1444184231069477,-0.0320062451209991,-0.2822014051522247,True,-0.1342812006319115,,破发/走弱
09899,9899.HK,雲音樂,2021-12-02,消费/零售,-0.0248780487804877,-0.0273170731707316,-0.2341463414634146,-0.4507317073170732,True,-0.3420019627085379,,平稳
09956,9956.HK,安能物流,2021-11-11,其他,-0.0288184438040346,-0.2204610951008646,-0.3328530259365995,-0.4848703170028818,True,-0.3397626112759644,,暴跌
09959,9959.HK,聯易融科技－Ｗ,2021-04-09,TMT/互联网,0.0,0.1413043478260869,0.1387163561076604,-0.1459627329192546,False,-0.07959183673469383,主板,平稳
09960,9960.HK,康聖環球,2021-07-16,生物科技/医药,-0.0756646216768916,-0.1799591002044989,-0.1697341513292433,-0.4008179959100204,True,-0.21460176991150437,,破发/走弱
09961,9961.HK,攜程集團－Ｓ,2021-04-19,消费/零售,-0.002846975088968,0.0633451957295374,0.0327402135231316,-0.1060498220640569,True,-0.12664576802507832,主板,平稳
09982,9982.HK,中原建業,2021-05-31,地产/建筑,0.056,0.092,-0.08,-0.268,False,-0.22837370242214539,,平稳
00314,0314.HK,思派健康,2022-12-23,生物科技/医药,0.0548523206751055,-0.2151898734177214,-0.0928270042194092,0.3607594936708861,False,-0.2559999999999999,,暴跌
00816,0816.HK,金茂服務,2022-03-10,地产/建筑,-0.2162162162162162,-0.3270270270270269,-0.1540540540540541,-0.354054054054054,True,-0.4051724137931034,,暴跌
01204,1204.HK,博維智慧,2022-07-15,TMT/互联网,0.0701754385964913,0.0701754385964913,0.0,-0.1228070175438595,False,-0.2913385826771654,,平稳
01244,1244.HK,3D MEDICINES-B,2022-12-15,生物科技/医药,0.0844827586206896,0.4310344827586207,0.8586206896551724,1.3103448275862069,False,-0.07294117647058829,,暴涨
01406,1406.HK,清晰醫療,2022-02-18,生物科技/医药,-0.0314465408805031,-0.0943396226415095,-0.2830188679245284,-0.2452830188679245,True,-0.512987012987013,,破发/走弱
01407,1407.HK,交運燃氣,2022-11-16,新能源/汽车,-0.0657894736842105,-0.1184210526315789,-0.3026315789473684,-0.4934210526315789,True,-0.2957746478873239,,破发/走弱
01489,1489.HK,GC CONSTRUCTION,2022-10-10,地产/建筑,-0.1129032258064515,-0.1774193548387096,-0.1451612903225806,-0.129032258064516,True,-0.13793103448275856,,破发/走弱
01880,1880.HK,中國中免,2022-08-25,消费/零售,0.3166666666666666,0.425,0.5,0.4525000000000001,False,-0.06318681318681318,,暴涨
01947,1947.HK,美皓集團,2022-12-14,生物科技/医药,-0.0526315789473684,-0.3289473684210526,-0.3026315789473684,-0.3552631578947368,True,-0.33333333333333337,,暴跌
02121,2121.HK,創新奇智,2022-01-27,TMT/互联网,-0.2547528517110266,-0.3437262357414448,-0.444106463878327,-0.2790874524714829,True,-0.261,,暴跌
02145,2145.HK,上美股份,2022-12-22,生物科技/医药,0.0,0.1904761904761904,0.2142857142857144,0.0119047619047619,False,-0.24558823529411766,,平稳
02147,2147.HK,正味集團,2023-01-13,消费/零售,-0.2432432432432432,-0.3513513513513513,-0.3513513513513513,-0.1351351351351351,True,-0.1696428571428572,,暴跌
02152,2152.HK,蘇新服務,2022-08-24,地产/建筑,0.0475609756097561,0.0475609756097561,-0.2597560975609755,-0.2414634146341463,False,-0.3035921205098494,,平稳
02157,2157.HK,樂普生物－Ｂ,2022-02-23,生物科技/医药,0.0014025245441794,0.0,-0.0757363253856942,-0.0785413744740532,False,-0.09916201117318435,,平稳
02167,2167.HK,天潤雲,2022-06-30,TMT/互联网,0.0,0.02803738317757,-0.2694704049844236,-0.2671339563862928,False,-0.4338235294117647,主板,平稳
02172,2172.HK,微創腦科學,2022-07-15,生物科技/医药,-0.0040485829959513,-0.006072874493927,-0.0141700404858298,0.0040485829959514,True,-0.18700787401574803,,平稳
02179,2179.HK,瑞科生物－Ｂ,2022-03-31,生物科技/医药,0.01,0.092,0.004,-0.09,False,-0.15630550621669625,,平稳
02237,2237.HK,中國石墨,2022-07-18,工业/制造,0.7954545454545455,0.1590909090909091,1.2272727272727273,1.0909090909090908,False,-0.35443037974683544,,平稳
02245,2245.HK,力勤資源,2022-12-01,工业/制造,0.0,-0.0367088607594936,0.0050632911392405,-0.1177215189873418,False,-0.06012269938650305,,平稳
02246,2246.HK,快狗打車,2022-06-24,工业/制造,-0.2223255813953489,-0.4790697674418605,-0.6711627906976744,-0.7209302325581395,True,-0.5340909090909091,,暴跌
02291,2291.HK,心泰醫療,2022-11-08,生物科技/医药,-0.0218120805369128,-0.0755033557046979,-0.0285234899328859,-0.0369127516778523,True,-0.05660377358490565,,破发/走弱
02297,2297.HK,潤邁德－Ｂ,2022-07-08,生物科技/医药,-0.057142857142857,-0.0874999999999998,-0.2535714285714285,-0.5267857142857143,True,-0.15719696969696972,,破发/走弱
02306,2306.HK,樂華娛樂,2023-01-19,消费/零售,0.0767857142857144,-0.1464285714285713,-0.1982142857142856,-0.1982142857142856,False,-0.2885572139303483,,破发/走弱
02315,2315.HK,百奧賽圖－Ｂ,2022-09-01,生物科技/医药,-0.0114068441064639,-0.0342205323193917,-0.0038022813688213,-0.0114068441064639,True,-0.07011070110701112,,平稳
02321,2321.HK,雙財莊,2022-08-19,消费/零售,-0.0125,0.1374999999999999,0.3625,1.225,True,-0.2666666666666667,,平稳
02325,2325.HK,雲康集團,2022-05-18,生物科技/医药,0.0773130544993663,0.1533586818757921,0.8453738910012676,1.3751584283903673,False,-0.04045307443365698,,平稳
02347,2347.HK,友和集團,2022-06-10,消费/零售,-0.0789473684210525,-0.1359649122807017,-0.3771929824561403,-0.3640350877192982,True,-0.35238095238095235,,破发/走弱
02350,2350.HK,數科集團,2022-09-26,TMT/互联网,-0.3111111111111111,-0.3777777777777777,-0.4,-0.5722222222222222,True,-0.3571428571428571,,暴跌
02352,2352.HK,東原仁知服務,2022-04-29,地产/建筑,0.0,-0.042016806722689,-0.042016806722689,-0.176470588235294,False,-0.17701342281879195,,平稳
02361,2361.HK,中康控股,2022-07-12,TMT/互联网,0.1308016877637131,0.2658227848101265,0.1476793248945148,-0.2616033755274262,False,-0.26428571428571423,,平稳
02367,2367.HK,巨子生物,2022-11-04,生物科技/医药,0.0269230769230768,0.2846153846153845,0.0653846153846153,0.7115384615384616,False,-0.294452347083926,,平稳
02370,2370.HK,力高健康生活,2022-03-31,地产/建筑,0.1384615384615384,0.8131868131868133,0.8351648351648352,1.4175824175824177,False,-0.07916181606519201,,暴涨
02372,2372.HK,偉立控股,2022-06-30,工业/制造,-0.0999999999999999,-0.057142857142857,-0.3571428571428571,-0.4071428571428571,True,-0.25,,破发/走弱
02373,2373.HK,美麗田園醫療健康,2023-01-16,生物科技/医药,-0.0278688524590164,-0.0098360655737705,-0.0459016393442622,-0.0278688524590164,True,-0.12903225806451613,,平稳
02376,2376.HK,魯商服務,2022-07-08,地产/建筑,-0.1157684630738523,-0.2814371257485029,-0.4890219560878243,-0.5169660678642715,True,-0.41760722347629786,,暴跌
02385,2385.HK,讀書郎,2022-07-12,消费/零售,0.3333333333333333,0.3648148148148148,0.298148148148148,0.2685185185185184,False,-0.07894736842105254,,暴涨
02390,2390.HK,知乎－Ｗ,2022-04-22,消费/零售,-0.0180360721442885,0.0821643286573146,-0.0901803607214428,-0.0941883767535069,True,-0.2592592592592593,,平稳
02391,2391.HK,塗鴉智能－Ｗ,2022-07-05,TMT/互联网,-0.0132924335378322,-0.0337423312883435,-0.3323108384458077,-0.6007157464212679,True,-0.26528497409326424,,平稳
02392,2392.HK,玄武雲,2022-07-08,TMT/互联网,0.0064102564102564,-0.0705128205128205,0.0272435897435897,-0.1538461538461538,False,-0.14808917197452243,,破发/走弱
02402,2402.HK,億華通,2023-01-12,工业/制造,0.0,0.0,0.0608333333333333,0.0033333333333333,False,-0.040322580645161255,,平稳
02407,2407.HK,高視醫療,2022-12-12,生物科技/医药,0.0039062499999999,0.0039062499999999,-0.0390625,0.0283203124999999,False,-0.11961722488038273,,平稳
02411,2411.HK,百果園集團,2023-01-16,消费/零售,-0.0797546012269938,-0.1319018404907974,-0.1411042944785276,-0.0904907975460122,True,-0.09562398703403563,,破发/走弱
02418,2418.HK,德銀天下,2022-07-15,工业/制造,0.0285714285714286,-0.0628571428571429,-0.2571428571428571,-0.4114285714285714,False,-0.25555555555555554,,破发/走弱
02420,2420.HK,子不語,2022-11-11,消费/零售,-0.0083732057416268,-0.2141148325358851,-0.2595693779904305,-0.3062200956937799,True,-0.2907117008443908,,暴跌
02422,2422.HK,潤歌互動,2022-10-17,消费/零售,0.0384615384615384,0.5692307692307692,1.0692307692307692,0.8461538461538459,False,-0.15533980582524276,,暴涨
02425,2425.HK,澳亞集團,2022-12-30,消费/零售,0.0442622950819672,-0.0114754098360654,-0.181967213114754,-0.4459016393442623,False,-0.18681318681318693,,平稳
02427,2427.HK,GUANZE MEDICAL,2022-12-29,生物科技/医药,0.4583333333333334,0.6833333333333335,0.3250000000000001,2.45,False,-0.2376237623762376,,暴涨
02436,2436.HK,凌雄科技,2022-11-24,TMT/互联网,-0.0126582278481013,0.1379746835443037,0.3772151898734177,0.6632911392405063,True,-0.09447983014862005,,平稳
02440,2440.HK,濠暻科技,2022-12-12,TMT/互联网,-0.0990990990990991,-0.2837837837837838,-0.3513513513513514,-0.3333333333333334,True,-0.33499999999999996,,暴跌
02450,2450.HK,淮北綠金股份,2023-01-20,地产/建筑,-0.1239669421487602,-0.1735537190082644,-0.3057851239669421,-0.4297520661157025,True,-0.26363636363636367,,破发/走弱
02455,2455.HK,潤華服務,2023-01-17,地产/建筑,-0.0869565217391303,-0.0579710144927535,-0.0869565217391303,0.0072463768115942,True,-0.08823529411764708,,破发/走弱
02457,2457.HK,步陽國際,2022-12-15,消费/零售,-0.1549295774647887,0.0563380281690141,0.1549295774647887,0.0,True,-0.1428571428571429,,平稳
02458,2458.HK,望塵科技控股,2023-01-16,TMT/互联网,0.15,0.0279999999999999,0.366,0.0199999999999999,False,-0.11130434782608689,,平稳
02459,2459.HK,昇能集團,2023-01-17,工业/制造,0.0595238095238095,-0.0178571428571428,0.4226190476190477,0.1309523809523809,False,-0.0898876404494382,,平稳
02469,2469.HK,粉筆,2023-01-09,消费/零售,0.0571428571428571,-0.0095238095238094,0.140952380952381,0.0952380952380952,False,-0.09189189189189184,,平稳
02602,2602.HK,萬物雲,2022-09-29,地产/建筑,0.0087719298245613,-0.043859649122807,-0.2828947368421052,0.0723684210526315,False,-0.21304347826086956,,平稳
03611,3611.HK,花房集團,2022-12-12,其他,-0.0425531914893617,-0.2249240121580548,-0.2644376899696049,-0.4194528875379939,True,-0.4462616822429907,,暴跌
03660,3660.HK,３６０數科－Ｓ,2022-11-29,金融,0.0227272727272727,0.3231225296442688,0.5098814229249012,0.6946640316205533,False,-0.031884057917328845,,暴涨
03931,3931.HK,中創新航,2022-10-06,工业/制造,0.0,-0.0263157894736842,-0.4592105263157895,-0.4736842105263158,False,-0.4736842105263158,,平稳
04801,4801.HK,INTERRA ACQ Z25,2022-09-09,其他,,,,,False,,,无行情
04841,4841.HK,匯德收購Ｚ２５,2022-08-09,其他,,,,,False,,,无行情
06610,6610.HK,飛天雲動,2022-10-18,TMT/互联网,-0.0407239819004524,0.0361990950226244,0.2624434389140272,0.828054298642534,True,-0.12048192771084343,,平稳
06639,6639.HK,瑞爾集團,2022-03-22,生物科技/医药,-0.0547945205479451,-0.0136986301369862,-0.2095890410958904,-0.184931506849315,True,-0.29972375690607733,,平稳
06660,6660.HK,艾美疫苗,2022-10-06,生物科技/医药,0.1106666666666666,0.1173333333333334,0.8266666666666665,0.5733333333333335,False,-0.5382920110192837,,平稳
06661,6661.HK,湖州燃氣,2022-07-13,其他,-0.0635451505016723,0.003344481605351,-0.0050167224080267,-0.0702341137123747,True,-0.014827018121911006,,平稳
06667,6667.HK,美因基因,2022-06-22,生物科技/医药,-0.0759753593429158,-0.0862422997946611,-0.0882956878850102,-0.3172484599589322,True,-0.02328159645232808,,破发/走弱
06678,6678.HK,百德醫療,2022-09-22,其他,,,,,False,,,无行情
06686,6686.HK,諾亞控股－Ｓ,2022-07-13,金融,-0.0210526315789473,-0.0385964912280701,-0.1543859649122807,-0.239298245614035,True,-0.09684210526315795,,平稳
06689,6689.HK,洪九果品,2022-09-05,其他,0.0,0.0,-0.1037499999999999,0.75,False,-0.11872705018359853,,平稳
06696,6696.HK,多想雲,2022-11-09,消费/零售,-0.3127147766323025,-0.4329896907216496,-0.7457044673539518,-0.7835051546391752,True,-0.74,,暴跌
06698,6698.HK,星空華文,2022-12-29,消费/零售,0.3886328725038404,0.4377880184331797,1.4347158218125962,2.333333333333333,False,-0.07894736842105265,,暴涨
06922,6922.HK,康灃生物－Ｂ,2022-12-30,生物科技/医药,-0.0454054054054054,-0.0789189189189189,-0.1729729729729729,0.028108108108108,True,-0.2525481313703285,,破发/走弱
06929,6929.HK,業聚醫療,2022-12-23,生物科技/医药,0.0397727272727272,-0.0511363636363637,-0.0431818181818182,0.4477272727272726,False,-0.10928961748633881,,破发/走弱
06955,6955.HK,博安生物－Ｂ,2022-12-30,生物科技/医药,-0.0050251256281405,-0.1758793969849246,-0.2462311557788945,-0.0030150753768843,True,-0.23232323232323238,,破发/走弱
06963,6963.HK,陽光保險,2022-12-09,金融,0.0,-0.2727272727272727,-0.1269296740994854,-0.2452830188679245,False,-0.2727272727272727,,暴跌
07801,7801.HK,INTERRA ACQ-Z,2022-09-16,其他,0.0224948875255624,0.0224948875255624,0.0224948875255624,0.0224948875255624,False,0.0,,平稳
07841,7841.HK,匯德收購－Ｚ,2022-08-09,其他,,,,,False,,,无行情
09638,9638.HK,法拉帝,2022-03-31,工业/制造,-0.0086767895878524,-0.0086767895878524,0.0845986984815617,-0.1366594360086769,True,-0.027450980392156876,,平稳
09696,9696.HK,天齊鋰業,2022-07-13,工业/制造,0.1006711409395973,0.0583892617449663,0.1516778523489932,-0.0785234899328858,False,-0.06158536585365848,,平稳
09857,9857.HK,檸萌影視,2022-08-10,消费/零售,-0.027027027027027,0.0,-0.1153153153153152,-0.1135135135135134,True,-0.24137931034482762,,平稳
09863,9863.HK,零跑汽車,2022-09-29,消费/零售,-0.2219512195121951,-0.3951219512195121,-0.5517073170731708,-0.3280487804878048,True,-0.43887147335423204,,暴跌
09877,9877.HK,健世科技－Ｂ,2022-10-10,生物科技/医药,0.0089285714285714,-0.0017857142857143,0.1071428571428571,0.4285714285714285,False,-0.07890961262553797,,平稳
09878,9878.HK,匯通達網絡,2022-02-18,消费/零售,0.0355912743972446,-0.0126291618828931,-0.0654420206659011,0.0424799081515499,False,-0.1708333333333334,主板,平稳
09886,9886.HK,叮噹健康,2022-09-14,生物科技/医药,-0.0275526742301458,-0.0243111831442464,-0.0453808752025932,0.0194489465153971,True,-0.04501607717041789,,平稳
09896,9896.HK,名創優品,2022-07-13,消费/零售,0.0136363636363637,0.0848484848484849,-0.0909090909090908,-0.1363636363636363,False,-0.18611111111111112,,平稳
09955,9955.HK,智雲健康,2022-07-06,生物科技/医药,-0.0754098360655737,-0.0983606557377049,-0.3311475409836066,-0.5147540983606557,True,-0.28421052631578947,,破发/走弱
09985,9985.HK,衛龍,2022-12-15,消费/零售,-0.0176470588235293,-0.0901960784313725,-0.0039215686274508,0.1176470588235295,True,-0.12310606060606066,主板,破发/走弱
00666,0666.HK,瑞浦蘭鈞,2023-12-18,工业/制造,0.0096774193548386,-0.0086021505376344,0.0139784946236558,-0.2172043010752688,False,-0.2229357798165137,,平稳
01111,1111.HK,華視集團控股,2023-11-10,消费/零售,-0.018181818181818,0.1636363636363636,0.2484848484848485,-0.7424242424242424,True,-0.11946902654867253,,平稳
01274,1274.HK,知行汽車科技,2023-12-20,TMT/互联网,-0.1252115059221658,0.1404399323181049,0.3688663282571913,1.4822335025380708,True,-0.04123711340206204,,平稳
01284,1284.HK,新傳企劃,2023-07-17,消费/零售,0.0568181818181818,0.0568181818181818,-0.3977272727272727,-0.5397727272727273,False,-0.4907407407407407,,平稳
01405,1405.HK,達勢股份,2023-03-28,消费/零售,-0.001086956521739,0.2282608695652173,0.0967391304347826,0.1119565217391304,True,-0.20676100628930816,,平稳
01497,1497.HK,燕之屋,2023-12-12,消费/零售,-0.0761904761904762,-0.1238095238095238,-0.0771428571428572,-0.0495238095238094,True,-0.21855670103092772,,破发/走弱
01519,1519.HK,極兔速遞－Ｗ,2023-10-27,工业/制造,0.0,0.0333333333333333,0.005,0.3283333333333333,False,-0.09379968203497613,,平稳
01541,1541.HK,宜明昂科－Ｂ,2023-09-05,生物科技/医药,-0.0792452830188679,0.1792452830188679,0.1768867924528302,0.4221698113207547,True,-0.11793214862681745,,平稳
01973,1973.HK,天圖投資,2023-10-06,金融,-0.0946196660482374,-0.2578849721706864,-0.020408163265306,-0.0630797773654916,True,-0.180327868852459,,暴跌
02105,2105.HK,來凱醫藥－Ｂ,2023-06-29,生物科技/医药,0.2057877813504824,0.220257234726688,0.1189710610932476,0.0434083601286174,False,-0.2313167259786476,,平稳
02149,2149.HK,貝克微,2023-12-28,TMT/互联网,-0.093812375249501,0.0019960079840319,-0.1896207584830339,-0.0678642714570858,True,-0.26315789473684215,主板,平稳
02268,2268.HK,藥明合聯,2023-11-17,生物科技/医药,0.0389610389610389,0.0760667903525046,0.12430426716141,-0.4612244897959184,False,-0.14751552795031064,,平稳
02271,2271.HK,眾安智慧生活,2023-07-18,地产/建筑,-0.0081967213114754,-0.1311475409836064,-0.2950819672131147,-0.4426229508196721,True,-0.2644628099173554,,破发/走弱
02405,2405.HK,力盟科技,2023-03-31,消费/零售,0.1052631578947368,0.3815789473684211,1.1315789473684212,3.5657894736842106,False,-0.2500000000000001,,暴涨
02409,2409.HK,洲際船務,2023-03-29,工业/制造,-0.2134146341463414,-0.0792682926829267,-0.1036585365853658,-0.0579268292682926,True,-0.09235668789808915,,破发/走弱
02415,2415.HK,梅斯健康,2023-04-27,生物科技/医药,0.03954802259887,-0.0282485875706214,0.0101694915254237,0.0124293785310735,False,-0.14489795918367343,,平稳
02416,2416.HK,易點雲,2023-05-25,TMT/互联网,0.0443974630021141,0.1627906976744185,0.164904862579281,-0.2621564482029598,False,-0.3434844192634561,,平稳
02419,2419.HK,德康農牧,2023-12-06,消费/零售,0.0148849797023003,0.0216508795669823,0.5926928281461433,0.3261163734776724,False,-0.07548770144189998,,平稳
02429,2429.HK,友寶在線,2023-11-03,消费/零售,0.1664,0.0,0.2896000000000001,0.696,False,-0.16777629826897467,,平稳
02433,2433.HK,中天湖南集團,2023-03-30,地产/建筑,-0.0856164383561643,-0.2842465753424658,-0.5376712328767123,-0.821917808219178,True,-0.5071428571428571,,暴跌
02439,2439.HK,中寶新材,2023-03-31,工业/制造,0.0461538461538461,0.0307692307692307,-0.0307692307692307,-0.1076923076923077,False,-0.25316455696202544,,平稳
02442,2442.HK,怡俊集團控股,2023-05-09,地产/建筑,0.1264367816091954,0.7701149425287357,0.8505747126436782,0.2298850574712644,False,-0.38095238095238093,,暴涨
02451,2451.HK,綠源集團控股,2023-10-12,消费/零售,0.0136239782016349,-0.0122615803814713,-0.0054495912806539,-0.0204359673024522,False,-0.1542553191489361,,平稳
02453,2453.HK,美中嘉和,2024-01-09,生物科技/医药,0.1306122448979591,0.4244897959183673,0.2755102040816325,1.3520408163265305,False,-0.2177650429799427,,暴涨
02473,2473.HK,喜相逢集團,2023-11-09,消费/零售,-0.2477064220183487,-0.2614678899082569,0.1559633027522935,0.3577981651376146,True,-0.22499999999999998,,暴跌
02477,2477.HK,經緯天地,2024-01-12,TMT/互联网,0.4915254237288136,0.9774011299435028,0.8700564971751412,1.0508474576271185,False,-0.20708446866485009,,暴涨
02480,2480.HK,綠竹生物－Ｂ,2023-05-08,生物科技/医药,-0.3015873015873016,-0.280952380952381,0.1269841269841269,0.0253968253968253,True,-0.24090909090909096,,暴跌
02481,2481.HK,慧居科技,2023-07-10,其他,0.0,-0.1972222222222222,-0.2083333333333333,-0.2583333333333333,False,-0.30000000000000004,,破发/走弱
02482,2482.HK,維天運通,2023-03-09,工业/制造,0.0106761565836298,0.0177935943060497,-0.0071174377224199,-0.0391459074733095,False,-0.04181184668989546,,平稳
02483,2483.HK,Ｋ ＣＡＳＨ集團,2023-12-05,金融,0.1118012422360248,0.0621118012422359,0.1180124223602484,0.0559006211180123,False,-0.06703910614525144,,平稳
02486,2486.HK,普樂師集團控股,2023-05-11,消费/零售,-0.2317307692307692,-0.2788461538461538,-0.4375000000000001,-0.4865384615384616,True,-0.3673469387755103,,暴跌
02487,2487.HK,科笛－Ｂ,2023-06-12,生物科技/医药,0.006880733944954,0.3899082568807339,0.0298165137614678,-0.0458715596330275,False,-0.30420711974110026,,暴涨
02489,2489.HK,集海資源,2023-12-22,工业/制造,0.0980392156862746,0.0784313725490196,0.0980392156862746,0.1960784313725489,False,-0.11290322580645151,,平稳
02490,2490.HK,樂艙物流,2023-09-25,工业/制造,-0.0058479532163743,0.0370370370370371,-0.0331384015594541,0.0721247563352826,True,-0.305980528511822,,平稳
02496,2496.HK,友芝友生物－Ｂ,2023-09-25,生物科技/医药,-0.0243902439024389,-0.0853658536585365,-0.4548780487804878,-0.4652439024390244,True,-0.5411522633744856,,破发/走弱
02498,2498.HK,速騰聚創,2024-01-05,TMT/互联网,0.0,0.0,-0.0534883720930231,-0.0081395348837209,False,-0.04750869061413665,,平稳
02499,2499.HK,佛朗斯股份,2023-11-10,工业/制造,-0.0465116279069767,-0.0426356589147286,-0.065891472868217,-0.0801033591731266,True,-0.037685060565275874,,平稳
02501,2501.HK,邁越科技,2023-10-11,TMT/互联网,0.3252032520325202,0.0975609756097561,0.0569105691056911,-0.024390243902439,False,-0.21472392638036808,,平稳
02502,2502.HK,金源氫化,2023-12-20,工业/制造,-0.1792452830188679,-0.1037735849056604,-0.160377358490566,-0.2547169811320755,True,-0.11538461538461542,,破发/走弱
02503,2503.HK,中深建業,2024-01-09,地产/建筑,-0.1111111111111112,0.2962962962962963,0.7407407407407405,-0.0493827160493827,True,-0.05813953488372081,,平稳
02511,2511.HK,君聖泰醫藥－Ｂ,2023-12-22,生物科技/医药,0.0385906040268457,-0.0167785234899328,0.0234899328859059,-0.4916107382550336,False,-0.12654320987654322,,平稳
02516,2516.HK,泛遠國際,2023-12-22,工业/制造,-0.2307692307692308,-0.2615384615384616,-0.3538461538461539,-0.5538461538461539,True,-0.25,,暴跌
02517,2517.HK,鍋圈,2023-11-02,消费/零售,0.0,0.0652173913043477,0.1705685618729096,0.6321070234113709,False,-0.18648648648648658,,平稳
02520,2520.HK,山西安裝,2023-11-22,地产/建筑,0.0,-0.055045871559633,-0.2247706422018349,0.0091743119266055,False,-0.28054298642533937,,破发/走弱
02521,2521.HK,升輝清潔,2023-12-05,消费/零售,0.1,0.2333333333333333,0.2833333333333334,-0.0833333333333332,False,-0.22891566265060237,,平稳
03650,3650.HK,KEEP,2023-07-12,消费/零售,-0.0429042904290429,-0.0478547854785478,-0.0330033003300329,-0.0297029702970297,True,-0.11147540983606552,,平稳
06682,6682.HK,第四範式,2023-09-28,TMT/互联网,-0.0729001584786054,-0.144215530903328,-0.1806656101426307,-0.2282091917591125,True,-0.11452991452991457,,破发/走弱
06683,6683.HK,巨星傳奇,2023-07-13,消费/零售,-0.0852173913043478,0.2347826086956521,0.0382608695652173,0.5669565217391304,True,-0.2425806451612903,,平稳
06911,6911.HK,瀾滄古茶,2023-12-22,消费/零售,-0.1869158878504673,0.0,-0.1233644859813082,-0.0467289719626168,True,-0.10560747663551395,,平稳
06959,6959.HK,長久股份,2024-01-09,消费/零售,0.1327868852459017,0.2163934426229508,0.2540983606557378,5.229508196721312,False,-0.22716894977168955,,平稳
06979,6979.HK,珍酒李渡,2023-04-27,消费/零售,-0.0133333333333332,0.011111111111111,-0.2311111111111112,-0.0155555555555556,True,-0.20274551214361147,,平稳
06990,6990.HK,科倫博泰生物－Ｂ,2023-07-11,生物科技/医药,0.0313531353135313,0.089108910891089,0.1617161716171618,0.2541254125412541,False,-0.19999999999999996,,平稳
09636,9636.HK,九方財富,2023-03-10,TMT/互联网,0.0070505287896592,-0.0094007050528789,-0.0787309048178613,-0.0129259694477085,False,-0.0980392156862745,,平稳
09663,9663.HK,國鴻氫能,2023-12-05,工业/制造,0.2,-0.0751515151515151,0.0218181818181817,0.0848484848484847,False,-0.2646464646464647,,破发/走弱
09669,9669.HK,北森控股,2023-04-13,TMT/互联网,-0.1182432432432432,-0.5236486486486487,-0.6797297297297298,-0.7094594594594594,True,-0.6195402298850575,,暴跌
09676,9676.HK,十月稻田,2023-10-12,消费/零售,0.1349397590361444,0.4879518072289155,0.5120481927710843,0.5090361445783131,False,-0.1091234347048301,,暴涨
09686,9686.HK,東軟熙康,2023-09-28,生物科技/医药,-0.2628726287262872,-0.3712737127371274,-0.5338753387533876,-0.6341463414634146,True,-0.4007352941176472,,暴跌
09690,9690.HK,途虎－Ｗ,2023-09-26,消费/零售,0.0535714285714285,0.0249999999999999,0.1678571428571429,0.0874999999999999,False,-0.08794788273615628,,平稳
09860,9860.HK,艾迪康控股,2023-06-30,生物科技/医药,0.1201298701298701,0.0162337662337661,0.0308441558441557,0.25,False,-0.21014492753623193,,平稳
09880,9880.HK,優必選,2023-12-29,TMT/互联网,0.0105672969966628,-0.0211345939933259,-0.0222469410456062,1.1401557285873192,False,-0.1882223445239405,,平稳
09885,9885.HK,藥師幫,2023-06-28,生物科技/医药,-0.0845986984815617,0.0629067245119305,1.1453362255965294,1.3101952277657265,True,-0.07551020408163267,,平稳
09890,9890.HK,中旭未來,2023-09-28,TMT/互联网,0.0159651669085631,-0.0232220609579099,-0.1582002902757619,2.0406386066763424,False,-0.27142857142857146,,平稳
09930,9930.HK,宏信建發,2023-05-25,工业/制造,-0.0153374233128833,-0.1871165644171779,-0.2331288343558281,-0.1656441717791409,True,-0.23987538940809972,,破发/走弱
00300,0300.HK,美的集團,2024-09-17,消费/零售,-0.0016891891891892,0.1942567567567567,0.2888513513513513,0.2643581081081079,True,-0.2210526315789474,,平稳
00325,0325.HK,布魯可,2025-01-10,消费/零售,-0.2244525547445255,-0.1760948905109489,-0.1779197080291971,0.0483576642335767,True,-0.08349999999999991,主板,破发/走弱
00805,0805.HK,新吉奧房車,2025-01-13,消费/零售,0.0,0.4795918367346938,-0.0612244897959183,0.2142857142857142,False,-0.3931034482758621,,暴涨
00917,0917.HK,趣致集團,2024-05-27,消费/零售,0.0606060606060606,0.2030303030303031,0.5863636363636364,0.5181818181818182,False,-0.03483606557377039,,平稳
00999,0999.HK,小菜園,2024-12-20,消费/零售,0.0733333333333333,0.0144444444444445,0.0,0.2244444444444444,False,-0.06935817805383027,,平稳
01318,1318.HK,毛戈平,2024-12-10,生物科技/医药,0.1038824763903463,0.2277019937040924,0.2644281217208815,1.1532004197271772,False,-0.09836065573770492,,平稳
01334,1334.HK,瑞昌國際控股,2024-07-10,新能源/汽车,-0.0769230769230769,-0.1153846153846154,-0.3153846153846154,-0.3153846153846154,True,-0.30534351145038163,,破发/走弱
01354,1354.HK,經發物業,2024-07-03,地产/建筑,-0.1320261437908497,-0.2549019607843137,0.041830065359477,1.549019607843137,True,-0.28449744463373083,,暴跌
01471,1471.HK,眾淼控股,2024-08-06,金融,0.068313953488372,-0.1802325581395349,-0.1424418604651162,-0.0203488372093022,False,-0.2326530612244898,,破发/走弱
02228,2228.HK,QUANTUMPH-P,2024-06-13,生物科技/医药,0.0760667903525046,-0.0166975881261595,0.0148423005565862,1.3673469387755104,False,-0.10689655172413792,主板,平稳
02410,2410.HK,同源康醫藥－Ｂ,2024-08-20,生物科技/医药,-0.0538674033149172,0.5883977900552486,1.1201657458563534,0.7092541436464088,True,-0.09565217391304348,,暴涨
02431,2431.HK,佑駕創新,2024-12-27,TMT/互联网,0.0430107526881718,-0.0591397849462366,0.1155913978494622,0.7580645161290323,False,-0.13530010172939977,,破发/走弱
02432,2432.HK,越疆,2024-12-23,TMT/互联网,-0.0385786802030455,-0.030456852791878,0.0583756345177666,2.583756345177665,True,-0.21503131524008345,,平稳
02438,2438.HK,出門問問,2024-04-24,TMT/互联网,0.2348993288590604,0.2919463087248322,0.2080536912751678,-0.5234899328859061,False,-0.1674528301886793,,平稳
02443,2443.HK,汽車街,2024-05-31,消费/零售,-0.1075862068965517,-0.2082758620689654,-0.4482758620689655,-0.5710344827586208,True,-0.2616541353383459,,暴跌
02460,2460.HK,華潤飲料,2024-10-23,消费/零售,0.0133657351154312,-0.0607533414337788,-0.2272174969623329,-0.3025516403402187,False,-0.23621103117505993,,破发/走弱
02465,2465.HK,龍蟠科技,2024-10-30,工业/制造,-0.0649606299212598,-0.1062992125984252,0.155511811023622,-0.0846456692913385,True,-0.19157894736842107,,破发/走弱
02479,2479.HK,天聚地合,2024-06-28,TMT/互联网,-0.4676991150442478,-0.4247787610619469,-0.3446902654867257,-0.4716814159292035,True,-0.247170935080405,,暴跌
02495,2495.HK,聲通科技,2024-07-10,TMT/互联网,0.0,0.0511111111111111,0.3962962962962963,0.3866666666666666,False,-0.15595304639463392,,平稳
02497,2497.HK,富景中國控股,2024-03-28,消费/零售,-0.3051643192488262,-0.4178403755868544,-0.5070422535211268,-0.5164319248826291,True,-0.42944785276073616,,暴跌
02505,2505.HK,ＥＤＡ集團控股,2024-05-28,工业/制造,0.3592233009708739,-0.0032362459546924,0.4401294498381878,0.2621359223300971,False,-0.37142857142857144,,平稳
02506,2506.HK,訊飛醫療科技,2024-12-30,生物科技/医药,-0.0306406685236768,-0.0573816155988858,-0.0395543175487464,0.3927576601671309,True,-0.07777777777777772,,破发/走弱
02507,2507.HK,西銳,2024-07-12,工业/制造,0.0,-0.1036363636363637,-0.069090909090909,-0.1727272727272727,False,-0.12727272727272732,,破发/走弱
02509,2509.HK,荃信生物－Ｂ,2024-03-20,生物科技/医药,-0.1058394160583941,-0.125912408759124,-0.1295620437956203,0.0474452554744525,True,-0.2587755102040816,,破发/走弱
02510,2510.HK,德翔海運,2024-11-01,工业/制造,-0.0191387559808612,0.0,0.0382775119617225,0.0287081339712918,True,-0.17849462365591406,,平稳
02512,2512.HK,雲工場,2024-06-14,TMT/互联网,-0.1304347826086957,-0.1304347826086957,-0.1327231121281464,-0.1762013729977116,True,-0.07881773399014769,,破发/走弱
02515,2515.HK,天津建發,2024-04-23,地产/建筑,-0.1914893617021276,-0.1914893617021276,-0.3138297872340425,-0.3138297872340425,True,-0.21341463414634143,,破发/走弱
02519,2519.HK,傲基股份,2024-11-08,消费/零售,-0.0043227665706052,-0.1325648414985591,-0.0778097982708933,-0.1354466858789625,True,-0.23444283646888564,,破发/走弱
02522,2522.HK,一脈陽光,2024-06-07,生物科技/医药,0.0,0.2813333333333333,0.1666666666666666,0.3239999999999999,False,-0.24292682926829268,,平稳
02529,2529.HK,泓盈城市服務,2024-05-17,地产/建筑,-0.0722543352601156,-0.2543352601156069,-0.1445086705202312,-0.1907514450867052,True,-0.25233644859813087,,暴跌
02530,2530.HK,紐曼思,2025-01-10,生物科技/医药,-0.1265822784810127,-0.1392405063291139,-0.1392405063291139,-0.1518987341772151,True,-0.2318840579710144,,破发/走弱
02531,2531.HK,廣聯科技控股,2024-07-15,TMT/互联网,-0.124087591240876,0.3375912408759123,0.2554744525547444,1.8649635036496344,True,-0.3580586080586081,,暴涨
02533,2533.HK,黑芝麻智能,2024-08-08,TMT/互联网,0.0877659574468084,0.0718085106382977,0.1595744680851063,0.2952127659574468,False,-0.16412213740458015,,平稳
02535,2535.HK,泓基集團,2024-03-08,地产/建筑,-0.0923076923076923,-0.0153846153846153,-0.0461538461538461,-0.1230769230769231,True,-0.17391304347826086,,平稳
02536,2536.HK,百樂皇宮,2024-03-26,消费/零售,0.0909090909090909,1.0,0.8981818181818181,1.181818181818182,False,-0.09999999999999998,,暴涨
02540,2540.HK,樂思集團,2024-03-08,消费/零售,0.6666666666666666,2.255555555555556,3.066666666666667,0.2777777777777776,False,-0.502177068214804,,暴涨
02545,2545.HK,中贛通信,2024-07-03,TMT/互联网,-0.1184210526315789,-0.4013157894736842,-0.5,-0.5394736842105263,True,-0.5073529411764706,,暴跌
02549,2549.HK,卡羅特,2024-10-02,消费/零售,-0.0368421052631578,-0.2842105263157895,-0.4536842105263158,-0.4705263157894737,True,-0.46229508196721314,,暴跌
02550,2550.HK,宜搜科技,2024-06-07,消费/零售,0.3082352941176469,0.9858823529411764,1.096470588235294,1.2799999999999998,False,-0.13793103448275867,,暴涨
02551,2551.HK,晶科電子股份,2024-11-08,工业/制造,0.269047619047619,0.076190476190476,-0.1285714285714286,0.1238095238095237,False,-0.33208255159474676,,平稳
02555,2555.HK,茶百道,2024-04-23,消费/零售,-0.1867852604828462,-0.2731893265565439,-0.2846251588310038,-0.3583227445997459,True,-0.20000000000000007,,暴跌
02556,2556.HK,邁富時,2024-05-16,TMT/互联网,0.1477777777777777,0.3566666666666666,0.8544444444444446,1.1855555555555557,False,-0.06055776892430276,,暴涨
02559,2559.HK,嘀嗒出行,2024-06-28,消费/零售,-0.1108986615678776,-0.4416826003824093,-0.5506692160611855,-0.6022944550669216,True,-0.5311827956989248,,暴跌
02560,2560.HK,海螺材料科技,2025-01-09,工业/制造,-0.1277777777777777,-0.1944444444444444,-0.2333333333333334,-0.0444444444444444,True,-0.15286624203821653,,破发/走弱
02563,2563.HK,華昊中天醫藥－Ｂ,2024-10-31,生物科技/医药,-0.0325581395348836,0.3023255813953488,0.2976744186046511,-0.2390697674418605,True,-0.029010238907849928,,暴涨
02566,2566.HK,九源基因,2024-11-28,生物科技/医药,0.02,0.0706666666666665,-0.104,-0.14,False,-0.18082524271844658,,平稳
02567,2567.HK,七牛智能,2024-10-16,TMT/互联网,-0.2562500000000001,-0.2562500000000001,-0.35625,-0.59375,True,-0.15999999999999992,,暴跌
02570,2570.HK,重塑能源,2024-12-06,工业/制造,-0.0120886501007388,0.0960376091336466,0.2155809267965076,0.3915379449294827,True,-0.09926470588235292,,平稳
02571,2571.HK,賽目科技,2025-01-15,TMT/互联网,-0.0090225563909775,-0.0195488721804512,0.1142857142857142,-0.0406015037593985,True,-0.11538461538461531,,平稳
02576,2576.HK,太美醫療科技,2024-10-08,TMT/互联网,-0.1814946619217082,-0.4777580071174377,-0.4759786476868328,-0.6298932384341637,True,-0.3619565217391304,,暴跌
02577,2577.HK,英諾賽科,2024-12-30,TMT/互联网,0.0,-0.0048387096774193,0.2629032258064516,0.5112903225806452,False,-0.13333333333333341,,平稳
02582,2582.HK,國富氫能,2024-11-15,工业/制造,-0.0522478736330497,0.1731470230862697,0.3888213851761847,0.6743620899149455,True,-0.11201143946615821,,平稳
02585,2585.HK,夢金園,2024-11-29,消费/零售,0.032,-0.072,-0.0015999999999999,0.4159999999999999,False,-0.1860759493670887,,破发/走弱
02586,2586.HK,多點數智,2024-12-06,TMT/互联网,-0.3640552995391704,-0.7101382488479263,-0.7308755760368664,-0.5774193548387097,True,-0.6014492753623188,,暴跌
02587,2587.HK,健康之路,2024-12-30,生物科技/医药,0.071356783919598,0.5517587939698493,0.2904522613065327,1.8140703517587944,False,-0.2027194066749073,,暴涨
02593,2593.HK,草姬集團,2024-12-19,生物科技/医药,-0.1172707889125801,-0.3944562899786781,-0.5586353944562901,-0.6204690831556503,True,-0.5217391304347826,,暴跌
02596,2596.HK,宜賓銀行,2025-01-13,金融,0.0077220077220077,0.0038610038610039,0.0038610038610039,0.0077220077220077,False,-0.007662835249042099,,平稳
02598,2598.HK,連連數字,2024-03-28,金融,-0.0367346938775511,-0.0071428571428571,-0.0051020408163266,-0.0387755102040817,True,-0.08284023668639051,,平稳
02613,2613.HK,匯舸環保,2025-01-09,工业/制造,-0.004418262150221,-0.1163475699558174,-0.101620029455081,-0.1458026509572902,True,-0.15088757396449703,,破发/走弱
02881,2881.HK,武漢有機,2024-06-18,工业/制造,-0.2894736842105264,-0.3724696356275304,-0.5,-0.5748987854251012,True,-0.398921832884097,,暴跌
02898,2898.HK,盛禾生物－Ｂ,2024-05-24,生物科技/医药,0.0041493775933609,-0.5089903181189489,-0.5995850622406639,-0.5401106500691563,False,-0.5826446280991735,,暴跌
06086,6086.HK,方舟健客,2024-07-09,生物科技/医药,-0.0320512820512819,-0.0170940170940171,-0.0769230769230768,0.4957264957264958,True,-0.31746031746031744,,平稳
06181,6181.HK,老鋪黃金,2024-06-28,消费/零售,0.0852713178294573,0.3209302325581396,0.2426356589147288,1.007751937984496,False,-0.14318573893041986,,暴涨
06657,6657.HK,百望股份,2024-07-09,TMT/互联网,0.215625,0.0703125,-0.0124999999999999,0.109375,False,-0.3669902912621359,,平稳
06681,6681.HK,腦動極光－Ｂ,2025-01-08,生物科技/医药,0.0341614906832297,0.1490683229813664,0.6832298136645961,0.7950310559006211,False,-0.1840909090909092,,平稳
06936,6936.HK,順豐控股,2024-11-27,工业/制造,0.0,-0.0495626822157433,-0.0174927113702622,0.1516034985422741,False,-0.05685131195335269,,平稳
08529,8529.HK,優博控股,2024-06-03,TMT/互联网,-0.1969696969696969,-0.3939393939393939,-0.5151515151515151,-0.7424242424242424,True,-0.4528301886792453,,暴跌
08629,8629.HK,集信國控,2024-09-06,地产/建筑,-0.2148760330578512,-0.4256198347107437,-0.1685950413223139,-0.1636363636363636,True,-0.3717171717171718,,暴跌
08637,8637.HK,元續科技,2024-07-02,TMT/互联网,-0.1144578313253011,-0.3373493975903613,-0.216867469879518,-0.4036144578313253,True,-0.26530612244897955,,暴跌
09639,9639.HK,榮利營造,2024-10-09,地产/建筑,0.24,-0.12,-0.03,-0.16,False,-0.32258064516129037,,破发/走弱
09660,9660.HK,地平線機器人－Ｗ,2024-10-24,TMT/互联网,-0.19921875,-0.0683593750000001,-0.19921875,-0.2148437500000001,True,-0.20432220039292737,,破发/走弱
09680,9680.HK,如祺出行,2024-07-10,消费/零售,0.1299999999999999,-0.0733333333333333,0.01,-0.16,False,-0.5498591549295775,,破发/走弱
09879,9879.HK,米高集團,2024-03-21,工业/制造,-0.0662100456621004,-0.0684931506849314,0.2488584474885845,0.6141552511415526,True,-0.09933774834437092,,破发/走弱
00100,0100.HK,MINIMAX-WP,2026-01-09,TMT/互联网,0.465590484282073,0.8606627017841971,0.9583687340696686,3.0781648258283774,False,-0.1635111876075731,,暴涨
00501,0501.HK,豪威集團,2026-01-12,TMT/互联网,0.1277777777777777,0.0787037037037037,-0.0342592592592592,-0.2546296296296296,False,-0.14121510673234816,,平稳
00638,0638.HK,廣和通,2025-10-22,工业/制造,-0.1172093023255813,-0.1023255813953488,-0.2344186046511627,-0.2627906976744186,True,-0.1485294117647058,,破发/走弱
00699,0699.HK,均勝電子,2025-11-06,消费/零售,-0.0586046511627907,-0.1860465116279069,-0.189767441860465,-0.2130232558139534,True,-0.27766798418972327,,破发/走弱
00800,0800.HK,文遠知行－Ｗ,2025-11-06,TMT/互联网,-0.0232185748598879,-0.1713370696557246,-0.0592473979183346,-0.1833466773418736,True,-0.2426229508196721,,破发/走弱
01276,1276.HK,恒瑞医药,2025-05-23,生物科技/医药,-0.0324561403508772,0.0175438596491228,-0.012280701754386,0.4649122807017544,True,-0.04537815126050426,,平稳
01304,1304.HK,FORTIOR,2025-07-09,TMT/互联网,0.0688073394495412,0.1590214067278286,0.2087155963302751,0.5107033639143729,False,-0.11499703615886181,,平稳
01333,1333.HK,博雷頓,2025-05-07,工业/制造,-0.1413793103448276,-0.1862068965517241,0.0172413793103448,-0.0379310344827586,True,-0.11904761904761907,,破发/走弱
01364,1364.HK,古茗,2025-02-12,消费/零售,-0.0699999999999999,-0.0269999999999999,0.414,1.4600000000000002,True,-0.11774193548387102,,平稳
01384,1384.HK,滴普科技,2025-10-28,TMT/互联网,0.1823008849557521,0.7876106194690266,0.4088495575221238,0.3371681415929203,False,-0.38346525945470544,,暴涨
01641,1641.HK,紅星冷鏈,2026-01-13,地产/建筑,-0.3718079673135852,-0.4913176710929519,-0.5669050051072523,-0.6332992849846782,True,-0.36180124223602483,,暴跌
01828,1828.HK,富卫集团,2025-07-07,金融,0.0105263157894736,0.006578947368421,0.0026315789473684,0.22,False,-0.014267185473411104,,平稳
02026,2026.HK,小馬智行－Ｗ,2025-11-06,TMT/互联网,0.0169354838709677,-0.1290322580645161,-0.1040322580645161,-0.1185483870967742,False,-0.30927835051546393,,破发/走弱
02050,2050.HK,三花智控,2025-06-23,工业/制造,0.0739856801909308,0.2004773269689736,0.3293556085918856,0.7718377088305489,False,-0.12903225806451624,,平稳
02076,2076.HK,ＢＯＳＳ直聘－Ｗ,2025-05-26,消费/零售,0.003037205770691,-0.0129081245254365,0.0478359908883827,0.2505694760820046,False,-0.07670454538478078,,平稳
02097,2097.HK,蜜雪集团,2025-03-03,消费/零售,0.1068702290076336,0.5015267175572519,0.6076335877862595,1.2309160305343512,False,-0.16559139784946242,,暴涨
02259,2259.HK,紫金黃金國際,2025-09-30,工业/制造,0.0816143497757847,0.2672645739910315,0.17847533632287,0.2914798206278027,False,-0.17320703653585934,,平稳
02396,2396.HK,華芢生物－Ｂ,2025-12-22,生物科技/医药,-0.2011834319526626,-0.5215976331360945,-0.6872781065088757,-0.7884615384615384,True,-0.5948148148148149,,暴跌
02408,2408.HK,遇見小麵,2025-12-05,消费/零售,0.016,0.0039999999999999,-0.0939999999999999,-0.0839999999999999,False,-0.1633858267716536,,平稳
02508,2508.HK,聖貝拉,2025-06-26,消费/零售,0.0414201183431954,-0.2177514792899408,-0.1514792899408283,-0.2331360946745561,False,-0.2909090909090909,,暴跌
02513,2513.HK,智譜,2026-01-08,TMT/互联网,0.0958333333333333,1.0083333333333333,0.8016666666666665,6.8,False,-0.23199999999999998,,暴涨
02525,2525.HK,禾賽－Ｗ,2025-09-16,TMT/互联网,0.0209424083769634,0.0034904013961606,-0.2076788830715532,-0.2971204188481675,False,-0.2170940170940171,,平稳
02539,2539.HK,樂摩科技,2025-12-03,消费/零售,-0.1589506172839505,0.029320987654321,-0.4592592592592593,-0.7100308641975309,True,-0.564622641509434,,平稳
02543,2543.HK,大行科工,2025-09-09,消费/零售,-0.157037037037037,-0.0466666666666667,-0.2466666666666666,-0.3881481481481482,True,-0.19036519036519028,,平稳
02546,2546.HK,智匯礦業,2025-12-19,工业/制造,-0.2037037037037037,-0.125925925925926,0.0740740740740739,0.2462962962962963,True,-0.09390609390609383,,破发/走弱
02553,2553.HK,首鋼朗澤,2026-06-03,工业/制造,,,,,False,,,无行情
02561,2561.HK,維昇藥業－Ｂ,2025-03-21,生物科技/医药,0.0,-0.1678779069767441,-0.2972383720930232,-0.2921511627906976,False,-0.40697674418604657,,破发/走弱
02565,2565.HK,派格生物醫藥－Ｂ,2025-05-27,生物科技/医药,-0.1107692307692307,-0.2538461538461539,-0.3023076923076923,1.3661538461538465,True,-0.2214532871972319,,暴跌
02569,2569.HK,舒寶國際,2025-03-27,消费/零售,0.3673469387755103,0.0204081632653061,0.2448979591836734,2.0408163265306123,False,-0.29850746268656725,,平稳
02573,2573.HK,新琪安,2025-06-10,消费/零售,-0.2413223140495868,-0.4803305785123967,-0.5801652892561984,-0.5940495867768595,True,-0.4108932461873638,,暴跌
02575,2575.HK,軒竹生物－Ｂ,2025-10-15,生物科技/医药,-0.1072640868974881,1.0366598778004072,1.1758316361167682,1.2572980312287847,True,-0.08686288585786084,,暴涨
02579,2579.HK,中偉新材,2025-11-17,工业/制造,-0.0011764705882352,-0.1088235294117646,-0.2223529411764705,0.0994117647058824,True,-0.21378091872791527,,破发/走弱
02580,2580.HK,奧克斯電氣,2025-09-02,消费/零售,0.0236024844720496,0.0,-0.1093167701863355,-0.008695652173913,False,-0.13834951456310685,,平稳
02581,2581.HK,明基醫院,2025-12-22,生物科技/医药,-0.2738461538461539,-0.3676923076923077,-0.3723076923076923,-0.4692307692307692,True,-0.14194915254237284,,暴跌
02583,2583.HK,西普尼,2025-09-30,消费/零售,0.2619047619047619,0.9642857142857144,0.961904761904762,1.0071428571428571,False,-0.11797133406835725,,暴涨
02589,2589.HK,沪上阿姨,2025-05-08,消费/零售,-0.1689401888772297,-0.3300104931794333,-0.3467995802728226,-0.2880377754459601,True,-0.21338383838383845,,暴跌
02590,2590.HK,極智嘉－Ｗ,2025-07-09,TMT/互联网,0.0473372781065089,0.1195266272189351,0.1224852071005917,0.7573964497041421,False,-0.15731462925851702,,平稳
02591,2591.HK,銀諾醫藥－Ｂ,2025-08-15,生物科技/医药,-0.2048611111111111,-0.2638888888888889,-0.3811111111111111,-0.5425,True,-0.2869868995633188,,暴跌
02592,2592.HK,撥康視雲－Ｂ,2025-07-03,生物科技/医药,-0.3473684210526315,-0.3894736842105264,-0.4368421052631579,-0.5021052631578947,True,-0.1064516129032258,,暴跌
02595,2595.HK,勁方醫藥－Ｂ,2025-09-19,生物科技/医药,-0.0431818181818181,-0.1318181818181817,-0.3322727272727273,-0.3781818181818182,True,-0.27315914489311166,,破发/走弱
02597,2597.HK,訊眾通信,2025-07-09,TMT/互联网,-0.0647382920110192,-0.0702479338842975,-0.0619834710743802,0.4325068870523417,True,-0.12348993288590604,,破发/走弱
02603,2603.HK,吉宏股份,2025-05-27,消费/零售,-0.0290909090909091,-0.0909090909090909,-0.0218181818181818,0.5545454545454547,True,-0.09176029962546817,,破发/走弱
02605,2605.HK,METALIGHT,2025-06-10,消费/零售,-0.1052631578947368,-0.1013157894736841,-0.1868421052631579,-0.3407894736842105,True,-0.18105849582172695,,破发/走弱
02609,2609.HK,佰澤醫療,2025-06-23,生物科技/医药,0.1428571428571428,0.1752380952380952,0.2495238095238094,1.497142857142857,False,-0.06646058732612048,,平稳
02610,2610.HK,南山鋁業國際,2025-03-25,工业/制造,-0.0507518796992481,-0.0883458646616541,-0.0864661654135338,0.1541353383458645,True,-0.16633663366336626,,破发/走弱
02615,2615.HK,百利天恒,2025-11-07,其他,,,,,False,,,无行情
02617,2617.HK,藥捷安康－Ｂ,2025-06-23,生物科技/医药,0.0854503464203234,0.3926096997690531,0.445727482678984,7.868360277136259,False,-0.1340206185567011,,暴涨
02619,2619.HK,香江電器,2025-06-25,消费/零售,-0.0490566037735848,-0.120754716981132,-0.0830188679245282,-0.2641509433962264,True,-0.11904761904761896,,破发/走弱
02621,2621.HK,手回集團,2025-05-30,金融,-0.1186666666666666,-0.2786666666666667,-0.3466666666666666,-0.3413333333333333,True,-0.2632375189107413,,暴跌
02625,2625.HK,江蘇宏信,2025-03-31,消费/零售,-0.2732558139534884,-0.3779069767441861,-0.0494186046511627,-0.1918604651162791,True,-0.1519999999999999,,暴跌
02627,2627.HK,中慧生物－Ｂ,2025-08-11,生物科技/医药,0.0084848484848485,0.6212121212121212,0.4606060606060607,0.2121212121212121,False,-0.14022988505747125,,暴涨
02629,2629.HK,MIRXES-B,2025-05-23,生物科技/医药,0.0344827586206896,0.0068965517241379,0.1948275862068965,0.5855172413793103,False,-0.04833333333333334,,平稳
02630,2630.HK,旺山旺水－Ｂ,2025-11-06,生物科技/医药,-0.1368421052631579,-0.4205263157894737,-0.1989473684210526,0.031578947368421,True,-0.35548780487804876,,暴跌
02631,2631.HK,天岳先進,2025-08-20,TMT/互联网,-0.0013157894736842,-0.0394736842105264,0.2839912280701753,0.1842105263157894,True,-0.07729468599033806,,平稳
02635,2635.HK,諾比侃,2025-12-23,TMT/互联网,0.1601000625390869,0.0800500312695433,0.2032520325203252,-0.8262976860537836,False,-0.23622704507512515,,平稳
02637,2637.HK,海西新藥,2025-10-20,生物科技/医药,0.0215686274509804,0.1068627450980392,0.2823529411764707,0.5833333333333334,False,-0.0846047156726768,,平稳
02643,2643.HK,曹操出行,2025-06-25,消费/零售,0.0650887573964498,0.0399408284023669,0.2174556213017752,0.6183431952662725,False,-0.06720430107526876,,平稳
02648,2648.HK,安井食品,2025-07-04,消费/零售,-0.05,0.0008333333333332,0.0091666666666666,-0.01,True,-0.04079933388842627,,平稳
02651,2651.HK,大眾口腔,2025-07-09,生物科技/医药,-0.1375,-0.2541666666666667,-0.3958333333333333,-0.44625,True,-0.3004830917874396,,暴跌
02655,2655.HK,果下科技,2025-12-16,工业/制造,0.1526315789473683,0.0989473684210525,0.5776315789473685,0.2221052631578946,False,-0.17579908675799083,,平稳
02656,2656.HK,健康１６０,2025-09-17,生物科技/医药,-0.0587058038692462,-0.0493662441627752,0.2948632421614409,0.6744496330887259,True,-0.07744107744107742,,平稳
02657,2657.HK,林清軒,2025-12-30,生物科技/医药,0.0,-0.0235294117647058,-0.0058823529411764,-0.2588235294117647,False,-0.131011608623549,,平稳
02658,2658.HK,天域半導體,2025-12-05,TMT/互联网,0.0657894736842105,0.1952631578947369,0.2368421052631579,0.2300000000000001,False,-0.16314779270633395,,平稳
02659,2659.HK,寶濟藥業－Ｂ,2025-12-10,生物科技/医药,0.0413223140495867,0.1933884297520661,0.3157024793388429,0.88099173553719,False,-0.1346989447548106,,平稳
02661,2661.HK,輕鬆健康,2025-12-23,消费/零售,0.174,0.4940000000000001,1.016,2.128,False,-0.06437125748502992,,暴涨
02670,2670.HK,雲迹,2025-10-16,TMT/互联网,-0.1561624649859944,-0.1351540616246499,-0.1988795518207283,-0.1841736694677872,True,-0.2129131437355879,,破发/走弱
02671,2671.HK,美聯股份,2025-12-30,地产/建筑,-0.069427527405603,-0.0986601705237515,-0.3909866017052376,-0.5042630937880633,True,-0.445358401880141,,破发/走弱
02675,2675.HK,精鋒醫療－Ｂ,2026-01-08,生物科技/医药,-0.0406779661016948,0.1398305084745762,-0.0033898305084746,-0.0677966101694915,True,-0.16067653276955607,,平稳
02676,2676.HK,納芯微,2025-12-08,TMT/互联网,-0.043103448275862,-0.025,0.2474137931034482,0.182758620689655,True,-0.04753673292999139,,平稳
02685,2685.HK,量化派,2025-11-27,消费/零售,-0.2884615384615384,0.0923076923076922,0.0430769230769231,0.2538461538461539,True,-0.14035087719298245,,平稳
02687,2687.HK,卓越睿新,2025-12-08,TMT/互联网,0.5119617224880384,0.9377990430622012,0.9114832535885172,0.7117224880382775,False,-0.1215059897318882,,暴涨
02691,2691.HK,南華期貨股份,2025-12-22,金融,-0.0032858707557503,0.085432639649507,0.1642935377875136,0.2639649507119385,True,-0.13751017087062645,,平稳
02693,2693.HK,金岩高嶺新材,2025-12-03,工业/制造,-0.1978494623655914,-0.3053763440860215,-0.5311827956989247,-0.5107526881720431,True,-0.3981233243967828,,暴跌
02695,2695.HK,印象大紅袍,2025-12-22,消费/零售,-0.2852760736196318,-0.3496932515337422,-0.2852760736196318,-0.4355828220858895,True,-0.14163090128755362,,暴跌
02698,2698.HK,樂舒適,2025-11-10,消费/零售,-0.0566037735849055,-0.118353344768439,-0.1452258433390508,-0.1023441966838192,True,-0.13834227787716158,主板,破发/走弱
02718,2718.HK,明略科技－Ｗ,2025-11-03,TMT/互联网,0.0378571428571429,-0.2085714285714286,-0.2857142857142857,-0.0828571428571428,False,-0.40399174122505166,,暴跌
02788,2788.HK,創新實業,2025-11-24,工业/制造,-0.0401315789473683,0.1526315789473684,0.3328947368421054,0.5947368421052631,True,-0.10573382430299849,,平稳
02865,2865.HK,鈞達股份,2025-05-08,工业/制造,0.1981981981981983,0.0337837837837837,0.0855855855855856,0.0,False,-0.13721804511278202,,平稳
03288,3288.HK,海天味业,2025-06-19,消费/零售,-0.0266666666666666,-0.0653333333333334,-0.0479999999999999,-0.0741333333333333,True,-0.046575342465753455,,破发/走弱
03317,3317.HK,迅策,2025-12-30,TMT/互联网,0.0099958350687213,0.014993752603082,0.1995002082465639,3.2523948354852137,False,-0.19825708061002167,,平稳
03378,3378.HK,翰思艾泰－Ｂ,2025-12-23,生物科技/医药,-0.4048442906574394,-0.4096885813148789,-0.4083044982698961,-0.0214532871972317,True,-0.16331224841863135,,暴跌
03636,3636.HK,金潯資源,2026-01-09,工业/制造,-0.0052631578947369,0.0363157894736842,0.0421052631578947,-0.3315789473684211,True,-0.189662027833002,,平稳
03677,3677.HK,正力新能,2025-04-14,工业/制造,-0.008274231678487,-0.0153664302600473,0.1016548463356973,0.2033096926713946,True,-0.07078651685393267,,平稳
03696,3696.HK,英矽智能,2025-12-30,生物科技/医药,-0.1434285714285714,0.1571428571428571,0.7057142857142858,0.6771428571428573,True,-0.10181190681622099,,平稳
03750,3750.HK,宁德时代,2025-05-20,工业/制造,0.0344594594594594,0.0439189189189189,0.0472972972972973,0.4277027027027028,False,-0.11203319502074671,,平稳
03858,3858.HK,佳鑫國際資源,2025-08-28,工业/制造,0.3307017543859649,0.4061403508771929,0.2201754385964912,0.425438596491228,False,-0.17504435245416916,,暴涨
03880,3880.HK,泰德醫藥,2025-06-30,生物科技/医药,0.0165016501650165,0.0264026402640264,0.127062706270627,0.0099009900990099,False,-0.09336941813261168,,平稳
03881,3881.HK,希迪智駕,2025-12-19,工业/制造,-0.1368821292775665,-0.1520912547528517,-0.0661596958174905,-0.9149809885931558,True,-0.0534804753820034,主板,破发/走弱
03887,3887.HK,HASHKEY,2025-12-17,金融,-0.0044776119402985,-0.144776119402985,0.1194029850746268,-0.2776119402985075,True,-0.17541229385307344,,破发/走弱
03986,3986.HK,兆易創新,2026-01-13,TMT/互联网,-0.0519148936170212,0.3021276595744681,0.2851063829787234,0.7344680851063831,True,-0.18128994770482276,主板,暴涨
06031,6031.HK,三一重工,2025-10-28,工业/制造,0.0281690140845069,0.0666666666666665,0.0169014084507042,0.1746478873239436,False,-0.12296416938110744,,平稳
06082,6082.HK,壁仞科技,2026-01-02,TMT/互联网,-0.034733893557423,-0.04593837535014,-0.0252100840336136,-0.1148459383753501,True,-0.1598822952427661,,平稳
06090,6090.HK,不同集團,2025-09-23,消费/零售,0.0209163346613545,0.0358565737051792,-0.0398406374501992,0.0428286852589641,False,-0.191673894189072,,平稳
06166,6166.HK,劍橋科技,2025-10-28,TMT/互联网,-0.0191489361702127,-0.1680851063829787,-0.1739361702127659,-0.1436170212765957,True,-0.18492407809110623,,破发/走弱
06168,6168.HK,周六福,2025-06-26,消费/零售,0.1235955056179775,0.3970037453183521,0.4494382022471912,0.7625468164794009,False,-0.304437564499484,,暴涨
06600,6600.HK,臥安機器人,2025-12-30,消费/零售,0.0006775067750677,0.402439024390244,1.4878048780487805,0.3136856368563686,False,-0.08454545454545448,,暴涨
06603,6603.HK,IFBH,2025-06-30,消费/零售,-0.1002277904328018,-0.0774487471526195,-0.1378132118451024,-0.2929384965831435,True,-0.25236593059936907,,破发/走弱
06613,6613.HK,藍思科技,2025-07-09,工业/制造,0.0508474576271186,0.024364406779661,0.0858050847457627,0.7754237288135596,False,-0.09125295508274234,,平稳
06651,6651.HK,五一視界,2025-12-30,TMT/互联网,0.1319999999999999,0.3200000000000001,1.5842857142857143,0.2171428571428572,False,-0.07560975609756104,,暴涨
06687,6687.HK,聚水潭,2025-10-21,TMT/互联网,-0.0026315789473684,-0.1263157894736841,-0.3094736842105263,-0.24,True,-0.2807387862796833,,破发/走弱
06693,6693.HK,赤峰黃金,2025-03-10,工业/制造,0.0,0.020408163265306,0.2536443148688045,1.0481049562682216,False,-0.09666666666666657,,平稳
06831,6831.HK,綠茶集團,2025-05-16,消费/零售,-0.1251738525730181,-0.196105702364395,-0.1307371349095967,0.0431154381084839,True,-0.12206572769953039,,破发/走弱
06883,6883.HK,穎通控股,2025-06-26,生物科技/医药,-0.0697674418604651,-0.1472868217054263,-0.2131782945736435,-0.1976744186046512,True,-0.15416666666666667,,破发/走弱
06938,6938.HK,瑞博生物－Ｂ,2026-01-09,生物科技/医药,0.0946666666666666,0.0106666666666666,-0.076,-0.1046666666666666,False,-0.2926267281105991,,平稳
06960,6960.HK,雙登股份,2025-08-26,工业/制造,-0.1533333333333333,-0.2257777777777777,-0.2248888888888889,-0.2520000000000001,True,-0.20238095238095233,,暴跌
06980,6980.HK,八馬茶業,2025-10-28,消费/零售,0.16541822721598,-0.0886392009987515,-0.3395755305867665,-0.6284644194756553,False,-0.4612584503380136,,破发/走弱
07618,7618.HK,京東工業,2025-12-11,工业/制造,0.0846153846153845,0.0707692307692307,0.0923076923076922,0.0292307692307692,False,-0.04255319148936165,,平稳
08610,8610.HK,BBSB,2026-01-13,地产/建筑,-0.7766666666666667,-0.7866666666666666,-0.77,-0.8166666666666668,True,-0.08450704225352101,,暴跌
09606,9606.HK,映恩生物－Ｂ,2025-04-15,生物科技/医药,0.1325966850828729,0.2430939226519337,0.0524861878453038,0.6585635359116021,False,-0.2155555555555555,,平稳
09609,9609.HK,海偉股份,2025-11-28,工业/制造,-0.1851851851851852,-0.1696296296296295,-0.2733333333333333,-0.3096296296296296,True,-0.1295025728987993,,破发/走弱
09678,9678.HK,雲知聲,2025-06-30,TMT/互联网,0.4458536585365853,1.053658536585366,1.8195121951219515,1.5853658536585369,False,-0.06211180124223603,,暴涨
09881,9881.HK,容大科技,2025-06-10,TMT/互联网,-0.1445783132530121,-0.2168674698795181,-0.4331325301204821,-0.3578313253012049,True,-0.35,,暴跌
09887,9887.HK,維立志博－Ｂ,2025-07-25,生物科技/医药,-0.0732044198895029,-0.0331491712707183,-0.0697513812154697,-0.0973756906077349,True,-0.15295629820051404,,平稳
09903,9903.HK,天數智芯,2026-01-08,TMT/互联网,-0.1756046267087275,-0.0746582544689799,-0.115141955835962,0.6550998948475291,True,-0.20883720930232563,,破发/走弱
09927,9927.HK,賽力斯,2025-11-05,消费/零售,0.0201706749418153,-0.1039565554693561,-0.0961986035686579,-0.2575640031031808,False,-0.16730038022813687,主板,破发/走弱
09973,9973.HK,奇瑞汽車,2025-09-25,消费/零售,-0.0666666666666667,-0.0678362573099416,-0.0426900584795321,-0.108187134502924,True,-0.06829268292682922,,破发/走弱
