stock_code,company,listing_date,listing_year,industry,tier,score,missing_hard,missing_soft,has_hstech,has_vhsi,has_ind_basket,has_hs_sector,has_ipo_heat,has_subscription,has_outcome
00368,德合集團,2020-07-17,2020,地产/建筑,MVP可行,101,无缺口,HSTECH:上市早于指数窗口;VHSI;新闻仅近期不可回测,False,False,True,True,True,True,True
00589,建中建設,2020-03-18,2020,其他,核心缺口,84,认购倍数,HSTECH:上市早于指数窗口;VHSI;行业=其他;无官方板块;国配倍数;新闻仅近期不可回测,False,False,False,False,True,False,True
00873,世茂服務,2020-10-30,2020,地产/建筑,MVP可行,101,无缺口,恒生科技60:hstech_ret_60d;VHSI;新闻仅近期不可回测,True,False,True,True,True,True,True
00909,明源雲,2020-09-25,2020,TMT/互联网,MVP可行,101,无缺口,恒生科技60:hstech_ret_60d;VHSI;新闻仅近期不可回测,True,False,True,True,True,True,True
01147,伊登軟件,2020-05-13,2020,TMT/互联网,MVP可行,101,无缺口,HSTECH:上市早于指数窗口;VHSI;新闻仅近期不可回测,False,False,True,True,True,True,True
01153,佳源服務,2020-12-09,2020,地产/建筑,MVP可行,103,无缺口,VHSI;新闻仅近期不可回测,True,False,True,True,True,True,True
01156,CHINANEWENERGY,2020-07-15,2020,工业/制造,MVP可行,99,无缺口,HSTECH:上市早于指数窗口;VHSI;新闻不可用/空,False,False,True,True,True,True,True
01163,虎視傳媒,2020-07-10,2020,消费/零售,MVP可行,99,无缺口,HSTECH:上市早于指数窗口;VHSI;国配倍数;新闻仅近期不可回测,False,False,True,True,True,True,True
01167,加科思－Ｂ,2020-12-21,2020,生物科技/医药,MVP可行,103,无缺口,VHSI;新闻仅近期不可回测,True,False,True,True,True,True,True
01179,華住集團－Ｓ,2020-09-22,2020,消费/零售,MVP可行,101,无缺口,恒生科技60:hstech_ret_60d;VHSI;新闻仅近期不可回测,True,False,True,True,True,True,True
01209,華潤萬象生活,2020-12-09,2020,地产/建筑,MVP可行,103,无缺口,VHSI;新闻仅近期不可回测,True,False,True,True,True,True,True
01248,天兆豬業,2020-10-29,2020,其他,核心缺口,78,认购倍数;outcome验证,恒生科技60:hstech_ret_60d;VHSI;行业=其他;无官方板块;国配倍数;新闻仅近期不可回测,True,False,False,False,True,False,False
01343,偉源控股,2020-03-12,2020,地产/建筑,MVP可行,99,无缺口,HSTECH:上市早于指数窗口;VHSI;国配倍数;新闻仅近期不可回测,False,False,True,True,True,True,True
01351,輝煌明天,2020-11-11,2020,消费/零售,MVP可行,101,无缺口,恒生科技60:hstech_ret_60d;VHSI;新闻仅近期不可回测,True,False,True,True,True,True,True
01376,RAFFLESINTERIOR,2020-05-07,2020,地产/建筑,MVP可行,101,无缺口,HSTECH:上市早于指数窗口;VHSI;新闻仅近期不可回测,False,False,True,True,True,True,True
01379,温嶺工量刃具,2020-12-30,2020,地产/建筑,MVP可行,103,无缺口,VHSI;新闻仅近期不可回测,True,False,True,True,True,True,True
01408,濠江機電,2020-09-11,2020,地产/建筑,核心缺口,95,HSTECH:hstech_ret_20d,恒生科技60:hstech_ret_60d;VHSI;新闻仅近期不可回测,False,False,True,True,True,True,True
01429,天任集團,2020-09-29,2020,地产/建筑,MVP可行,101,无缺口,恒生科技60:hstech_ret_60d;VHSI;新闻仅近期不可回测,True,False,True,True,True,True,True
01433,常達控股,2020-03-12,2020,工业/制造,MVP可行,101,无缺口,HSTECH:上市早于指数窗口;VHSI;新闻仅近期不可回测,False,False,True,True,True,True,True
01440,DEYUN HOLDING,2021-01-13,2021,消费/零售,MVP可行,101,无缺口,VHSI;国配倍数;新闻仅近期不可回测,True,False,True,True,True,True,True
01449,立德教育,2020-08-06,2020,消费/零售,MVP可行,101,无缺口,HSTECH:上市早于指数窗口;VHSI;新闻仅近期不可回测,False,False,True,True,True,True,True
01455,科利實業控股,2020-09-15,2020,消费/零售,MVP可行,101,无缺口,恒生科技60:hstech_ret_60d;VHSI;新闻仅近期不可回测,True,False,True,True,True,True,True
01463,C-LINK SQ,2020-03-27,2020,消费/零售,MVP可行,99,无缺口,HSTECH:上市早于指数窗口;VHSI;新闻不可用/空,False,False,True,True,True,True,True
01472,生興控股,2020-03-17,2020,地产/建筑,MVP可行,101,无缺口,HSTECH:上市早于指数窗口;VHSI;新闻仅近期不可回测,False,False,True,True,True,True,True
01477,歐康維視生物－Ｂ,2020-07-10,2020,生物科技/医药,MVP可行,101,无缺口,HSTECH:上市早于指数窗口;VHSI;新闻仅近期不可回测,False,False,True,True,True,True,True
01490,CHESHI,2021-01-15,2021,消费/零售,MVP可行,103,无缺口,VHSI;新闻仅近期不可回测,True,False,True,True,True,True,True
01502,金融街物業,2020-07-06,2020,地产/建筑,MVP可行,99,无缺口,HSTECH:上市早于指数窗口;VHSI;国配倍数;新闻仅近期不可回测,False,False,True,True,True,True,True
01516,融創服務,2020-11-19,2020,地产/建筑,MVP可行,103,无缺口,VHSI;新闻仅近期不可回测,True,False,True,True,True,True,True
01597,納泉能源科技,2020-10-20,2020,工业/制造,MVP可行,101,无缺口,恒生科技60:hstech_ret_60d;VHSI;新闻仅近期不可回测,True,False,True,True,True,True,True
01643,現代中藥集團,2021-01-15,2021,生物科技/医药,MVP可行,103,无缺口,VHSI;新闻仅近期不可回测,True,False,True,True,True,True,True
01645,海納智能,2020-06-03,2020,工业/制造,MVP可行,101,无缺口,HSTECH:上市早于指数窗口;VHSI;新闻仅近期不可回测,False,False,True,True,True,True,True
01650,HYGIEIA GROUP,2020-07-03,2020,消费/零售,MVP可行,99,无缺口,HSTECH:上市早于指数窗口;VHSI;新闻不可用/空,False,False,True,True,True,True,True
01795,亞東集團,2020-11-18,2020,消费/零售,MVP可行,103,无缺口,VHSI;新闻仅近期不可回测,True,False,True,True,True,True,True
01855,中邦環境,2021-01-06,2021,地产/建筑,MVP可行,103,无缺口,VHSI;新闻仅近期不可回测,True,False,True,True,True,True,True
01859,煜盛文化,2020-03-13,2020,其他,核心缺口,82,认购倍数,HSTECH:上市早于指数窗口;VHSI;行业=其他;无官方板块;国配倍数;新闻不可用/空,False,False,False,False,True,False,True
01936,RITAMIX,2020-05-13,2020,消费/零售,MVP可行,99,无缺口,HSTECH:上市早于指数窗口;VHSI;新闻不可用/空,False,False,True,True,True,True,True
01940,CGII HLDGS,2020-12-29,2020,新能源/汽车,MVP可行,103,无缺口,VHSI;新闻仅近期不可回测,True,False,True,True,True,True,True
01941,燁星集團,2020-03-13,2020,地产/建筑,MVP可行,99,无缺口,HSTECH:上市早于指数窗口;VHSI;国配倍数;新闻仅近期不可回测,False,False,True,True,True,True,True
01942,MOG HOLDINGS,2020-04-15,2020,金融,MVP可行,101,无缺口,HSTECH:上市早于指数窗口;VHSI;新闻仅近期不可回测,False,False,True,True,True,True,True
01945,清科創業,2020-12-30,2020,金融,MVP可行,103,无缺口,VHSI;新闻仅近期不可回测,True,False,True,True,True,True,True
01950,深藍科技控股,2020-03-12,2020,工业/制造,MVP可行,101,无缺口,HSTECH:上市早于指数窗口;VHSI;新闻仅近期不可回测,False,False,True,True,True,True,True
01952,雲頂新耀－Ｂ,2020-10-09,2020,生物科技/医药,MVP可行,101,无缺口,恒生科技60:hstech_ret_60d;VHSI;新闻仅近期不可回测,True,False,True,True,True,True,True
01953,RIMBACO,2020-04-28,2020,地产/建筑,MVP可行,101,无缺口,HSTECH:上市早于指数窗口;VHSI;新闻仅近期不可回测,False,False,True,True,True,True,True
01957,MBV INTL,2020-07-08,2020,消费/零售,MVP可行,101,无缺口,HSTECH:上市早于指数窗口;VHSI;新闻仅近期不可回测,False,False,True,True,True,True,True
01961,九尊數字互娛,2020-03-17,2020,TMT/互联网,MVP可行,101,无缺口,HSTECH:上市早于指数窗口;VHSI;新闻仅近期不可回测,False,False,True,True,True,True,True
01971,弘陽服務,2020-07-07,2020,地产/建筑,MVP可行,99,无缺口,HSTECH:上市早于指数窗口;VHSI;国配倍数;新闻仅近期不可回测,False,False,True,True,True,True,True
01981,華夏視聽教育,2020-07-15,2020,消费/零售,MVP可行,101,无缺口,HSTECH:上市早于指数窗口;VHSI;新闻仅近期不可回测,False,False,True,True,True,True,True
02057,中通快遞－ＳＷ,2020-09-29,2020,工业/制造,MVP可行,101,无缺口,恒生科技60:hstech_ret_60d;VHSI;新闻仅近期不可回测,True,False,True,True,True,True,True
02096,先聲藥業,2020-10-27,2020,生物科技/医药,MVP可行,101,无缺口,恒生科技60:hstech_ret_60d;VHSI;新闻仅近期不可回测,True,False,True,True,True,True,True
02101,福祿控股,2020-09-18,2020,消费/零售,MVP可行,101,无缺口,恒生科技60:hstech_ret_60d;VHSI;新闻仅近期不可回测,True,False,True,True,True,True,True
02107,第一服務控股,2020-10-22,2020,地产/建筑,MVP可行,101,无缺口,恒生科技60:hstech_ret_60d;VHSI;新闻仅近期不可回测,True,False,True,True,True,True,True
02110,裕勤控股,2020-12-07,2020,地产/建筑,MVP可行,101,无缺口,VHSI;国配倍数;新闻仅近期不可回测,True,False,True,True,True,True,True
02115,捷心隆,2020-10-15,2020,其他,核心缺口,84,认购倍数,恒生科技60:hstech_ret_60d;VHSI;行业=其他;无官方板块;国配倍数;新闻仅近期不可回测,True,False,False,False,True,False,True
02117,大唐集團控股,2020-12-11,2020,其他,核心缺口,86,认购倍数,VHSI;行业=其他;无官方板块;国配倍数;新闻仅近期不可回测,True,False,False,False,True,False,True
02125,稻草熊娛樂,2021-01-15,2021,消费/零售,MVP可行,103,无缺口,VHSI;新闻仅近期不可回测,True,False,True,True,True,True,True
02126,藥明巨諾－Ｂ,2020-11-03,2020,生物科技/医药,MVP可行,101,无缺口,恒生科技60:hstech_ret_60d;VHSI;新闻仅近期不可回测,True,False,True,True,True,True,True
02127,匯森家居,2020-12-29,2020,消费/零售,MVP可行,101,无缺口,VHSI;国配倍数;新闻仅近期不可回测,True,False,True,True,True,True,True
02129,LEGION CONSO,2021-01-13,2021,工业/制造,MVP可行,103,无缺口,VHSI;新闻仅近期不可回测,True,False,True,True,True,True,True
02130,嘉泓物流,2020-10-15,2020,工业/制造,MVP可行,101,无缺口,恒生科技60:hstech_ret_60d;VHSI;新闻仅近期不可回测,True,False,True,True,True,True,True
02131,云想科技,2020-12-17,2020,消费/零售,MVP可行,103,无缺口,VHSI;新闻仅近期不可回测,True,False,True,True,True,True,True
02132,譽燊豐控股,2020-10-20,2020,地产/建筑,MVP可行,99,无缺口,恒生科技60:hstech_ret_60d;VHSI;新闻不可用/空,True,False,True,True,True,True,True
02135,瑞麗醫美,2020-12-28,2020,生物科技/医药,MVP可行,103,无缺口,VHSI;新闻仅近期不可回测,True,False,True,True,True,True,True
02142,和鉑醫藥－Ｂ,2020-12-10,2020,生物科技/医药,MVP可行,103,无缺口,VHSI;新闻仅近期不可回测,True,False,True,True,True,True,True
02146,榮萬家,2021-01-15,2021,地产/建筑,MVP可行,103,无缺口,VHSI;新闻仅近期不可回测,True,False,True,True,True,True,True
02148,VESYNC,2020-12-18,2020,其他,核心缺口,86,认购倍数,VHSI;行业=其他;无官方板块;国配倍数;新闻仅近期不可回测,True,False,False,False,True,False,True
02153,達豐設備,2021-01-13,2021,工业/制造,MVP可行,103,无缺口,VHSI;新闻仅近期不可回测,True,False,True,True,True,True,True
02158,醫渡科技,2021-01-15,2021,生物科技/医药,MVP可行,103,无缺口,VHSI;新闻仅近期不可回测,True,False,True,True,True,True,True
02159,麥迪衛康,2021-01-19,2021,生物科技/医药,MVP可行,103,无缺口,VHSI;新闻仅近期不可回测,True,False,True,True,True,True,True
02169,滄港鐵路,2020-10-23,2020,工业/制造,MVP可行,101,无缺口,恒生科技60:hstech_ret_60d;VHSI;新闻仅近期不可回测,True,False,True,True,True,True,True
02263,富石金融,2020-02-19,2020,金融,核心缺口,89,macro:mkt_turnover_chg_20d;ind_basket:ind_amount_chg_20d,HSTECH:上市早于指数窗口;VHSI;新闻仅近期不可回测,False,False,False,True,True,True,True
02381,蜆壳電業,2020-06-02,2020,消费/零售,MVP可行,101,无缺口,HSTECH:上市早于指数窗口;VHSI;新闻仅近期不可回测,False,False,True,True,True,True,True
02599,祥生控股集團,2020-11-18,2020,其他,核心缺口,86,认购倍数,VHSI;行业=其他;无官方板块;国配倍数;新闻仅近期不可回测,True,False,False,False,True,False,True
03347,泰格醫藥,2020-08-07,2020,生物科技/医药,MVP可行,101,无缺口,HSTECH:上市早于指数窗口;VHSI;新闻仅近期不可回测,False,False,True,True,True,True,True
03390,滿貫集團,2020-04-15,2020,生物科技/医药,MVP可行,101,无缺口,HSTECH:上市早于指数窗口;VHSI;新闻仅近期不可回测,False,False,True,True,True,True,True
03913,合景悠活,2020-10-30,2020,地产/建筑,MVP可行,101,无缺口,恒生科技60:hstech_ret_60d;VHSI;新闻仅近期不可回测,True,False,True,True,True,True,True
06063,智中國際,2020-04-15,2020,地产/建筑,MVP可行,101,无缺口,HSTECH:上市早于指数窗口;VHSI;新闻仅近期不可回测,False,False,True,True,True,True,True
06078,海吉亞醫療,2020-06-29,2020,生物科技/医药,MVP可行,101,无缺口,HSTECH:上市早于指数窗口;VHSI;新闻仅近期不可回测,False,False,True,True,True,True,True
06618,京東健康,2020-12-08,2020,生物科技/医药,MVP可行,103,无缺口,VHSI;新闻仅近期不可回测,True,False,True,True,True,True,True
06666,恒大物業,2020-12-02,2020,地产/建筑,MVP可行,103,无缺口,VHSI;新闻仅近期不可回测,True,False,True,True,True,True,True
06677,遠洋服務,2020-12-17,2020,地产/建筑,MVP可行,103,无缺口,VHSI;新闻仅近期不可回测,True,False,True,True,True,True,True
06688,螞蟻集團,2020-10-26,2020,其他,核心缺口,78,认购倍数;outcome验证,恒生科技60:hstech_ret_60d;VHSI;行业=其他;无官方板块;国配倍数;新闻仅近期不可回测,True,False,False,False,True,False,False
06813,大喜屋集團,2020-01-24,2020,其他,核心缺口,34,macro:mkt_turnover_avg_20d;macro:mkt_turnover_chg_20d;ipo_heat:avg_day1_return_60d;ipo_heat:avg_day5_return_60d;ipo_heat:avg_day20_return_60d;ipo_heat:break_rate_60d;ipo_heat:avg_mdd20_60d;认购倍数;outcome验证,HSTECH:上市早于指数窗口;VHSI;行业=其他;无官方板块;国配倍数;新闻不可用/空,False,False,False,False,False,False,False
06900,上坤地產,2020-11-17,2020,其他,核心缺口,86,认购倍数,VHSI;行业=其他;无官方板块;国配倍数;新闻仅近期不可回测,True,False,False,False,True,False,True
06918,奇士達,2020-03-18,2020,消费/零售,MVP可行,101,无缺口,HSTECH:上市早于指数窗口;VHSI;新闻仅近期不可回测,False,False,True,True,True,True,True
06933,新娛科控股,2020-07-15,2020,TMT/互联网,MVP可行,101,无缺口,HSTECH:上市早于指数窗口;VHSI;新闻仅近期不可回测,False,False,True,True,True,True,True
06958,正榮服務,2020-07-10,2020,地产/建筑,MVP可行,101,无缺口,HSTECH:上市早于指数窗口;VHSI;新闻仅近期不可回测,False,False,True,True,True,True,True
06968,港龍中國地產,2020-07-15,2020,地产/建筑,MVP可行,101,无缺口,HSTECH:上市早于指数窗口;VHSI;新闻仅近期不可回测,False,False,True,True,True,True,True
06969,思摩爾國際,2020-07-10,2020,消费/零售,MVP可行,101,无缺口,HSTECH:上市早于指数窗口;VHSI;新闻仅近期不可回测,False,False,True,True,True,True,True
06978,永泰生物－Ｂ,2020-07-10,2020,生物科技/医药,MVP可行,101,无缺口,HSTECH:上市早于指数窗口;VHSI;新闻仅近期不可回测,False,False,True,True,True,True,True
06988,樂享互動,2020-09-23,2020,消费/零售,MVP可行,101,无缺口,恒生科技60:hstech_ret_60d;VHSI;新闻仅近期不可回测,True,False,True,True,True,True,True
06989,卓越商企服務,2020-10-19,2020,地产/建筑,MVP可行,101,无缺口,恒生科技60:hstech_ret_60d;VHSI;新闻仅近期不可回测,True,False,True,True,True,True,True
06993,藍月亮集團,2020-12-16,2020,消费/零售,MVP可行,103,无缺口,VHSI;新闻仅近期不可回测,True,False,True,True,True,True,True
06996,德琪醫藥－Ｂ,2020-11-20,2020,生物科技/医药,MVP可行,103,无缺口,VHSI;新闻仅近期不可回测,True,False,True,True,True,True,True
06998,嘉和生物－Ｂ,2020-10-07,2020,生物科技/医药,MVP可行,101,无缺口,恒生科技60:hstech_ret_60d;VHSI;新闻仅近期不可回测,True,False,True,True,True,True,True
06999,領地控股,2020-12-10,2020,地产/建筑,MVP可行,103,无缺口,VHSI;新闻仅近期不可回测,True,False,True,True,True,True,True
08489,裕程物流,2021-01-13,2021,工业/制造,MVP可行,103,无缺口,VHSI;新闻仅近期不可回测,True,False,True,True,True,True,True
08496,新加坡美食控股,2020-05-18,2020,消费/零售,MVP可行,101,无缺口,HSTECH:上市早于指数窗口;VHSI;新闻仅近期不可回测,False,False,True,True,True,True,True
08616,新威工程集團,2020-04-23,2020,地产/建筑,MVP可行,99,无缺口,HSTECH:上市早于指数窗口;VHSI;国配倍数;新闻仅近期不可回测,False,False,True,True,True,True,True
08620,亞洲速運,2020-04-20,2020,工业/制造,MVP可行,101,无缺口,HSTECH:上市早于指数窗口;VHSI;新闻仅近期不可回测,False,False,True,True,True,True,True
08623,中國蜀塔,2020-07-10,2020,工业/制造,MVP可行,101,无缺口,HSTECH:上市早于指数窗口;VHSI;新闻仅近期不可回测,False,False,True,True,True,True,True
08657,TRUE PARTNER,2020-10-16,2020,金融,MVP可行,101,无缺口,恒生科技60:hstech_ret_60d;VHSI;新闻仅近期不可回测,True,False,True,True,True,True,True
08659,易和國際控股,2020-07-13,2020,工业/制造,MVP可行,101,无缺口,HSTECH:上市早于指数窗口;VHSI;新闻仅近期不可回测,False,False,True,True,True,True,True
09600,新紐科技,2021-01-06,2021,TMT/互联网,MVP可行,103,无缺口,VHSI;新闻仅近期不可回测,True,False,True,True,True,True,True
09608,宋都服務,2021-01-18,2021,地产/建筑,MVP可行,103,无缺口,VHSI;新闻仅近期不可回测,True,False,True,True,True,True,True
09616,東軟教育,2020-09-29,2020,消费/零售,MVP可行,101,无缺口,恒生科技60:hstech_ret_60d;VHSI;新闻仅近期不可回测,True,False,True,True,True,True,True
09618,京東集團－ＳＷ,2020-06-18,2020,消费/零售,MVP可行,101,无缺口,HSTECH:上市早于指数窗口;VHSI;新闻仅近期不可回测,False,False,True,True,True,True,True
09633,農夫山泉,2020-09-08,2020,消费/零售,核心缺口,95,HSTECH:hstech_ret_20d,恒生科技60:hstech_ret_60d;VHSI;新闻仅近期不可回测,False,False,True,True,True,True,True
09666,金科服務,2020-11-17,2020,其他,核心缺口,86,认购倍数,VHSI;行业=其他;无官方板块;国配倍数;新闻仅近期不可回测,True,False,False,False,True,False,True
09668,渤海銀行,2020-07-16,2020,金融,MVP可行,101,无缺口,HSTECH:上市早于指数窗口;VHSI;新闻仅近期不可回测,False,False,True,True,True,True,True
09677,威海銀行,2020-10-12,2020,金融,MVP可行,101,无缺口,恒生科技60:hstech_ret_60d;VHSI;新闻仅近期不可回测,True,False,True,True,True,True,True
09688,再鼎醫藥－ＳＢ,2020-09-28,2020,生物科技/医药,MVP可行,101,无缺口,恒生科技60:hstech_ret_60d;VHSI;新闻仅近期不可回测,True,False,True,True,True,True,True
09698,萬國數據－ＳＷ,2020-11-02,2020,TMT/互联网,MVP可行,101,无缺口,恒生科技60:hstech_ret_60d;VHSI;新闻仅近期不可回测,True,False,True,True,True,True,True
09901,新東方－Ｓ,2020-11-09,2020,消费/零售,MVP可行,101,无缺口,恒生科技60:hstech_ret_60d;VHSI;新闻仅近期不可回测,True,False,True,True,True,True,True
09906,宏力醫療管理,2020-07-13,2020,生物科技/医药,MVP可行,101,无缺口,HSTECH:上市早于指数窗口;VHSI;新闻仅近期不可回测,False,False,True,True,True,True,True
09908,嘉興燃氣,2020-07-16,2020,其他,MVP可行,94,无缺口,HSTECH:上市早于指数窗口;VHSI;行业=其他;新闻仅近期不可回测,False,False,False,True,True,True,True
09913,智勤控股,2020-08-14,2020,地产/建筑,MVP可行,99,无缺口,HSTECH:上市早于指数窗口;VHSI;新闻不可用/空,False,False,True,True,True,True,True
09916,興業物聯,2020-03-09,2020,地产/建筑,MVP可行,101,无缺口,HSTECH:上市早于指数窗口;VHSI;新闻仅近期不可回测,False,False,True,True,True,True,True
09923,移卡,2020-06-01,2020,金融,MVP可行,101,无缺口,HSTECH:上市早于指数窗口;VHSI;新闻仅近期不可回测,False,False,True,True,True,True,True
09926,康方生物－Ｂ,2020-04-24,2020,生物科技/医药,MVP可行,99,无缺口,HSTECH:上市早于指数窗口;VHSI;国配倍数;新闻仅近期不可回测,False,False,True,True,True,True,True
09929,澳達控股,2020-02-14,2020,地产/建筑,核心缺口,63,macro:mkt_turnover_chg_20d;ind_basket:ind_amount_chg_20d;ipo_heat:avg_day1_return_60d;ipo_heat:avg_day5_return_60d;ipo_heat:avg_day20_return_60d;ipo_heat:avg_mdd20_60d,HSTECH:上市早于指数窗口;VHSI;国配倍数;新闻仅近期不可回测,False,False,False,True,False,True,True
09936,稀美資源,2020-03-12,2020,工业/制造,MVP可行,101,无缺口,HSTECH:上市早于指数窗口;VHSI;新闻仅近期不可回测,False,False,True,True,True,True,True
09939,開拓藥業－Ｂ,2020-05-22,2020,生物科技/医药,MVP可行,101,无缺口,HSTECH:上市早于指数窗口;VHSI;新闻仅近期不可回测,False,False,True,True,True,True,True
09958,力天影業,2020-06-22,2020,消费/零售,MVP可行,101,无缺口,HSTECH:上市早于指数窗口;VHSI;新闻仅近期不可回测,False,False,True,True,True,True,True
09969,諾誠健華－Ｂ,2020-03-23,2020,生物科技/医药,MVP可行,99,无缺口,HSTECH:上市早于指数窗口;VHSI;国配倍数;新闻仅近期不可回测,False,False,True,True,True,True,True
09977,鳳祥股份,2020-07-16,2020,其他,核心缺口,84,认购倍数,HSTECH:上市早于指数窗口;VHSI;行业=其他;无官方板块;国配倍数;新闻仅近期不可回测,False,False,False,False,True,False,True
09979,綠城管理控股,2020-07-10,2020,地产/建筑,MVP可行,101,无缺口,HSTECH:上市早于指数窗口;VHSI;新闻仅近期不可回测,False,False,True,True,True,True,True
09983,建業新生活,2020-05-15,2020,地产/建筑,MVP可行,101,无缺口,HSTECH:上市早于指数窗口;VHSI;新闻仅近期不可回测,False,False,True,True,True,True,True
09986,大山教育,2020-07-15,2020,消费/零售,MVP可行,99,无缺口,HSTECH:上市早于指数窗口;VHSI;新闻不可用/空,False,False,True,True,True,True,True
09987,百勝中國－Ｓ,2020-09-10,2020,消费/零售,核心缺口,95,HSTECH:hstech_ret_20d,恒生科技60:hstech_ret_60d;VHSI;新闻仅近期不可回测,False,False,True,True,True,True,True
09989,海普瑞,2020-07-08,2020,生物科技/医药,MVP可行,101,无缺口,HSTECH:上市早于指数窗口;VHSI;新闻仅近期不可回测,False,False,True,True,True,True,True
09990,祖龍娛樂,2020-07-15,2020,TMT/互联网,MVP可行,101,无缺口,HSTECH:上市早于指数窗口;VHSI;新闻仅近期不可回测,False,False,True,True,True,True,True
09991,寶尊電商－ＳＷ,2020-09-29,2020,消费/零售,MVP可行,101,无缺口,恒生科技60:hstech_ret_60d;VHSI;新闻仅近期不可回测,True,False,True,True,True,True,True
09992,泡泡瑪特,2020-12-11,2020,消费/零售,MVP可行,103,无缺口,VHSI;新闻仅近期不可回测,True,False,True,True,True,True,True
09993,金輝控股,2020-10-29,2020,地产/建筑,MVP可行,101,无缺口,恒生科技60:hstech_ret_60d;VHSI;新闻仅近期不可回测,True,False,True,True,True,True,True
09995,榮昌生物－Ｂ,2020-11-09,2020,生物科技/医药,MVP可行,101,无缺口,恒生科技60:hstech_ret_60d;VHSI;新闻仅近期不可回测,True,False,True,True,True,True,True
09996,沛嘉醫療－Ｂ,2020-05-15,2020,生物科技/医药,MVP可行,99,无缺口,HSTECH:上市早于指数窗口;VHSI;国配倍数;新闻仅近期不可回测,False,False,True,True,True,True,True
09997,康基醫療,2020-06-29,2020,其他,核心缺口,84,认购倍数,HSTECH:上市早于指数窗口;VHSI;行业=其他;无官方板块;国配倍数;新闻仅近期不可回测,False,False,False,False,True,False,True
09999,網易－Ｓ,2020-06-11,2020,TMT/互联网,MVP可行,99,无缺口,HSTECH:上市早于指数窗口;VHSI;国配倍数;新闻仅近期不可回测,False,False,True,True,True,True,True
00013,和黃醫藥,2021-06-30,2021,生物科技/医药,严格完整,105,无缺口,新闻仅近期不可回测,True,True,True,True,True,True,True
00020,商湯－Ｗ,2021-12-30,2021,TMT/互联网,严格完整,105,无缺口,新闻仅近期不可回测,True,True,True,True,True,True,True
00606,中駿商管,2021-07-02,2021,地产/建筑,严格完整,105,无缺口,新闻仅近期不可回测,True,True,True,True,True,True,True
01024,快手－Ｗ,2021-02-05,2021,消费/零售,MVP可行,103,无缺口,VHSI;新闻仅近期不可回测,True,False,True,True,True,True,True
01228,北海康成－Ｂ,2021-12-10,2021,生物科技/医药,严格完整,105,无缺口,新闻仅近期不可回测,True,True,True,True,True,True,True
01413,廣聯工程控股,2021-03-11,2021,地产/建筑,MVP可行,103,无缺口,VHSI;新闻仅近期不可回测,True,False,True,True,True,True,True
01473,環聯連訊,2021-02-19,2021,TMT/互联网,MVP可行,103,无缺口,VHSI;新闻仅近期不可回测,True,False,True,True,True,True,True
01491,貝特集團控股,2021-10-29,2021,其他,核心缺口,82,认购倍数;outcome验证,行业=其他;无官方板块;国配倍数;新闻仅近期不可回测,True,True,False,False,True,False,False
01927,久久王,2021-03-16,2021,消费/零售,MVP可行,103,无缺口,VHSI;新闻仅近期不可回测,True,False,True,True,True,True,True
01948,UJU HOLDING,2021-11-08,2021,消费/零售,严格完整,105,无缺口,新闻仅近期不可回测,True,True,True,True,True,True,True
01965,朗詩綠色生活,2021-07-08,2021,地产/建筑,严格完整,105,无缺口,新闻仅近期不可回测,True,True,True,True,True,True,True
02015,理想汽車－Ｗ,2021-08-12,2021,消费/零售,严格完整,105,无缺口,新闻仅近期不可回测,True,True,True,True,True,True,True
02137,騰盛博藥－Ｂ,2021-07-13,2021,生物科技/医药,严格完整,105,无缺口,新闻仅近期不可回测,True,True,True,True,True,True,True
02150,奈雪的茶,2021-06-30,2021,消费/零售,严格完整,105,无缺口,新闻仅近期不可回测,True,True,True,True,True,True,True
02155,森松國際,2021-06-28,2021,工业/制造,严格完整,105,无缺口,新闻仅近期不可回测,True,True,True,True,True,True,True
02160,心通醫療－Ｂ,2021-02-04,2021,生物科技/医药,MVP可行,103,无缺口,VHSI;新闻仅近期不可回测,True,False,True,True,True,True,True
02161,健倍苗苗,2021-02-05,2021,生物科技/医药,MVP可行,101,无缺口,VHSI;国配倍数;新闻仅近期不可回测,True,False,True,True,True,True,True
02162,康諾亞－Ｂ,2021-07-08,2021,生物科技/医药,严格完整,105,无缺口,新闻仅近期不可回测,True,True,True,True,True,True,True
02165,領悅服務集團,2021-07-12,2021,地产/建筑,严格完整,105,无缺口,新闻仅近期不可回测,True,True,True,True,True,True,True
02170,貝康醫療－Ｂ,2021-02-08,2021,生物科技/医药,MVP可行,103,无缺口,VHSI;新闻仅近期不可回测,True,False,True,True,True,True,True
02171,科濟藥業－Ｂ,2021-06-18,2021,生物科技/医药,严格完整,105,无缺口,新闻仅近期不可回测,True,True,True,True,True,True,True
02175,中國通才教育,2021-07-16,2021,消费/零售,严格完整,105,无缺口,新闻仅近期不可回测,True,True,True,True,True,True,True
02177,優趣匯控股,2021-07-12,2021,消费/零售,严格完整,105,无缺口,新闻仅近期不可回测,True,True,True,True,True,True,True
02185,百心安－Ｂ,2021-12-23,2021,生物科技/医药,严格完整,105,无缺口,新闻仅近期不可回测,True,True,True,True,True,True,True
02187,智欣集團控股,2021-03-26,2021,地产/建筑,严格完整,103,无缺口,国配倍数;新闻仅近期不可回测,True,True,True,True,True,True,True
02190,歸創通橋－Ｂ,2021-07-05,2021,生物科技/医药,严格完整,105,无缺口,新闻仅近期不可回测,True,True,True,True,True,True,True
02191,順豐房託,2021-05-17,2021,地产/建筑,严格完整,105,无缺口,新闻仅近期不可回测,True,True,True,True,True,True,True
02192,醫脈通,2021-07-15,2021,生物科技/医药,严格完整,105,无缺口,新闻仅近期不可回测,True,True,True,True,True,True,True
02195,盈滙企業控股,2021-03-31,2021,地产/建筑,严格完整,105,无缺口,新闻仅近期不可回测,True,True,True,True,True,True,True
02197,三葉草生物－Ｂ,2021-11-05,2021,生物科技/医药,严格完整,105,无缺口,新闻仅近期不可回测,True,True,True,True,True,True,True
02205,康橋悅生活,2021-07-16,2021,地产/建筑,严格完整,105,无缺口,新闻仅近期不可回测,True,True,True,True,True,True,True
02207,融信服務,2021-07-16,2021,其他,核心缺口,88,认购倍数,行业=其他;无官方板块;国配倍数;新闻仅近期不可回测,True,True,False,False,True,False,True
02209,喆麗控股,2021-07-09,2021,消费/零售,严格完整,105,无缺口,新闻仅近期不可回测,True,True,True,True,True,True,True
02210,京城佳業,2021-11-10,2021,地产/建筑,严格完整,105,无缺口,新闻仅近期不可回测,True,True,True,True,True,True,True
02215,德信服務集團,2021-07-15,2021,地产/建筑,严格完整,105,无缺口,新闻仅近期不可回测,True,True,True,True,True,True,True
02216,堃博醫療－Ｂ,2021-09-24,2021,生物科技/医药,严格完整,105,无缺口,新闻仅近期不可回测,True,True,True,True,True,True,True
02217,譚仔國際,2021-10-07,2021,其他,核心缺口,86,认购倍数,行业=其他;无官方板块;国配倍数;新闻不可用/空,True,True,False,False,True,False,True
02219,朝聚眼科,2021-07-07,2021,生物科技/医药,严格完整,105,无缺口,新闻仅近期不可回测,True,True,True,True,True,True,True
02235,微泰醫療－Ｂ,2021-10-19,2021,生物科技/医药,严格完整,105,无缺口,新闻仅近期不可回测,True,True,True,True,True,True,True
02250,德盈控股,2022-01-17,2022,消费/零售,严格完整,105,无缺口,新闻仅近期不可回测,True,True,True,True,True,True,True
02251,鷹瞳科技－Ｂ,2021-11-05,2021,生物科技/医药,严格完整,105,无缺口,新闻仅近期不可回测,True,True,True,True,True,True,True
02252,微創機器人－Ｂ,2021-11-02,2021,生物科技/医药,严格完整,105,无缺口,新闻仅近期不可回测,True,True,True,True,True,True,True
02256,和譽－Ｂ,2021-10-13,2021,生物科技/医药,严格完整,105,无缺口,新闻仅近期不可回测,True,True,True,True,True,True,True
02257,聖諾醫藥－Ｂ,2021-12-30,2021,生物科技/医药,严格完整,105,无缺口,新闻仅近期不可回测,True,True,True,True,True,True,True
02260,環龍控股,2022-01-11,2022,工业/制造,严格完整,105,无缺口,新闻仅近期不可回测,True,True,True,True,True,True,True
02265,鴻承環保科技,2021-11-12,2021,工业/制造,严格完整,105,无缺口,新闻仅近期不可回测,True,True,True,True,True,True,True
02270,德商產投服務,2021-12-17,2021,地产/建筑,严格完整,105,无缺口,新闻仅近期不可回测,True,True,True,True,True,True,True
02273,固生堂,2021-12-10,2021,生物科技/医药,严格完整,105,无缺口,新闻仅近期不可回测,True,True,True,True,True,True,True
02276,康耐特光學,2021-12-16,2021,生物科技/医药,严格完整,105,无缺口,新闻仅近期不可回测,True,True,True,True,True,True,True
02279,雍禾醫療,2021-12-13,2021,生物科技/医药,严格完整,105,无缺口,新闻仅近期不可回测,True,True,True,True,True,True,True
02285,泉峰控股,2021-12-30,2021,消费/零售,严格完整,105,无缺口,新闻仅近期不可回测,True,True,True,True,True,True,True
02378,保誠,2021-08-23,2021,金融,严格完整,103,无缺口,国配倍数;新闻仅近期不可回测,True,True,True,True,True,True,True
02518,汽車之家－Ｓ,2021-03-15,2021,消费/零售,MVP可行,103,无缺口,VHSI;新闻仅近期不可回测,True,False,True,True,True,True,True
02618,京東物流,2021-05-28,2021,工业/制造,严格完整,105,无缺口,新闻仅近期不可回测,True,True,True,True,True,True,True
03658,新希望服務,2021-05-25,2021,地产/建筑,严格完整,105,无缺口,新闻仅近期不可回测,True,True,True,True,True,True,True
06127,昭衍新藥,2021-02-26,2021,生物科技/医药,MVP可行,103,无缺口,VHSI;新闻仅近期不可回测,True,False,True,True,True,True,True
06601,朝雲集團,2021-03-10,2021,消费/零售,MVP可行,103,无缺口,VHSI;新闻仅近期不可回测,True,False,True,True,True,True,True
06606,諾輝健康－Ｂ,2021-02-18,2021,其他,核心缺口,86,认购倍数,VHSI;行业=其他;无官方板块;国配倍数;新闻仅近期不可回测,True,False,False,False,True,False,True
06608,百融雲－Ｗ,2021-03-31,2021,TMT/互联网,严格完整,105,无缺口,新闻仅近期不可回测,True,True,True,True,True,True,True
06609,心瑋醫療－Ｂ,2021-08-20,2021,生物科技/医药,严格完整,105,无缺口,新闻仅近期不可回测,True,True,True,True,True,True,True
06611,三巽集團,2021-07-19,2021,地产/建筑,严格完整,105,无缺口,新闻仅近期不可回测,True,True,True,True,True,True,True
06616,環球新材國際,2021-07-16,2021,工业/制造,严格完整,105,无缺口,新闻仅近期不可回测,True,True,True,True,True,True,True
06622,兆科眼科－Ｂ,2021-04-29,2021,生物科技/医药,严格完整,105,无缺口,新闻仅近期不可回测,True,True,True,True,True,True,True
06626,越秀服務,2021-06-28,2021,地产/建筑,严格完整,105,无缺口,新闻仅近期不可回测,True,True,True,True,True,True,True
06628,創勝集團－Ｂ,2021-09-29,2021,生物科技/医药,严格完整,105,无缺口,新闻仅近期不可回测,True,True,True,True,True,True,True
06633,青瓷遊戲,2021-12-16,2021,TMT/互联网,严格完整,105,无缺口,新闻仅近期不可回测,True,True,True,True,True,True,True
06668,星盛商業,2021-01-26,2021,地产/建筑,MVP可行,103,无缺口,VHSI;新闻仅近期不可回测,True,False,True,True,True,True,True
06669,先瑞達醫療－Ｂ,2021-08-24,2021,生物科技/医药,严格完整,105,无缺口,新闻仅近期不可回测,True,True,True,True,True,True,True
06680,金力永磁,2022-01-14,2022,工业/制造,严格完整,105,无缺口,新闻仅近期不可回测,True,True,True,True,True,True,True
06699,時代天使,2021-06-16,2021,生物科技/医药,严格完整,105,无缺口,新闻仅近期不可回测,True,True,True,True,True,True,True
06821,凱萊英,2021-12-10,2021,生物科技/医药,严格完整,105,无缺口,新闻仅近期不可回测,True,True,True,True,True,True,True
06909,百得利控股,2021-07-15,2021,消费/零售,严格完整,105,无缺口,新闻仅近期不可回测,True,True,True,True,True,True,True
06913,華南職業教育,2021-07-13,2021,消费/零售,严格完整,105,无缺口,新闻仅近期不可回测,True,True,True,True,True,True,True
06939,美佳音控股,2021-03-31,2021,TMT/互联网,严格完整,105,无缺口,新闻仅近期不可回测,True,True,True,True,True,True,True
09626,嗶哩嗶哩－ＳＷ,2021-03-29,2021,消费/零售,严格完整,105,无缺口,新闻仅近期不可回测,True,True,True,True,True,True,True
09699,順豐同城,2021-12-14,2021,工业/制造,严格完整,105,无缺口,新闻仅近期不可回测,True,True,True,True,True,True,True
09858,優然牧業,2021-06-18,2021,消费/零售,严格完整,105,无缺口,新闻仅近期不可回测,True,True,True,True,True,True,True
09868,小鵬汽車－Ｗ,2021-07-07,2021,消费/零售,严格完整,105,无缺口,新闻仅近期不可回测,True,True,True,True,True,True,True
09869,海倫司,2021-09-10,2021,消费/零售,严格完整,105,无缺口,新闻仅近期不可回测,True,True,True,True,True,True,True
09888,百度集團－ＳＷ,2021-03-23,2021,消费/零售,MVP可行,103,无缺口,VHSI;新闻仅近期不可回测,True,False,True,True,True,True,True
09889,東莞農商銀行,2021-09-29,2021,金融,严格完整,105,无缺口,新闻仅近期不可回测,True,True,True,True,True,True,True
09898,微博－ＳＷ,2021-12-08,2021,消费/零售,严格完整,105,无缺口,新闻仅近期不可回测,True,True,True,True,True,True,True
09899,雲音樂,2021-12-02,2021,消费/零售,严格完整,105,无缺口,新闻仅近期不可回测,True,True,True,True,True,True,True
09956,安能物流,2021-11-11,2021,其他,核心缺口,88,认购倍数,行业=其他;无官方板块;国配倍数;新闻仅近期不可回测,True,True,False,False,True,False,True
09959,聯易融科技－Ｗ,2021-04-09,2021,TMT/互联网,严格完整,105,无缺口,新闻仅近期不可回测,True,True,True,True,True,True,True
09960,康聖環球,2021-07-16,2021,生物科技/医药,严格完整,105,无缺口,新闻仅近期不可回测,True,True,True,True,True,True,True
09961,攜程集團－Ｓ,2021-04-19,2021,消费/零售,严格完整,105,无缺口,新闻仅近期不可回测,True,True,True,True,True,True,True
09982,中原建業,2021-05-31,2021,地产/建筑,严格完整,105,无缺口,新闻仅近期不可回测,True,True,True,True,True,True,True
00314,思派健康,2022-12-23,2022,生物科技/医药,严格完整,105,无缺口,新闻仅近期不可回测,True,True,True,True,True,True,True
00816,金茂服務,2022-03-10,2022,地产/建筑,严格完整,105,无缺口,新闻仅近期不可回测,True,True,True,True,True,True,True
01204,博維智慧,2022-07-15,2022,TMT/互联网,严格完整,105,无缺口,新闻仅近期不可回测,True,True,True,True,True,True,True
01244,3D MEDICINES-B,2022-12-15,2022,生物科技/医药,严格完整,105,无缺口,新闻仅近期不可回测,True,True,True,True,True,True,True
01406,清晰醫療,2022-02-18,2022,生物科技/医药,严格完整,105,无缺口,新闻仅近期不可回测,True,True,True,True,True,True,True
01407,交運燃氣,2022-11-16,2022,新能源/汽车,严格完整,105,无缺口,新闻仅近期不可回测,True,True,True,True,True,True,True
01489,GC CONSTRUCTION,2022-10-10,2022,地产/建筑,MVP可行,103,无缺口,新闻不可用/空,True,True,True,True,True,True,True
01880,中國中免,2022-08-25,2022,消费/零售,严格完整,105,无缺口,新闻仅近期不可回测,True,True,True,True,True,True,True
01947,美皓集團,2022-12-14,2022,生物科技/医药,严格完整,105,无缺口,新闻仅近期不可回测,True,True,True,True,True,True,True
02121,創新奇智,2022-01-27,2022,TMT/互联网,严格完整,105,无缺口,新闻仅近期不可回测,True,True,True,True,True,True,True
02145,上美股份,2022-12-22,2022,生物科技/医药,严格完整,105,无缺口,新闻仅近期不可回测,True,True,True,True,True,True,True
02147,正味集團,2023-01-13,2023,消费/零售,严格完整,105,无缺口,新闻仅近期不可回测,True,True,True,True,True,True,True
02152,蘇新服務,2022-08-24,2022,地产/建筑,严格完整,105,无缺口,新闻仅近期不可回测,True,True,True,True,True,True,True
02157,樂普生物－Ｂ,2022-02-23,2022,生物科技/医药,严格完整,105,无缺口,新闻仅近期不可回测,True,True,True,True,True,True,True
02167,天潤雲,2022-06-30,2022,TMT/互联网,严格完整,105,无缺口,新闻仅近期不可回测,True,True,True,True,True,True,True
02172,微創腦科學,2022-07-15,2022,生物科技/医药,严格完整,105,无缺口,新闻仅近期不可回测,True,True,True,True,True,True,True
02179,瑞科生物－Ｂ,2022-03-31,2022,生物科技/医药,严格完整,105,无缺口,新闻仅近期不可回测,True,True,True,True,True,True,True
02237,中國石墨,2022-07-18,2022,工业/制造,严格完整,105,无缺口,新闻仅近期不可回测,True,True,True,True,True,True,True
02245,力勤資源,2022-12-01,2022,工业/制造,严格完整,105,无缺口,新闻仅近期不可回测,True,True,True,True,True,True,True
02246,快狗打車,2022-06-24,2022,工业/制造,严格完整,105,无缺口,新闻仅近期不可回测,True,True,True,True,True,True,True
02291,心泰醫療,2022-11-08,2022,生物科技/医药,严格完整,105,无缺口,新闻仅近期不可回测,True,True,True,True,True,True,True
02297,潤邁德－Ｂ,2022-07-08,2022,生物科技/医药,MVP可行,103,无缺口,新闻不可用/空,True,True,True,True,True,True,True
02306,樂華娛樂,2023-01-19,2023,消费/零售,严格完整,105,无缺口,新闻仅近期不可回测,True,True,True,True,True,True,True
02315,百奧賽圖－Ｂ,2022-09-01,2022,生物科技/医药,严格完整,105,无缺口,新闻仅近期不可回测,True,True,True,True,True,True,True
02321,雙財莊,2022-08-19,2022,消费/零售,严格完整,105,无缺口,新闻仅近期不可回测,True,True,True,True,True,True,True
02325,雲康集團,2022-05-18,2022,生物科技/医药,严格完整,105,无缺口,新闻仅近期不可回测,True,True,True,True,True,True,True
02347,友和集團,2022-06-10,2022,消费/零售,严格完整,105,无缺口,新闻仅近期不可回测,True,True,True,True,True,True,True
02350,數科集團,2022-09-26,2022,TMT/互联网,严格完整,105,无缺口,新闻仅近期不可回测,True,True,True,True,True,True,True
02352,東原仁知服務,2022-04-29,2022,地产/建筑,严格完整,105,无缺口,新闻仅近期不可回测,True,True,True,True,True,True,True
02361,中康控股,2022-07-12,2022,TMT/互联网,严格完整,105,无缺口,新闻仅近期不可回测,True,True,True,True,True,True,True
02367,巨子生物,2022-11-04,2022,生物科技/医药,严格完整,105,无缺口,新闻仅近期不可回测,True,True,True,True,True,True,True
02370,力高健康生活,2022-03-31,2022,地产/建筑,严格完整,105,无缺口,新闻仅近期不可回测,True,True,True,True,True,True,True
02372,偉立控股,2022-06-30,2022,工业/制造,严格完整,105,无缺口,新闻仅近期不可回测,True,True,True,True,True,True,True
02373,美麗田園醫療健康,2023-01-16,2023,生物科技/医药,严格完整,105,无缺口,新闻仅近期不可回测,True,True,True,True,True,True,True
02376,魯商服務,2022-07-08,2022,地产/建筑,严格完整,105,无缺口,新闻仅近期不可回测,True,True,True,True,True,True,True
02385,讀書郎,2022-07-12,2022,消费/零售,严格完整,105,无缺口,新闻仅近期不可回测,True,True,True,True,True,True,True
02390,知乎－Ｗ,2022-04-22,2022,消费/零售,严格完整,105,无缺口,新闻仅近期不可回测,True,True,True,True,True,True,True
02391,塗鴉智能－Ｗ,2022-07-05,2022,TMT/互联网,严格完整,105,无缺口,新闻仅近期不可回测,True,True,True,True,True,True,True
02392,玄武雲,2022-07-08,2022,TMT/互联网,严格完整,105,无缺口,新闻仅近期不可回测,True,True,True,True,True,True,True
02402,億華通,2023-01-12,2023,工业/制造,严格完整,105,无缺口,新闻仅近期不可回测,True,True,True,True,True,True,True
02407,高視醫療,2022-12-12,2022,生物科技/医药,严格完整,105,无缺口,新闻仅近期不可回测,True,True,True,True,True,True,True
02411,百果園集團,2023-01-16,2023,消费/零售,严格完整,105,无缺口,新闻仅近期不可回测,True,True,True,True,True,True,True
02418,德銀天下,2022-07-15,2022,工业/制造,严格完整,105,无缺口,新闻仅近期不可回测,True,True,True,True,True,True,True
02420,子不語,2022-11-11,2022,消费/零售,严格完整,105,无缺口,新闻仅近期不可回测,True,True,True,True,True,True,True
02422,潤歌互動,2022-10-17,2022,消费/零售,严格完整,105,无缺口,新闻仅近期不可回测,True,True,True,True,True,True,True
02425,澳亞集團,2022-12-30,2022,消费/零售,严格完整,105,无缺口,新闻仅近期不可回测,True,True,True,True,True,True,True
02427,GUANZE MEDICAL,2022-12-29,2022,生物科技/医药,严格完整,105,无缺口,新闻仅近期不可回测,True,True,True,True,True,True,True
02436,凌雄科技,2022-11-24,2022,TMT/互联网,严格完整,105,无缺口,新闻仅近期不可回测,True,True,True,True,True,True,True
02440,濠暻科技,2022-12-12,2022,TMT/互联网,严格完整,105,无缺口,新闻仅近期不可回测,True,True,True,True,True,True,True
02450,淮北綠金股份,2023-01-20,2023,地产/建筑,严格完整,105,无缺口,新闻仅近期不可回测,True,True,True,True,True,True,True
02455,潤華服務,2023-01-17,2023,地产/建筑,严格完整,105,无缺口,新闻仅近期不可回测,True,True,True,True,True,True,True
02457,步陽國際,2022-12-15,2022,消费/零售,严格完整,105,无缺口,新闻仅近期不可回测,True,True,True,True,True,True,True
02458,望塵科技控股,2023-01-16,2023,TMT/互联网,严格完整,105,无缺口,新闻仅近期不可回测,True,True,True,True,True,True,True
02459,昇能集團,2023-01-17,2023,工业/制造,严格完整,105,无缺口,新闻仅近期不可回测,True,True,True,True,True,True,True
02469,粉筆,2023-01-09,2023,消费/零售,严格完整,105,无缺口,新闻仅近期不可回测,True,True,True,True,True,True,True
02602,萬物雲,2022-09-29,2022,地产/建筑,严格完整,105,无缺口,新闻仅近期不可回测,True,True,True,True,True,True,True
03611,花房集團,2022-12-12,2022,其他,核心缺口,88,认购倍数,行业=其他;无官方板块;国配倍数;新闻仅近期不可回测,True,True,False,False,True,False,True
03660,３６０數科－Ｓ,2022-11-29,2022,金融,严格完整,105,无缺口,新闻仅近期不可回测,True,True,True,True,True,True,True
03931,中創新航,2022-10-06,2022,工业/制造,严格完整,105,无缺口,新闻仅近期不可回测,True,True,True,True,True,True,True
04801,INTERRA ACQ Z25,2022-09-09,2022,其他,核心缺口,80,认购倍数;outcome验证,行业=其他;无官方板块;国配倍数;新闻不可用/空,True,True,False,False,True,False,False
04841,匯德收購Ｚ２５,2022-08-09,2022,其他,核心缺口,80,认购倍数;outcome验证,行业=其他;无官方板块;国配倍数;新闻不可用/空,True,True,False,False,True,False,False
06610,飛天雲動,2022-10-18,2022,TMT/互联网,严格完整,105,无缺口,新闻仅近期不可回测,True,True,True,True,True,True,True
06639,瑞爾集團,2022-03-22,2022,生物科技/医药,严格完整,105,无缺口,新闻仅近期不可回测,True,True,True,True,True,True,True
06660,艾美疫苗,2022-10-06,2022,生物科技/医药,严格完整,105,无缺口,新闻仅近期不可回测,True,True,True,True,True,True,True
06661,湖州燃氣,2022-07-13,2022,其他,MVP可行,98,无缺口,行业=其他;新闻仅近期不可回测,True,True,False,True,True,True,True
06667,美因基因,2022-06-22,2022,生物科技/医药,严格完整,105,无缺口,新闻仅近期不可回测,True,True,True,True,True,True,True
06678,百德醫療,2022-09-22,2022,其他,核心缺口,82,认购倍数;outcome验证,行业=其他;无官方板块;国配倍数;新闻仅近期不可回测,True,True,False,False,True,False,False
06686,諾亞控股－Ｓ,2022-07-13,2022,金融,严格完整,105,无缺口,新闻仅近期不可回测,True,True,True,True,True,True,True
06689,洪九果品,2022-09-05,2022,其他,核心缺口,88,认购倍数,行业=其他;无官方板块;国配倍数;新闻仅近期不可回测,True,True,False,False,True,False,True
06696,多想雲,2022-11-09,2022,消费/零售,严格完整,105,无缺口,新闻仅近期不可回测,True,True,True,True,True,True,True
06698,星空華文,2022-12-29,2022,消费/零售,严格完整,105,无缺口,新闻仅近期不可回测,True,True,True,True,True,True,True
06922,康灃生物－Ｂ,2022-12-30,2022,生物科技/医药,严格完整,105,无缺口,新闻仅近期不可回测,True,True,True,True,True,True,True
06929,業聚醫療,2022-12-23,2022,生物科技/医药,严格完整,105,无缺口,新闻仅近期不可回测,True,True,True,True,True,True,True
06955,博安生物－Ｂ,2022-12-30,2022,生物科技/医药,严格完整,105,无缺口,新闻仅近期不可回测,True,True,True,True,True,True,True
06963,陽光保險,2022-12-09,2022,金融,严格完整,105,无缺口,新闻仅近期不可回测,True,True,True,True,True,True,True
07801,INTERRA ACQ-Z,2022-09-16,2022,其他,核心缺口,86,认购倍数,行业=其他;无官方板块;国配倍数;新闻不可用/空,True,True,False,False,True,False,True
07841,匯德收購－Ｚ,2022-08-09,2022,其他,核心缺口,80,认购倍数;outcome验证,行业=其他;无官方板块;国配倍数;新闻不可用/空,True,True,False,False,True,False,False
09638,法拉帝,2022-03-31,2022,工业/制造,严格完整,105,无缺口,新闻仅近期不可回测,True,True,True,True,True,True,True
09696,天齊鋰業,2022-07-13,2022,工业/制造,严格完整,105,无缺口,新闻仅近期不可回测,True,True,True,True,True,True,True
09857,檸萌影視,2022-08-10,2022,消费/零售,严格完整,105,无缺口,新闻仅近期不可回测,True,True,True,True,True,True,True
09863,零跑汽車,2022-09-29,2022,消费/零售,严格完整,105,无缺口,新闻仅近期不可回测,True,True,True,True,True,True,True
09877,健世科技－Ｂ,2022-10-10,2022,生物科技/医药,严格完整,105,无缺口,新闻仅近期不可回测,True,True,True,True,True,True,True
09878,匯通達網絡,2022-02-18,2022,消费/零售,严格完整,105,无缺口,新闻仅近期不可回测,True,True,True,True,True,True,True
09886,叮噹健康,2022-09-14,2022,生物科技/医药,严格完整,105,无缺口,新闻仅近期不可回测,True,True,True,True,True,True,True
09896,名創優品,2022-07-13,2022,消费/零售,严格完整,105,无缺口,新闻仅近期不可回测,True,True,True,True,True,True,True
09955,智雲健康,2022-07-06,2022,生物科技/医药,严格完整,105,无缺口,新闻仅近期不可回测,True,True,True,True,True,True,True
09985,衛龍,2022-12-15,2022,消费/零售,严格完整,105,无缺口,新闻仅近期不可回测,True,True,True,True,True,True,True
00666,瑞浦蘭鈞,2023-12-18,2023,工业/制造,严格完整,105,无缺口,新闻仅近期不可回测,True,True,True,True,True,True,True
01111,華視集團控股,2023-11-10,2023,消费/零售,严格完整,105,无缺口,新闻仅近期不可回测,True,True,True,True,True,True,True
01274,知行汽車科技,2023-12-20,2023,TMT/互联网,严格完整,105,无缺口,新闻仅近期不可回测,True,True,True,True,True,True,True
01284,新傳企劃,2023-07-17,2023,消费/零售,严格完整,105,无缺口,新闻仅近期不可回测,True,True,True,True,True,True,True
01405,達勢股份,2023-03-28,2023,消费/零售,严格完整,105,无缺口,新闻仅近期不可回测,True,True,True,True,True,True,True
01497,燕之屋,2023-12-12,2023,消费/零售,严格完整,105,无缺口,新闻仅近期不可回测,True,True,True,True,True,True,True
01519,極兔速遞－Ｗ,2023-10-27,2023,工业/制造,严格完整,105,无缺口,新闻仅近期不可回测,True,True,True,True,True,True,True
01541,宜明昂科－Ｂ,2023-09-05,2023,生物科技/医药,严格完整,105,无缺口,新闻仅近期不可回测,True,True,True,True,True,True,True
01973,天圖投資,2023-10-06,2023,金融,严格完整,105,无缺口,新闻仅近期不可回测,True,True,True,True,True,True,True
02105,來凱醫藥－Ｂ,2023-06-29,2023,生物科技/医药,严格完整,105,无缺口,新闻仅近期不可回测,True,True,True,True,True,True,True
02149,貝克微,2023-12-28,2023,TMT/互联网,严格完整,105,无缺口,新闻仅近期不可回测,True,True,True,True,True,True,True
02268,藥明合聯,2023-11-17,2023,生物科技/医药,严格完整,105,无缺口,新闻仅近期不可回测,True,True,True,True,True,True,True
02271,眾安智慧生活,2023-07-18,2023,地产/建筑,严格完整,105,无缺口,新闻仅近期不可回测,True,True,True,True,True,True,True
02405,力盟科技,2023-03-31,2023,消费/零售,严格完整,105,无缺口,新闻仅近期不可回测,True,True,True,True,True,True,True
02409,洲際船務,2023-03-29,2023,工业/制造,严格完整,105,无缺口,新闻仅近期不可回测,True,True,True,True,True,True,True
02415,梅斯健康,2023-04-27,2023,生物科技/医药,严格完整,105,无缺口,新闻仅近期不可回测,True,True,True,True,True,True,True
02416,易點雲,2023-05-25,2023,TMT/互联网,严格完整,105,无缺口,新闻仅近期不可回测,True,True,True,True,True,True,True
02419,德康農牧,2023-12-06,2023,消费/零售,严格完整,105,无缺口,新闻仅近期不可回测,True,True,True,True,True,True,True
02429,友寶在線,2023-11-03,2023,消费/零售,严格完整,105,无缺口,新闻仅近期不可回测,True,True,True,True,True,True,True
02433,中天湖南集團,2023-03-30,2023,地产/建筑,严格完整,105,无缺口,新闻仅近期不可回测,True,True,True,True,True,True,True
02439,中寶新材,2023-03-31,2023,工业/制造,严格完整,103,无缺口,国配倍数;新闻仅近期不可回测,True,True,True,True,True,True,True
02442,怡俊集團控股,2023-05-09,2023,地产/建筑,严格完整,105,无缺口,新闻仅近期不可回测,True,True,True,True,True,True,True
02451,綠源集團控股,2023-10-12,2023,消费/零售,严格完整,105,无缺口,新闻仅近期不可回测,True,True,True,True,True,True,True
02453,美中嘉和,2024-01-09,2024,生物科技/医药,严格完整,105,无缺口,新闻仅近期不可回测,True,True,True,True,True,True,True
02473,喜相逢集團,2023-11-09,2023,消费/零售,严格完整,105,无缺口,新闻仅近期不可回测,True,True,True,True,True,True,True
02477,經緯天地,2024-01-12,2024,TMT/互联网,严格完整,105,无缺口,新闻仅近期不可回测,True,True,True,True,True,True,True
02480,綠竹生物－Ｂ,2023-05-08,2023,生物科技/医药,严格完整,105,无缺口,新闻仅近期不可回测,True,True,True,True,True,True,True
02481,慧居科技,2023-07-10,2023,其他,MVP可行,98,无缺口,行业=其他;新闻仅近期不可回测,True,True,False,True,True,True,True
02482,維天運通,2023-03-09,2023,工业/制造,严格完整,105,无缺口,新闻仅近期不可回测,True,True,True,True,True,True,True
02483,Ｋ ＣＡＳＨ集團,2023-12-05,2023,金融,MVP可行,103,无缺口,新闻不可用/空,True,True,True,True,True,True,True
02486,普樂師集團控股,2023-05-11,2023,消费/零售,严格完整,105,无缺口,新闻仅近期不可回测,True,True,True,True,True,True,True
02487,科笛－Ｂ,2023-06-12,2023,生物科技/医药,严格完整,105,无缺口,新闻仅近期不可回测,True,True,True,True,True,True,True
02489,集海資源,2023-12-22,2023,工业/制造,严格完整,105,无缺口,新闻仅近期不可回测,True,True,True,True,True,True,True
02490,樂艙物流,2023-09-25,2023,工业/制造,严格完整,105,无缺口,新闻仅近期不可回测,True,True,True,True,True,True,True
02496,友芝友生物－Ｂ,2023-09-25,2023,生物科技/医药,严格完整,105,无缺口,新闻仅近期不可回测,True,True,True,True,True,True,True
02498,速騰聚創,2024-01-05,2024,TMT/互联网,严格完整,105,无缺口,新闻仅近期不可回测,True,True,True,True,True,True,True
02499,佛朗斯股份,2023-11-10,2023,工业/制造,严格完整,105,无缺口,新闻仅近期不可回测,True,True,True,True,True,True,True
02501,邁越科技,2023-10-11,2023,TMT/互联网,严格完整,105,无缺口,新闻仅近期不可回测,True,True,True,True,True,True,True
02502,金源氫化,2023-12-20,2023,工业/制造,严格完整,105,无缺口,新闻仅近期不可回测,True,True,True,True,True,True,True
02503,中深建業,2024-01-09,2024,地产/建筑,严格完整,105,无缺口,新闻仅近期不可回测,True,True,True,True,True,True,True
02511,君聖泰醫藥－Ｂ,2023-12-22,2023,生物科技/医药,严格完整,105,无缺口,新闻仅近期不可回测,True,True,True,True,True,True,True
02516,泛遠國際,2023-12-22,2023,工业/制造,严格完整,105,无缺口,新闻仅近期不可回测,True,True,True,True,True,True,True
02517,鍋圈,2023-11-02,2023,消费/零售,严格完整,105,无缺口,新闻仅近期不可回测,True,True,True,True,True,True,True
02520,山西安裝,2023-11-22,2023,地产/建筑,严格完整,105,无缺口,新闻仅近期不可回测,True,True,True,True,True,True,True
02521,升輝清潔,2023-12-05,2023,消费/零售,严格完整,105,无缺口,新闻仅近期不可回测,True,True,True,True,True,True,True
03650,KEEP,2023-07-12,2023,消费/零售,严格完整,105,无缺口,新闻仅近期不可回测,True,True,True,True,True,True,True
06682,第四範式,2023-09-28,2023,TMT/互联网,严格完整,105,无缺口,新闻仅近期不可回测,True,True,True,True,True,True,True
06683,巨星傳奇,2023-07-13,2023,消费/零售,严格完整,105,无缺口,新闻仅近期不可回测,True,True,True,True,True,True,True
06911,瀾滄古茶,2023-12-22,2023,消费/零售,严格完整,105,无缺口,新闻仅近期不可回测,True,True,True,True,True,True,True
06959,長久股份,2024-01-09,2024,消费/零售,严格完整,105,无缺口,新闻仅近期不可回测,True,True,True,True,True,True,True
06979,珍酒李渡,2023-04-27,2023,消费/零售,严格完整,105,无缺口,新闻仅近期不可回测,True,True,True,True,True,True,True
06990,科倫博泰生物－Ｂ,2023-07-11,2023,生物科技/医药,严格完整,105,无缺口,新闻仅近期不可回测,True,True,True,True,True,True,True
09636,九方財富,2023-03-10,2023,TMT/互联网,严格完整,105,无缺口,新闻仅近期不可回测,True,True,True,True,True,True,True
09663,國鴻氫能,2023-12-05,2023,工业/制造,严格完整,105,无缺口,新闻仅近期不可回测,True,True,True,True,True,True,True
09669,北森控股,2023-04-13,2023,TMT/互联网,严格完整,105,无缺口,新闻仅近期不可回测,True,True,True,True,True,True,True
09676,十月稻田,2023-10-12,2023,消费/零售,严格完整,105,无缺口,新闻仅近期不可回测,True,True,True,True,True,True,True
09686,東軟熙康,2023-09-28,2023,生物科技/医药,严格完整,105,无缺口,新闻仅近期不可回测,True,True,True,True,True,True,True
09690,途虎－Ｗ,2023-09-26,2023,消费/零售,严格完整,105,无缺口,新闻仅近期不可回测,True,True,True,True,True,True,True
09860,艾迪康控股,2023-06-30,2023,生物科技/医药,严格完整,105,无缺口,新闻仅近期不可回测,True,True,True,True,True,True,True
09880,優必選,2023-12-29,2023,TMT/互联网,严格完整,105,无缺口,新闻仅近期不可回测,True,True,True,True,True,True,True
09885,藥師幫,2023-06-28,2023,生物科技/医药,严格完整,105,无缺口,新闻仅近期不可回测,True,True,True,True,True,True,True
09890,中旭未來,2023-09-28,2023,TMT/互联网,严格完整,105,无缺口,新闻仅近期不可回测,True,True,True,True,True,True,True
09930,宏信建發,2023-05-25,2023,工业/制造,严格完整,105,无缺口,新闻仅近期不可回测,True,True,True,True,True,True,True
00300,美的集團,2024-09-17,2024,消费/零售,严格完整,105,无缺口,新闻仅近期不可回测,True,True,True,True,True,True,True
00325,布魯可,2025-01-10,2025,消费/零售,严格完整,105,无缺口,新闻仅近期不可回测,True,True,True,True,True,True,True
00805,新吉奧房車,2025-01-13,2025,消费/零售,严格完整,105,无缺口,新闻仅近期不可回测,True,True,True,True,True,True,True
00917,趣致集團,2024-05-27,2024,消费/零售,严格完整,105,无缺口,新闻仅近期不可回测,True,True,True,True,True,True,True
00999,小菜園,2024-12-20,2024,消费/零售,严格完整,105,无缺口,新闻仅近期不可回测,True,True,True,True,True,True,True
01318,毛戈平,2024-12-10,2024,生物科技/医药,严格完整,105,无缺口,新闻仅近期不可回测,True,True,True,True,True,True,True
01334,瑞昌國際控股,2024-07-10,2024,新能源/汽车,严格完整,105,无缺口,新闻仅近期不可回测,True,True,True,True,True,True,True
01354,經發物業,2024-07-03,2024,地产/建筑,严格完整,105,无缺口,新闻仅近期不可回测,True,True,True,True,True,True,True
01471,眾淼控股,2024-08-06,2024,金融,严格完整,105,无缺口,新闻仅近期不可回测,True,True,True,True,True,True,True
02228,QUANTUMPH-P,2024-06-13,2024,生物科技/医药,严格完整,105,无缺口,新闻仅近期不可回测,True,True,True,True,True,True,True
02410,同源康醫藥－Ｂ,2024-08-20,2024,生物科技/医药,严格完整,105,无缺口,新闻仅近期不可回测,True,True,True,True,True,True,True
02431,佑駕創新,2024-12-27,2024,TMT/互联网,严格完整,105,无缺口,新闻仅近期不可回测,True,True,True,True,True,True,True
02432,越疆,2024-12-23,2024,TMT/互联网,严格完整,105,无缺口,新闻仅近期不可回测,True,True,True,True,True,True,True
02438,出門問問,2024-04-24,2024,TMT/互联网,严格完整,105,无缺口,新闻仅近期不可回测,True,True,True,True,True,True,True
02443,汽車街,2024-05-31,2024,消费/零售,严格完整,105,无缺口,新闻仅近期不可回测,True,True,True,True,True,True,True
02460,華潤飲料,2024-10-23,2024,消费/零售,严格完整,105,无缺口,新闻仅近期不可回测,True,True,True,True,True,True,True
02465,龍蟠科技,2024-10-30,2024,工业/制造,严格完整,105,无缺口,新闻仅近期不可回测,True,True,True,True,True,True,True
02479,天聚地合,2024-06-28,2024,TMT/互联网,严格完整,105,无缺口,新闻仅近期不可回测,True,True,True,True,True,True,True
02495,聲通科技,2024-07-10,2024,TMT/互联网,严格完整,105,无缺口,新闻仅近期不可回测,True,True,True,True,True,True,True
02497,富景中國控股,2024-03-28,2024,消费/零售,严格完整,105,无缺口,新闻仅近期不可回测,True,True,True,True,True,True,True
02505,ＥＤＡ集團控股,2024-05-28,2024,工业/制造,严格完整,105,无缺口,新闻仅近期不可回测,True,True,True,True,True,True,True
02506,訊飛醫療科技,2024-12-30,2024,生物科技/医药,严格完整,105,无缺口,新闻仅近期不可回测,True,True,True,True,True,True,True
02507,西銳,2024-07-12,2024,工业/制造,严格完整,105,无缺口,新闻仅近期不可回测,True,True,True,True,True,True,True
02509,荃信生物－Ｂ,2024-03-20,2024,生物科技/医药,严格完整,105,无缺口,新闻仅近期不可回测,True,True,True,True,True,True,True
02510,德翔海運,2024-11-01,2024,工业/制造,严格完整,105,无缺口,新闻仅近期不可回测,True,True,True,True,True,True,True
02512,雲工場,2024-06-14,2024,TMT/互联网,严格完整,105,无缺口,新闻仅近期不可回测,True,True,True,True,True,True,True
02515,天津建發,2024-04-23,2024,地产/建筑,严格完整,105,无缺口,新闻仅近期不可回测,True,True,True,True,True,True,True
02519,傲基股份,2024-11-08,2024,消费/零售,严格完整,105,无缺口,新闻仅近期不可回测,True,True,True,True,True,True,True
02522,一脈陽光,2024-06-07,2024,生物科技/医药,严格完整,105,无缺口,新闻仅近期不可回测,True,True,True,True,True,True,True
02529,泓盈城市服務,2024-05-17,2024,地产/建筑,严格完整,105,无缺口,新闻仅近期不可回测,True,True,True,True,True,True,True
02530,紐曼思,2025-01-10,2025,生物科技/医药,严格完整,105,无缺口,新闻仅近期不可回测,True,True,True,True,True,True,True
02531,廣聯科技控股,2024-07-15,2024,TMT/互联网,严格完整,105,无缺口,新闻仅近期不可回测,True,True,True,True,True,True,True
02533,黑芝麻智能,2024-08-08,2024,TMT/互联网,严格完整,105,无缺口,新闻仅近期不可回测,True,True,True,True,True,True,True
02535,泓基集團,2024-03-08,2024,地产/建筑,严格完整,105,无缺口,新闻仅近期不可回测,True,True,True,True,True,True,True
02536,百樂皇宮,2024-03-26,2024,消费/零售,严格完整,105,无缺口,新闻仅近期不可回测,True,True,True,True,True,True,True
02540,樂思集團,2024-03-08,2024,消费/零售,严格完整,105,无缺口,新闻仅近期不可回测,True,True,True,True,True,True,True
02545,中贛通信,2024-07-03,2024,TMT/互联网,严格完整,105,无缺口,新闻仅近期不可回测,True,True,True,True,True,True,True
02549,卡羅特,2024-10-02,2024,消费/零售,严格完整,105,无缺口,新闻仅近期不可回测,True,True,True,True,True,True,True
02550,宜搜科技,2024-06-07,2024,消费/零售,严格完整,105,无缺口,新闻仅近期不可回测,True,True,True,True,True,True,True
02551,晶科電子股份,2024-11-08,2024,工业/制造,严格完整,105,无缺口,新闻仅近期不可回测,True,True,True,True,True,True,True
02555,茶百道,2024-04-23,2024,消费/零售,严格完整,105,无缺口,新闻仅近期不可回测,True,True,True,True,True,True,True
02556,邁富時,2024-05-16,2024,TMT/互联网,严格完整,105,无缺口,新闻仅近期不可回测,True,True,True,True,True,True,True
02559,嘀嗒出行,2024-06-28,2024,消费/零售,严格完整,105,无缺口,新闻仅近期不可回测,True,True,True,True,True,True,True
02560,海螺材料科技,2025-01-09,2025,工业/制造,严格完整,105,无缺口,新闻仅近期不可回测,True,True,True,True,True,True,True
02563,華昊中天醫藥－Ｂ,2024-10-31,2024,生物科技/医药,严格完整,105,无缺口,新闻仅近期不可回测,True,True,True,True,True,True,True
02566,九源基因,2024-11-28,2024,生物科技/医药,严格完整,105,无缺口,新闻仅近期不可回测,True,True,True,True,True,True,True
02567,七牛智能,2024-10-16,2024,TMT/互联网,严格完整,105,无缺口,新闻仅近期不可回测,True,True,True,True,True,True,True
02570,重塑能源,2024-12-06,2024,工业/制造,严格完整,105,无缺口,新闻仅近期不可回测,True,True,True,True,True,True,True
02571,賽目科技,2025-01-15,2025,TMT/互联网,严格完整,105,无缺口,新闻仅近期不可回测,True,True,True,True,True,True,True
02576,太美醫療科技,2024-10-08,2024,TMT/互联网,严格完整,105,无缺口,新闻仅近期不可回测,True,True,True,True,True,True,True
02577,英諾賽科,2024-12-30,2024,TMT/互联网,严格完整,105,无缺口,新闻仅近期不可回测,True,True,True,True,True,True,True
02582,國富氫能,2024-11-15,2024,工业/制造,严格完整,105,无缺口,新闻仅近期不可回测,True,True,True,True,True,True,True
02585,夢金園,2024-11-29,2024,消费/零售,严格完整,105,无缺口,新闻仅近期不可回测,True,True,True,True,True,True,True
02586,多點數智,2024-12-06,2024,TMT/互联网,严格完整,105,无缺口,新闻仅近期不可回测,True,True,True,True,True,True,True
02587,健康之路,2024-12-30,2024,生物科技/医药,严格完整,105,无缺口,新闻仅近期不可回测,True,True,True,True,True,True,True
02593,草姬集團,2024-12-19,2024,生物科技/医药,MVP可行,103,无缺口,新闻不可用/空,True,True,True,True,True,True,True
02596,宜賓銀行,2025-01-13,2025,金融,严格完整,105,无缺口,新闻仅近期不可回测,True,True,True,True,True,True,True
02598,連連數字,2024-03-28,2024,金融,严格完整,105,无缺口,新闻仅近期不可回测,True,True,True,True,True,True,True
02613,匯舸環保,2025-01-09,2025,工业/制造,严格完整,105,无缺口,新闻仅近期不可回测,True,True,True,True,True,True,True
02881,武漢有機,2024-06-18,2024,工业/制造,严格完整,105,无缺口,新闻仅近期不可回测,True,True,True,True,True,True,True
02898,盛禾生物－Ｂ,2024-05-24,2024,生物科技/医药,严格完整,105,无缺口,新闻仅近期不可回测,True,True,True,True,True,True,True
06086,方舟健客,2024-07-09,2024,生物科技/医药,严格完整,105,无缺口,新闻仅近期不可回测,True,True,True,True,True,True,True
06181,老鋪黃金,2024-06-28,2024,消费/零售,严格完整,105,无缺口,新闻仅近期不可回测,True,True,True,True,True,True,True
06657,百望股份,2024-07-09,2024,TMT/互联网,严格完整,105,无缺口,新闻仅近期不可回测,True,True,True,True,True,True,True
06681,腦動極光－Ｂ,2025-01-08,2025,生物科技/医药,严格完整,105,无缺口,新闻仅近期不可回测,True,True,True,True,True,True,True
06936,順豐控股,2024-11-27,2024,工业/制造,严格完整,105,无缺口,新闻仅近期不可回测,True,True,True,True,True,True,True
08529,優博控股,2024-06-03,2024,TMT/互联网,严格完整,105,无缺口,新闻仅近期不可回测,True,True,True,True,True,True,True
08629,集信國控,2024-09-06,2024,地产/建筑,严格完整,105,无缺口,新闻仅近期不可回测,True,True,True,True,True,True,True
08637,元續科技,2024-07-02,2024,TMT/互联网,严格完整,105,无缺口,新闻仅近期不可回测,True,True,True,True,True,True,True
09639,榮利營造,2024-10-09,2024,地产/建筑,MVP可行,103,无缺口,新闻不可用/空,True,True,True,True,True,True,True
09660,地平線機器人－Ｗ,2024-10-24,2024,TMT/互联网,严格完整,105,无缺口,新闻仅近期不可回测,True,True,True,True,True,True,True
09680,如祺出行,2024-07-10,2024,消费/零售,严格完整,105,无缺口,新闻仅近期不可回测,True,True,True,True,True,True,True
09879,米高集團,2024-03-21,2024,工业/制造,严格完整,105,无缺口,新闻仅近期不可回测,True,True,True,True,True,True,True
00100,MINIMAX-WP,2026-01-09,2026,TMT/互联网,严格完整,105,无缺口,新闻仅近期不可回测,True,True,True,True,True,True,True
00501,豪威集團,2026-01-12,2026,TMT/互联网,严格完整,105,无缺口,新闻仅近期不可回测,True,True,True,True,True,True,True
00638,廣和通,2025-10-22,2025,工业/制造,严格完整,105,无缺口,新闻仅近期不可回测,True,True,True,True,True,True,True
00699,均勝電子,2025-11-06,2025,消费/零售,严格完整,105,无缺口,新闻仅近期不可回测,True,True,True,True,True,True,True
00800,文遠知行－Ｗ,2025-11-06,2025,TMT/互联网,严格完整,105,无缺口,新闻仅近期不可回测,True,True,True,True,True,True,True
01276,恒瑞医药,2025-05-23,2025,生物科技/医药,严格完整,105,无缺口,新闻仅近期不可回测,True,True,True,True,True,True,True
01304,FORTIOR,2025-07-09,2025,TMT/互联网,严格完整,105,无缺口,新闻仅近期不可回测,True,True,True,True,True,True,True
01333,博雷頓,2025-05-07,2025,工业/制造,严格完整,105,无缺口,新闻仅近期不可回测,True,True,True,True,True,True,True
01364,古茗,2025-02-12,2025,消费/零售,严格完整,105,无缺口,新闻仅近期不可回测,True,True,True,True,True,True,True
01384,滴普科技,2025-10-28,2025,TMT/互联网,严格完整,105,无缺口,新闻仅近期不可回测,True,True,True,True,True,True,True
01641,紅星冷鏈,2026-01-13,2026,地产/建筑,严格完整,105,无缺口,新闻仅近期不可回测,True,True,True,True,True,True,True
01828,富卫集团,2025-07-07,2025,金融,严格完整,105,无缺口,新闻仅近期不可回测,True,True,True,True,True,True,True
02026,小馬智行－Ｗ,2025-11-06,2025,TMT/互联网,严格完整,105,无缺口,新闻仅近期不可回测,True,True,True,True,True,True,True
02050,三花智控,2025-06-23,2025,工业/制造,严格完整,105,无缺口,新闻仅近期不可回测,True,True,True,True,True,True,True
02076,ＢＯＳＳ直聘－Ｗ,2025-05-26,2025,消费/零售,严格完整,103,无缺口,国配倍数;新闻仅近期不可回测,True,True,True,True,True,True,True
02097,蜜雪集团,2025-03-03,2025,消费/零售,严格完整,105,无缺口,新闻仅近期不可回测,True,True,True,True,True,True,True
02259,紫金黃金國際,2025-09-30,2025,工业/制造,严格完整,105,无缺口,新闻仅近期不可回测,True,True,True,True,True,True,True
02396,華芢生物－Ｂ,2025-12-22,2025,生物科技/医药,严格完整,105,无缺口,新闻仅近期不可回测,True,True,True,True,True,True,True
02408,遇見小麵,2025-12-05,2025,消费/零售,严格完整,105,无缺口,新闻仅近期不可回测,True,True,True,True,True,True,True
02508,聖貝拉,2025-06-26,2025,消费/零售,严格完整,105,无缺口,新闻仅近期不可回测,True,True,True,True,True,True,True
02513,智譜,2026-01-08,2026,TMT/互联网,严格完整,105,无缺口,新闻仅近期不可回测,True,True,True,True,True,True,True
02525,禾賽－Ｗ,2025-09-16,2025,TMT/互联网,严格完整,105,无缺口,新闻仅近期不可回测,True,True,True,True,True,True,True
02539,樂摩科技,2025-12-03,2025,消费/零售,严格完整,105,无缺口,新闻仅近期不可回测,True,True,True,True,True,True,True
02543,大行科工,2025-09-09,2025,消费/零售,严格完整,105,无缺口,新闻仅近期不可回测,True,True,True,True,True,True,True
02546,智匯礦業,2025-12-19,2025,工业/制造,严格完整,105,无缺口,新闻仅近期不可回测,True,True,True,True,True,True,True
02553,首鋼朗澤,2026-06-03,2026,工业/制造,核心缺口,69,ipo_heat:avg_day1_return_60d;ipo_heat:avg_day5_return_60d;ipo_heat:avg_day20_return_60d;ipo_heat:break_rate_60d;ipo_heat:avg_mdd20_60d;outcome验证,新闻仅近期不可回测,True,True,True,True,False,True,False
02561,維昇藥業－Ｂ,2025-03-21,2025,生物科技/医药,严格完整,105,无缺口,新闻仅近期不可回测,True,True,True,True,True,True,True
02565,派格生物醫藥－Ｂ,2025-05-27,2025,生物科技/医药,严格完整,105,无缺口,新闻仅近期不可回测,True,True,True,True,True,True,True
02569,舒寶國際,2025-03-27,2025,消费/零售,严格完整,105,无缺口,新闻仅近期不可回测,True,True,True,True,True,True,True
02573,新琪安,2025-06-10,2025,消费/零售,严格完整,105,无缺口,新闻仅近期不可回测,True,True,True,True,True,True,True
02575,軒竹生物－Ｂ,2025-10-15,2025,生物科技/医药,严格完整,105,无缺口,新闻仅近期不可回测,True,True,True,True,True,True,True
02579,中偉新材,2025-11-17,2025,工业/制造,严格完整,105,无缺口,新闻仅近期不可回测,True,True,True,True,True,True,True
02580,奧克斯電氣,2025-09-02,2025,消费/零售,严格完整,105,无缺口,新闻仅近期不可回测,True,True,True,True,True,True,True
02581,明基醫院,2025-12-22,2025,生物科技/医药,严格完整,105,无缺口,新闻仅近期不可回测,True,True,True,True,True,True,True
02583,西普尼,2025-09-30,2025,消费/零售,严格完整,105,无缺口,新闻仅近期不可回测,True,True,True,True,True,True,True
02589,沪上阿姨,2025-05-08,2025,消费/零售,严格完整,105,无缺口,新闻仅近期不可回测,True,True,True,True,True,True,True
02590,極智嘉－Ｗ,2025-07-09,2025,TMT/互联网,严格完整,105,无缺口,新闻仅近期不可回测,True,True,True,True,True,True,True
02591,銀諾醫藥－Ｂ,2025-08-15,2025,生物科技/医药,严格完整,105,无缺口,新闻仅近期不可回测,True,True,True,True,True,True,True
02592,撥康視雲－Ｂ,2025-07-03,2025,生物科技/医药,严格完整,105,无缺口,新闻仅近期不可回测,True,True,True,True,True,True,True
02595,勁方醫藥－Ｂ,2025-09-19,2025,生物科技/医药,严格完整,105,无缺口,新闻仅近期不可回测,True,True,True,True,True,True,True
02597,訊眾通信,2025-07-09,2025,TMT/互联网,严格完整,105,无缺口,新闻仅近期不可回测,True,True,True,True,True,True,True
02603,吉宏股份,2025-05-27,2025,消费/零售,严格完整,105,无缺口,新闻仅近期不可回测,True,True,True,True,True,True,True
02605,METALIGHT,2025-06-10,2025,消费/零售,严格完整,105,无缺口,新闻仅近期不可回测,True,True,True,True,True,True,True
02609,佰澤醫療,2025-06-23,2025,生物科技/医药,严格完整,105,无缺口,新闻仅近期不可回测,True,True,True,True,True,True,True
02610,南山鋁業國際,2025-03-25,2025,工业/制造,严格完整,105,无缺口,新闻仅近期不可回测,True,True,True,True,True,True,True
02615,百利天恒,2025-11-07,2025,其他,核心缺口,82,认购倍数;outcome验证,行业=其他;无官方板块;国配倍数;新闻仅近期不可回测,True,True,False,False,True,False,False
02617,藥捷安康－Ｂ,2025-06-23,2025,生物科技/医药,严格完整,105,无缺口,新闻仅近期不可回测,True,True,True,True,True,True,True
02619,香江電器,2025-06-25,2025,消费/零售,严格完整,105,无缺口,新闻仅近期不可回测,True,True,True,True,True,True,True
02621,手回集團,2025-05-30,2025,金融,严格完整,105,无缺口,新闻仅近期不可回测,True,True,True,True,True,True,True
02625,江蘇宏信,2025-03-31,2025,消费/零售,严格完整,105,无缺口,新闻仅近期不可回测,True,True,True,True,True,True,True
02627,中慧生物－Ｂ,2025-08-11,2025,生物科技/医药,严格完整,105,无缺口,新闻仅近期不可回测,True,True,True,True,True,True,True
02629,MIRXES-B,2025-05-23,2025,生物科技/医药,严格完整,105,无缺口,新闻仅近期不可回测,True,True,True,True,True,True,True
02630,旺山旺水－Ｂ,2025-11-06,2025,生物科技/医药,严格完整,105,无缺口,新闻仅近期不可回测,True,True,True,True,True,True,True
02631,天岳先進,2025-08-20,2025,TMT/互联网,严格完整,105,无缺口,新闻仅近期不可回测,True,True,True,True,True,True,True
02635,諾比侃,2025-12-23,2025,TMT/互联网,严格完整,105,无缺口,新闻仅近期不可回测,True,True,True,True,True,True,True
02637,海西新藥,2025-10-20,2025,生物科技/医药,严格完整,105,无缺口,新闻仅近期不可回测,True,True,True,True,True,True,True
02643,曹操出行,2025-06-25,2025,消费/零售,严格完整,105,无缺口,新闻仅近期不可回测,True,True,True,True,True,True,True
02648,安井食品,2025-07-04,2025,消费/零售,严格完整,105,无缺口,新闻仅近期不可回测,True,True,True,True,True,True,True
02651,大眾口腔,2025-07-09,2025,生物科技/医药,严格完整,105,无缺口,新闻仅近期不可回测,True,True,True,True,True,True,True
02655,果下科技,2025-12-16,2025,工业/制造,严格完整,105,无缺口,新闻仅近期不可回测,True,True,True,True,True,True,True
02656,健康１６０,2025-09-17,2025,生物科技/医药,严格完整,105,无缺口,新闻仅近期不可回测,True,True,True,True,True,True,True
02657,林清軒,2025-12-30,2025,生物科技/医药,严格完整,105,无缺口,新闻仅近期不可回测,True,True,True,True,True,True,True
02658,天域半導體,2025-12-05,2025,TMT/互联网,严格完整,105,无缺口,新闻仅近期不可回测,True,True,True,True,True,True,True
02659,寶濟藥業－Ｂ,2025-12-10,2025,生物科技/医药,严格完整,105,无缺口,新闻仅近期不可回测,True,True,True,True,True,True,True
02661,輕鬆健康,2025-12-23,2025,消费/零售,严格完整,105,无缺口,新闻仅近期不可回测,True,True,True,True,True,True,True
02670,雲迹,2025-10-16,2025,TMT/互联网,严格完整,105,无缺口,新闻仅近期不可回测,True,True,True,True,True,True,True
02671,美聯股份,2025-12-30,2025,地产/建筑,严格完整,105,无缺口,新闻仅近期不可回测,True,True,True,True,True,True,True
02675,精鋒醫療－Ｂ,2026-01-08,2026,生物科技/医药,严格完整,105,无缺口,新闻仅近期不可回测,True,True,True,True,True,True,True
02676,納芯微,2025-12-08,2025,TMT/互联网,严格完整,105,无缺口,新闻仅近期不可回测,True,True,True,True,True,True,True
02685,量化派,2025-11-27,2025,消费/零售,严格完整,105,无缺口,新闻仅近期不可回测,True,True,True,True,True,True,True
02687,卓越睿新,2025-12-08,2025,TMT/互联网,严格完整,105,无缺口,新闻仅近期不可回测,True,True,True,True,True,True,True
02691,南華期貨股份,2025-12-22,2025,金融,严格完整,105,无缺口,新闻仅近期不可回测,True,True,True,True,True,True,True
02693,金岩高嶺新材,2025-12-03,2025,工业/制造,严格完整,105,无缺口,新闻仅近期不可回测,True,True,True,True,True,True,True
02695,印象大紅袍,2025-12-22,2025,消费/零售,严格完整,105,无缺口,新闻仅近期不可回测,True,True,True,True,True,True,True
02698,樂舒適,2025-11-10,2025,消费/零售,严格完整,105,无缺口,新闻仅近期不可回测,True,True,True,True,True,True,True
02718,明略科技－Ｗ,2025-11-03,2025,TMT/互联网,严格完整,105,无缺口,新闻仅近期不可回测,True,True,True,True,True,True,True
02788,創新實業,2025-11-24,2025,工业/制造,严格完整,105,无缺口,新闻仅近期不可回测,True,True,True,True,True,True,True
02865,鈞達股份,2025-05-08,2025,工业/制造,严格完整,105,无缺口,新闻仅近期不可回测,True,True,True,True,True,True,True
03288,海天味业,2025-06-19,2025,消费/零售,严格完整,105,无缺口,新闻仅近期不可回测,True,True,True,True,True,True,True
03317,迅策,2025-12-30,2025,TMT/互联网,严格完整,105,无缺口,新闻仅近期不可回测,True,True,True,True,True,True,True
03378,翰思艾泰－Ｂ,2025-12-23,2025,生物科技/医药,严格完整,105,无缺口,新闻仅近期不可回测,True,True,True,True,True,True,True
03636,金潯資源,2026-01-09,2026,工业/制造,严格完整,105,无缺口,新闻仅近期不可回测,True,True,True,True,True,True,True
03677,正力新能,2025-04-14,2025,工业/制造,严格完整,105,无缺口,新闻仅近期不可回测,True,True,True,True,True,True,True
03696,英矽智能,2025-12-30,2025,生物科技/医药,严格完整,105,无缺口,新闻仅近期不可回测,True,True,True,True,True,True,True
03750,宁德时代,2025-05-20,2025,工业/制造,严格完整,105,无缺口,新闻仅近期不可回测,True,True,True,True,True,True,True
03858,佳鑫國際資源,2025-08-28,2025,工业/制造,严格完整,105,无缺口,新闻仅近期不可回测,True,True,True,True,True,True,True
03880,泰德醫藥,2025-06-30,2025,生物科技/医药,严格完整,105,无缺口,新闻仅近期不可回测,True,True,True,True,True,True,True
03881,希迪智駕,2025-12-19,2025,工业/制造,严格完整,105,无缺口,新闻仅近期不可回测,True,True,True,True,True,True,True
03887,HASHKEY,2025-12-17,2025,金融,严格完整,105,无缺口,新闻仅近期不可回测,True,True,True,True,True,True,True
03986,兆易創新,2026-01-13,2026,TMT/互联网,严格完整,105,无缺口,新闻仅近期不可回测,True,True,True,True,True,True,True
06031,三一重工,2025-10-28,2025,工业/制造,严格完整,105,无缺口,新闻仅近期不可回测,True,True,True,True,True,True,True
06082,壁仞科技,2026-01-02,2026,TMT/互联网,严格完整,105,无缺口,新闻仅近期不可回测,True,True,True,True,True,True,True
06090,不同集團,2025-09-23,2025,消费/零售,严格完整,105,无缺口,新闻仅近期不可回测,True,True,True,True,True,True,True
06166,劍橋科技,2025-10-28,2025,TMT/互联网,严格完整,105,无缺口,新闻仅近期不可回测,True,True,True,True,True,True,True
06168,周六福,2025-06-26,2025,消费/零售,严格完整,105,无缺口,新闻仅近期不可回测,True,True,True,True,True,True,True
06600,臥安機器人,2025-12-30,2025,消费/零售,严格完整,105,无缺口,新闻仅近期不可回测,True,True,True,True,True,True,True
06603,IFBH,2025-06-30,2025,消费/零售,严格完整,105,无缺口,新闻仅近期不可回测,True,True,True,True,True,True,True
06613,藍思科技,2025-07-09,2025,工业/制造,严格完整,105,无缺口,新闻仅近期不可回测,True,True,True,True,True,True,True
06651,五一視界,2025-12-30,2025,TMT/互联网,严格完整,105,无缺口,新闻仅近期不可回测,True,True,True,True,True,True,True
06687,聚水潭,2025-10-21,2025,TMT/互联网,严格完整,105,无缺口,新闻仅近期不可回测,True,True,True,True,True,True,True
06693,赤峰黃金,2025-03-10,2025,工业/制造,严格完整,105,无缺口,新闻仅近期不可回测,True,True,True,True,True,True,True
06831,綠茶集團,2025-05-16,2025,消费/零售,严格完整,105,无缺口,新闻仅近期不可回测,True,True,True,True,True,True,True
06883,穎通控股,2025-06-26,2025,生物科技/医药,严格完整,105,无缺口,新闻仅近期不可回测,True,True,True,True,True,True,True
06938,瑞博生物－Ｂ,2026-01-09,2026,生物科技/医药,严格完整,105,无缺口,新闻仅近期不可回测,True,True,True,True,True,True,True
06960,雙登股份,2025-08-26,2025,工业/制造,严格完整,105,无缺口,新闻仅近期不可回测,True,True,True,True,True,True,True
06980,八馬茶業,2025-10-28,2025,消费/零售,严格完整,105,无缺口,新闻仅近期不可回测,True,True,True,True,True,True,True
07618,京東工業,2025-12-11,2025,工业/制造,严格完整,105,无缺口,新闻仅近期不可回测,True,True,True,True,True,True,True
08610,BBSB,2026-01-13,2026,地产/建筑,严格完整,105,无缺口,新闻仅近期不可回测,True,True,True,True,True,True,True
09606,映恩生物－Ｂ,2025-04-15,2025,生物科技/医药,严格完整,105,无缺口,新闻仅近期不可回测,True,True,True,True,True,True,True
09609,海偉股份,2025-11-28,2025,工业/制造,严格完整,105,无缺口,新闻仅近期不可回测,True,True,True,True,True,True,True
09678,雲知聲,2025-06-30,2025,TMT/互联网,严格完整,105,无缺口,新闻仅近期不可回测,True,True,True,True,True,True,True
09881,容大科技,2025-06-10,2025,TMT/互联网,严格完整,105,无缺口,新闻仅近期不可回测,True,True,True,True,True,True,True
09887,維立志博－Ｂ,2025-07-25,2025,生物科技/医药,严格完整,105,无缺口,新闻仅近期不可回测,True,True,True,True,True,True,True
09903,天數智芯,2026-01-08,2026,TMT/互联网,严格完整,105,无缺口,新闻仅近期不可回测,True,True,True,True,True,True,True
09927,賽力斯,2025-11-05,2025,消费/零售,严格完整,105,无缺口,新闻仅近期不可回测,True,True,True,True,True,True,True
09973,奇瑞汽車,2025-09-25,2025,消费/零售,严格完整,105,无缺口,新闻仅近期不可回测,True,True,True,True,True,True,True
