date,total_amount_thousand_hkd,total_volume,n_stocks_traded
2020-01-02,68976476.555,9770488277.0,2068
2020-01-03,73070808.199,10887023611.0,2054
2020-01-06,68180497.99000001,10374533107.0,2020
2020-01-07,66369186.344,9581366709.0,2029
2020-01-08,68740780.728,9840739251.0,1959
2020-01-09,72080041.21599999,10173610804.0,2006
2020-01-10,82370281.644,12535631281.0,2027
2020-01-13,87130691.229,11526388396.0,2067
2020-01-14,94027287.456,14005367733.0,2068
2020-01-15,76985684.883,11288523052.0,2041
2020-01-16,78003969.893,11771462743.0,2074
2020-01-17,89332474.70300001,12287910688.0,2051
2020-01-20,87588516.36999999,11310621090.0,2035
2020-01-21,102960552.499,12817744396.0,2063
2020-01-22,74542976.49000001,8892168694.0,2018
2020-01-23,86807892.529,10322313686.0,1984
2020-01-24,33572415.009,3929254514.0,1728
2020-01-29,99404486.44000001,10843744981.0,2024
2020-01-30,97151618.21200001,15502696470.0,2081
2020-01-31,80352553.825,14265339546.0,2039
2020-02-03,104873633.23,13117041781.0,1991
2020-02-04,103563618.67,13377826863.0,2007
2020-02-05,101808148.977,13449247262.0,1992
2020-02-06,95202863.90300001,12984395252.0,2038
2020-02-07,74111133.152,10215714988.0,1939
2020-02-10,81832897.33,10029787046.0,1962
2020-02-11,84132509.53899999,12732740110.0,2060
2020-02-12,87234127.011,12924464781.0,2108
2020-02-13,82176834.17500001,11607445313.0,2061
2020-02-14,73754051.074,10540660151.0,2056
2020-02-17,72335492.289,11325249115.0,2045
2020-02-18,76003150.173,10776418362.0,1997
2020-02-19,67712993.279,10586156531.0,2025
2020-02-20,76131389.90200001,11160459542.0,2036
2020-02-21,76044621.432,10870849331.0,1992
2020-02-24,92538886.23599999,12833686505.0,1998
2020-02-25,88898800.59400001,11581021389.0,1978
2020-02-26,88510922.581,12234186068.0,2077
2020-02-27,84322000.185,12037905110.0,2001
2020-02-28,133576548.53,16296230868.0,2042
2020-03-02,97131202.098,12868404221.0,2016
2020-03-03,91083934.624,11784490049.0,1993
2020-03-04,87934176.771,11475436492.0,1958
2020-03-05,106171633.828,13131753411.0,2027
2020-03-06,95445534.479,12102055987.0,1969
2020-03-09,147146808.205,16900511249.0,2039
2020-03-10,116406103.71800001,13972789295.0,2043
2020-03-11,91438236.249,13076554303.0,1960
2020-03-12,129521986.909,17258402675.0,2054
2020-03-13,180976517.85799998,22536120611.0,2135
2020-03-16,139132143.257,16305305663.0,2062
2020-03-17,129318589.816,15927949896.0,2023
2020-03-18,142876626.33900002,25847824783.0,2061
2020-03-19,167838635.753,23794480070.0,2133
2020-03-20,146517007.373,18787258594.0,2068
2020-03-23,113023302.245,14632522661.0,1938
2020-03-24,112030959.005,14201870029.0,2027
2020-03-25,122192895.703,15684290352.0,2062
2020-03-26,93933630.38700001,12048365481.0,1928
2020-03-27,94031697.383,12279872483.0,2013
2020-03-30,81742007.14,12333400097.0,1915
2020-03-31,90014418.312,12896238373.0,1983
2020-04-01,106211991.625,13050499629.0,1948
2020-04-02,65300297.177,9653427745.0,1926
2020-04-03,58190476.638,8322347650.0,1955
2020-04-06,64095242.552999996,8703759846.0,1939
2020-04-07,97665335.291,13453542068.0,2012
2020-04-08,69880501.15100001,10953430059.0,1931
2020-04-09,72859179.073,11138857188.0,1981
2020-04-14,89806184.419,12384758620.0,2003
2020-04-15,89343465.099,11497454875.0,1984
2020-04-16,81949410.985,10866734802.0,1948
2020-04-17,112658565.836,12249062922.0,2019
2020-04-20,65801639.257,9369508586.0,1915
2020-04-21,82380614.54900001,11285665435.0,1936
2020-04-22,70445941.181,9981899914.0,1929
2020-04-23,72628221.396,10489768673.0,1956
2020-04-24,64342130.116000004,8870902516.0,1907
2020-04-27,68955871.945,10291816451.0,1984
2020-04-28,67664525.83,9152250658.0,1961
2020-04-29,67452810.08600001,10282139495.0,1981
2020-05-04,88248438.952,10639317266.0,1909
2020-05-05,53769104.422000006,6952193077.0,1874
2020-05-06,86272988.916,10481084365.0,1943
2020-05-07,66380429.06299999,8018599850.0,1895
2020-05-08,77989889.51900001,9687544466.0,1980
2020-05-11,83011737.125,9562545019.0,1969
2020-05-12,76880043.133,11196833030.0,1926
2020-05-13,81590741.715,11843426040.0,1924
2020-05-14,97438123.387,11480972786.0,1913
2020-05-15,80982352.704,10468746586.0,1954
2020-05-18,88966518.669,11738420217.0,2003
2020-05-19,101014883.896,14056519015.0,2043
2020-05-20,82759024.88100001,12591015746.0,1987
2020-05-21,100861199.68200001,12632453206.0,1949
2020-05-22,148030362.86699998,18220181077.0,2077
2020-05-25,91150490.60499999,12048162741.0,2004
2020-05-26,81218680.656,10927771202.0,2016
2020-05-27,86520862.143,11874684173.0,1980
2020-05-28,101428567.578,12397914484.0,2026
2020-05-29,155061117.162,17523264859.0,2054
2020-06-01,125802287.35,13315373183.0,2076
2020-06-02,88873774.064,13826706350.0,2027
2020-06-03,113589949.78899999,13928750872.0,2060
2020-06-04,96291498.968,13419987623.0,2047
2020-06-05,108917646.73699999,14935986424.0,2057
2020-06-08,104326415.79599999,13577164434.0,2088
2020-06-09,99838318.318,14462290700.0,2093
2020-06-10,98895865.26499999,13579351996.0,2003
2020-06-11,113139234.811,14242094967.0,1984
2020-06-12,88647155.547,11202334250.0,1962
2020-06-15,98363551.836,11877036681.0,1938
2020-06-16,89326789.052,12049453523.0,2067
2020-06-17,81884440.508,11021689077.0,2038
2020-06-18,96993456.76799999,11814750048.0,2043
2020-06-19,125807418.257,14982663421.0,2041
2020-06-22,96276175.346,11173154153.0,1999
2020-06-23,92285857.574,10183972884.0,2017
2020-06-24,91790737.51699999,12321373326.0,2035
2020-06-26,79180134.64999999,10347242111.0,1999
2020-06-29,109006984.639,13771864898.0,2018
2020-06-30,102183330.60200001,12920461902.0,2064
2020-07-02,148874496.004,16133199363.0,2103
2020-07-03,135974223.493,16679488164.0,2127
2020-07-06,209858535.69399998,24462506411.0,2198
2020-07-07,204216784.814,22365057062.0,2165
2020-07-08,162512595.792,17938778416.0,2128
2020-07-09,176514917.641,28135438699.0,2173
2020-07-10,165453261.891,23022063678.0,2112
2020-07-13,145292525.291,22046783732.0,2130
2020-07-14,150310184.638,19508981797.0,2116
2020-07-15,135702423.635,18866886749.0,2103
2020-07-16,166348451.669,18771201592.0,2096
2020-07-17,102516991.316,14340352187.0,2053
2020-07-20,108474380.10700001,14770739276.0,2034
2020-07-21,136561936.923,15669990401.0,2097
2020-07-22,126015718.672,16316668153.0,2059
2020-07-23,116728412.36,14194268798.0,2062
2020-07-24,137211771.11900002,16810773899.0,2070
2020-07-27,99672393.673,12520109544.0,2043
2020-07-28,89523004.10599999,11207235100.0,2022
2020-07-29,82171728.014,10675693529.0,2030
2020-07-30,101646004.92999999,13283095501.0,2037
2020-07-31,91795886.785,12680752201.0,2037
2020-08-03,107134442.653,13389522454.0,2039
2020-08-04,118193681.119,15439358854.0,2099
2020-08-05,98493006.348,14168213367.0,2078
2020-08-06,103249361.934,16245474224.0,2065
2020-08-07,141417192.29,19002843653.0,2068
2020-08-10,106888531.294,14386254545.0,2041
2020-08-11,112958434.838,20903215274.0,2118
2020-08-12,115146397.69000001,16205331914.0,2094
2020-08-13,90126184.186,14505649323.0,2090
2020-08-14,79420479.147,13392975116.0,2078
2020-08-17,103407371.43699999,14796813077.0,2103
2020-08-18,103543494.301,14327811060.0,2088
2020-08-19,72174542.889,8112735750.0,1858
2020-08-20,90359700.92099999,13321101996.0,2026
2020-08-21,93122392.78,12693910509.0,2054
2020-08-24,113082208.846,11947344258.0,2104
2020-08-25,102394048.72399999,11194448528.0,2052
2020-08-26,108733397.91999999,12697177066.0,2073
2020-08-27,121426187.136,13341201718.0,2106
2020-08-28,130523858.349,13303056655.0,2069
2020-08-31,149603681.821,17027702151.0,2080
2020-09-01,114031851.602,12916880153.0,2037
2020-09-02,131454988.26799999,13960911664.0,2046
2020-09-03,115144579.422,14029035133.0,2067
2020-09-04,177207647.93899998,15403742454.0,2030
2020-09-07,126325092.05,12591092578.0,2007
2020-09-08,109168264.112,11278104990.0,2033
2020-09-09,90426475.715,11770426641.0,1990
2020-09-10,80357591.803,10985569412.0,1987
2020-09-11,73937373.082,13341935191.0,1968
2020-09-14,75267380.08899999,12949650677.0,2011
2020-09-15,92998631.653,12850955339.0,1997
2020-09-16,81446625.124,12347692244.0,2020
2020-09-17,89042968.59899999,10944197477.0,1961
2020-09-18,118785489.241,15232534949.0,1964
2020-09-21,85840671.14199999,12238906579.0,1960
2020-09-22,78488472.762,10027547287.0,1967
2020-09-23,73993856.46,10296733662.0,1954
2020-09-24,86665503.90699999,12343239456.0,1936
2020-09-25,91133993.272,14704096616.0,2003
2020-09-28,72083991.552,10433093202.0,1986
2020-09-29,65707180.921,10337029601.0,1957
2020-09-30,76308163.316,11466472840.0,1963
2020-10-05,71485916.52600001,8026336077.0,1923
2020-10-06,64885936.848,9163469184.0,1951
2020-10-07,69269103.046,8410306045.0,1952
2020-10-08,64886468.331,10068530383.0,1896
2020-10-09,89012657.947,12505629898.0,1967
2020-10-12,108826472.246,14017152065.0,2031
2020-10-14,127734827.60299999,13670625241.0,1980
2020-10-15,100533207.065,11505607009.0,1926
2020-10-16,88146506.91,12904636015.0,1967
2020-10-19,97335284.545,12674758751.0,1958
2020-10-20,77326189.654,11131676707.0,1938
2020-10-21,83866847.08999999,10711990155.0,1955
2020-10-22,84820756.857,11383776912.0,1932
2020-10-23,87599106.245,11453464225.0,1955
2020-10-27,106261743.951,12163864086.0,2030
2020-10-28,109500256.81199999,11920759972.0,1993
2020-10-29,108848641.185,11037910657.0,2001
2020-10-30,125199192.56199999,13520408518.0,2007
2020-11-02,93988443.63499999,9997951455.0,1959
2020-11-03,103619781.213,13102048705.0,2000
2020-11-04,140879200.96400002,11310093264.0,1960
2020-11-05,146592531.264,13245937664.0,2065
2020-11-06,134275238.074,13432922808.0,1972
2020-11-09,140311005.206,15321859309.0,2059
2020-11-10,200938350.345,16646669705.0,2058
2020-11-11,238945016.914,17202065822.0,2032
2020-11-12,139988274.09399998,12189983637.0,1982
2020-11-13,126143236.247,13097795689.0,1985
2020-11-16,124554445.946,12530960515.0,2071
2020-11-17,122706450.896,11764144770.0,2033
2020-11-18,112333443.111,12197548435.0,1995
2020-11-19,111506661.81899999,12508732220.0,2036
2020-11-20,113450667.48300001,13057455001.0,2057
2020-11-23,132572161.139,15786781644.0,2043
2020-11-24,122693956.102,16483864770.0,2105
2020-11-25,151656531.81599998,18131828171.0,2107
2020-11-26,94353968.692,13984555888.0,2065
2020-11-27,93656070.878,13876993210.0,2054
2020-11-30,220386358.302,27082379076.0,2028
2020-12-01,130412553.43,15638302247.0,1995
2020-12-02,157624254.687,15100829651.0,2020
2020-12-03,113097484.64500001,13326379666.0,2037
2020-12-04,152161691.135,15825780934.0,2007
2020-12-07,111597813.443,17377670511.0,2029
2020-12-08,115271890.091,14144015868.0,2068
2020-12-09,116449159.635,15097592258.0,2081
2020-12-10,92058271.75299999,12513592031.0,2012
2020-12-11,116809879.637,15055450946.0,2070
2020-12-14,123350148.08,13184021016.0,2026
2020-12-15,122743564.285,13634101965.0,2016
2020-12-16,112496030.758,14168070362.0,2060
2020-12-17,111343382.184,13587143893.0,2048
2020-12-18,149165234.621,17953883448.0,2037
2020-12-21,126781886.767,14600576783.0,2058
2020-12-22,104195523.456,14355758043.0,2051
2020-12-23,111281243.776,14041744190.0,2045
2020-12-24,86241165.33999999,9111858201.0,1868
2020-12-28,170234367.19199997,18291014168.0,2137
2020-12-29,122886047.75500001,19911071014.0,2131
2020-12-30,134140821.483,19509925200.0,2116
2020-12-31,91471230.869,11495983879.0,1966
2021-01-04,153493450.57299998,18487369721.0,2164
2021-01-05,188539033.26,20800265047.0,2139
2021-01-06,187581005.827,19731413985.0,2138
2021-01-07,199403404.745,20520255618.0,2112
2021-01-08,239257938.32099998,24116991435.0,2114
2021-01-11,222144306.71400002,23704172765.0,2120
2021-01-12,170923105.437,18629003075.0,2095
2021-01-13,173584330.768,20431139601.0,2107
2021-01-14,179959064.71400002,21651004884.0,2160
2021-01-15,223166330.84199998,20820888067.0,2160
2021-01-18,195497506.997,21954607178.0,2177
2021-01-19,263132087.784,28775929156.0,2245
2021-01-20,264303512.314,23673961945.0,2217
2021-01-21,229783967.852,23402649333.0,2243
2021-01-22,211633773.82699996,27711716892.0,2188
2021-01-25,250666134.808,26003875813.0,2240
2021-01-26,240850046.718,24124368424.0,2186
2021-01-27,219373913.97,23067780814.0,2164
2021-01-28,225559165.909,20609828113.0,2143
2021-01-29,200028164.76999998,19897923864.0,2130
2021-02-01,164194660.637,16955106209.0,2141
2021-02-02,188580231.898,20914987763.0,2149
2021-02-03,186431623.032,22407167860.0,2174
2021-02-04,200377768.439,19043839328.0,2153
2021-02-05,204116436.005,19907860499.0,2185
2021-02-08,152916194.146,20212968998.0,2160
2021-02-09,122607177.905,21573646819.0,2186
2021-02-10,143229834.233,24335221317.0,2207
2021-02-11,76930033.17300001,10754432465.0,1967
2021-02-16,187088897.996,25021104936.0,2279
2021-02-17,177517745.385,27913303015.0,2316
2021-02-18,239714373.58200002,34798393729.0,2263
2021-02-19,212847334.434,29111030652.0,2253
2021-02-22,260409259.565,31998678710.0,2289
2021-02-23,228481067.475,29347627189.0,2246
2021-02-24,299935366.407,32709919453.0,2248
2021-02-25,216118580.95599997,24490247410.0,2234
2021-02-26,276152726.45100003,26142768598.0,2192
2021-03-01,178617258.236,19954538970.0,2170
2021-03-02,185902304.96400002,24880981720.0,2178
2021-03-03,151208288.63300002,19635988255.0,2183
2021-03-04,183656601.21699998,20089992954.0,2147
2021-03-05,197002810.77600002,22993815147.0,2158
2021-03-08,236937274.295,29419984426.0,2176
2021-03-09,230873762.623,23914475960.0,2174
2021-03-10,159094739.231,18762911542.0,2165
2021-03-11,178509683.79500002,19403379666.0,2172
2021-03-12,189545197.07799998,18370281335.0,2161
2021-03-15,158825706.764,15222441097.0,2138
2021-03-16,124551318.07100001,15729415242.0,2147
2021-03-17,117782905.517,14113733687.0,2111
2021-03-18,142248418.371,14619099706.0,2149
2021-03-19,176531228.411,18617742691.0,2081
2021-03-22,107486337.365,15638165963.0,2112
2021-03-23,135070297.464,15324801880.0,2099
2021-03-24,153840566.593,19519128150.0,2135
2021-03-25,167111866.33200002,15347428113.0,2103
2021-03-26,152450653.542,13825362212.0,2123
2021-03-29,159574857.491,15658234069.0,2130
2021-03-30,141702552.398,14445171882.0,2143
2021-03-31,137182166.42299998,15473530344.0,2120
2021-04-01,149851374.389,13079050322.0,2081
2021-04-07,144149941.467,13512232764.0,2084
2021-04-08,256586048.04500002,12264224893.0,2063
2021-04-09,116692433.253,10650303935.0,2052
2021-04-12,132302193.77600001,11010226231.0,2051
2021-04-13,115088268.33399999,11034491661.0,2051
2021-04-14,111914500.67699999,10634539951.0,2057
2021-04-15,100256758.24700001,10541698969.0,2035
2021-04-16,116906264.439,11659870141.0,2054
2021-04-19,124250961.684,12477972332.0,2071
2021-04-20,171123820.065,12302927391.0,2062
2021-04-21,129675850.24000001,10941772180.0,2037
2021-04-22,129653250.33599998,12467364240.0,2080
2021-04-23,119050314.987,11575139431.0,2070
2021-04-26,121464864.632,12455093900.0,2105
2021-04-27,122313059.419,11690070523.0,2066
2021-04-28,115425892.505,12285611085.0,2077
2021-04-29,94111805.30700001,10224979483.0,2068
2021-04-30,102898450.61299999,11110453013.0,2063
2021-05-03,71865297.78,9175999185.0,1977
2021-05-04,71795154.09200001,10067833251.0,2071
2021-05-05,79194640.225,10810836152.0,2078
2021-05-06,133601547.73900001,14089598842.0,2080
2021-05-07,127017067.548,13798851647.0,2067
2021-05-10,139759298.986,14633262858.0,2092
2021-05-11,156824922.55699998,15144845944.0,2086
2021-05-12,130864997.154,12485125069.0,2087
2021-05-13,136341231.64200002,12417097663.0,2029
2021-05-14,123932298.333,11733490463.0,2075
2021-05-17,119525819.277,11644211958.0,2056
2021-05-18,109036592.867,11817426087.0,2087
2021-05-20,144276953.375,13987646108.0,2072
2021-05-21,128128581.681,12381695618.0,2063
2021-05-24,101032715.585,14272929062.0,2045
2021-05-25,141075028.31,16719742796.0,2096
2021-05-26,135744822.525,14444827564.0,2063
2021-05-27,224217649.948,21417953940.0,2081
2021-05-28,147496829.349,15217171110.0,2116
2021-05-31,129534096.21800001,14833118158.0,2098
2021-06-01,132392473.191,12650956638.0,2083
2021-06-02,127628654.51000002,13659985546.0,2047
2021-06-03,116151427.15900001,14578762576.0,2083
2021-06-04,168583565.438,14747255284.0,2041
2021-06-07,122434737.89400001,12799421169.0,2049
2021-06-08,99193564.021,11907313929.0,2053
2021-06-09,95448451.542,12195580917.0,2050
2021-06-10,112725212.741,13094019969.0,2067
2021-06-11,109831145.359,12583304880.0,2082
2021-06-15,119248212.081,12375664343.0,2087
2021-06-16,117684328.45199999,11686764523.0,2054
2021-06-17,118314275.60800001,12316042131.0,2081
2021-06-18,182900473.24300003,16244731460.0,2078
2021-06-21,132688809.769,12798500912.0,2069
2021-06-22,119697062.533,11066000878.0,2067
2021-06-23,132233207.60800001,12237512955.0,2091
2021-06-24,107825973.392,11419184385.0,2067
2021-06-25,133287402.739,13747972602.0,2113
2021-06-28,90003059.94100001,9057684670.0,1967
2021-06-29,123101818.837,12785758653.0,2108
2021-06-30,121213538.215,13612599141.0,2100
2021-07-02,150381153.134,14209671311.0,2092
2021-07-05,141014801.512,10852835431.0,2091
2021-07-06,121028158.464,11755241698.0,2045
2021-07-07,132416421.506,11558754248.0,2060
2021-07-08,175074460.314,13899686069.0,2093
2021-07-09,158591987.69,12992003195.0,2081
2021-07-12,129680094.845,11073083874.0,2076
2021-07-13,130991190.279,11683743780.0,2093
2021-07-14,119167451.791,11478856412.0,2067
2021-07-15,125823602.163,11898695398.0,2082
2021-07-16,129038232.928,12259535844.0,2086
2021-07-19,117511055.11,11854186591.0,2090
2021-07-20,112975517.59099999,13157759647.0,2083
2021-07-21,128091784.171,11727059550.0,2101
2021-07-22,113585615.682,12997043505.0,2110
2021-07-23,115692038.401,12902100367.0,2117
2021-07-26,229405477.558,17193184222.0,2132
2021-07-27,315895890.791,21884881669.0,2184
2021-07-28,248490319.422,16307472842.0,2109
2021-07-29,218190084.48700002,14813483069.0,2118
2021-07-30,158082567.078,13178604944.0,2024
2021-08-02,138771117.155,13604509920.0,2045
2021-08-03,174773557.477,12147045478.0,2024
2021-08-04,141309977.20499998,12315246813.0,2059
2021-08-05,132366525.224,11621411318.0,2030
2021-08-06,123592965.915,10768372842.0,2032
2021-08-09,122738144.718,10427026677.0,2036
2021-08-10,130314558.12200001,11005391760.0,2078
2021-08-11,125933199.627,12674345441.0,2081
2021-08-12,114960800.789,10695548880.0,2057
2021-08-13,104670777.034,11041587850.0,2049
2021-08-16,112434681.934,10474160072.0,2047
2021-08-17,140780387.99,11657005178.0,2053
2021-08-18,109692260.20099999,9243997319.0,2020
2021-08-19,135199285.948,11034678119.0,2062
2021-08-20,171395850.641,14256492826.0,2120
2021-08-23,144051105.43400002,11632326373.0,2070
2021-08-24,145977015.042,10856421263.0,2093
2021-08-25,137262388.47,11224791838.0,2064
2021-08-26,116269332.172,11281737369.0,2033
2021-08-27,108428427.25999999,9960125941.0,2053
2021-08-30,117094566.274,11851045274.0,2075
2021-08-31,188188971.328,14761101766.0,2057
2021-09-01,155574036.046,13950767105.0,2091
2021-09-02,143442699.932,12207628253.0,2075
2021-09-03,152623125.111,13905269202.0,2097
2021-09-06,124689999.42699999,12725972612.0,2086
2021-09-07,120397860.441,14253028967.0,2112
2021-09-08,128033672.589,14234045748.0,2087
2021-09-09,141499631.49199998,13939528331.0,2080
2021-09-10,126024294.71000001,12480392550.0,2083
2021-09-13,121384789.94600001,13810702930.0,2043
2021-09-14,112843640.159,14507591013.0,2078
2021-09-15,128461253.346,13345039511.0,2114
2021-09-16,119593214.274,13891724239.0,2114
2021-09-17,166955322.076,15662280626.0,2074
2021-09-20,105936290.602,11962122859.0,2107
2021-09-21,89850764.114,8792464540.0,1996
2021-09-23,149005379.04500002,15835898541.0,2091
2021-09-24,124775951.842,13282414666.0,2023
2021-09-27,122287192.26,14144710843.0,2029
2021-09-28,119314711.83,13813365694.0,2035
2021-09-29,94221036.16499999,10969236693.0,2023
2021-09-30,93728903.79400001,10748138440.0,2025
2021-10-04,87201026.81,10053708087.0,1992
2021-10-05,77037656.8,9198321702.0,2003
2021-10-06,76430946.079,10131798306.0,2015
2021-10-07,83707775.09400001,10262253989.0,2051
2021-10-08,132595667.606,12583389038.0,2013
2021-10-11,138288483.281,12390455334.0,2036
2021-10-12,108427678.99599999,11149441988.0,1971
2021-10-15,150311797.79999998,13377443482.0,2050
2021-10-18,101417664.062,11428640325.0,2031
2021-10-19,98315599.78199999,10856635255.0,2079
2021-10-20,130921559.472,11183278425.0,2051
2021-10-21,115332445.294,12112145671.0,2020
2021-10-22,98639115.408,9963354397.0,2007
2021-10-25,90116016.66700001,9794987967.0,1997
2021-10-26,93148434.91199999,9915772871.0,2052
2021-10-27,96673591.45,10736176609.0,2011
2021-10-28,104207198.375,12057004256.0,2025
2021-10-29,100793752.532,11034989600.0,2014
2021-11-01,108012086.248,13761648355.0,2041
2021-11-02,116197499.571,12430712229.0,2044
2021-11-03,92625739.58399999,10296846204.0,2036
2021-11-04,95030597.11100002,12016531513.0,2022
2021-11-05,101746364.426,11282982744.0,2049
2021-11-08,97458977.766,9958457396.0,2023
2021-11-09,76293503.318,8425450575.0,2021
2021-11-10,105186714.801,11094132954.0,2032
2021-11-11,110685572.343,10866370569.0,2056
2021-11-12,109504039.226,11279122368.0,2018
2021-11-15,95804232.974,10099749169.0,2018
2021-11-16,103518978.499,10726678813.0,2095
2021-11-17,85410334.521,12767163713.0,2073
2021-11-18,89029292.383,9971576140.0,2033
2021-11-19,105358797.782,10571628703.0,2022
2021-11-22,104819582.64299999,11385030859.0,2045
2021-11-23,103128857.51900001,11501398301.0,2096
2021-11-24,110647633.81099999,10754242462.0,2028
2021-11-25,84530948.071,11293799867.0,2043
2021-11-26,103585484.222,11831211003.0,2055
2021-11-29,110288091.72600001,11637722612.0,2052
2021-11-30,185740225.62300003,19988543904.0,2044
2021-12-01,111971257.43,11786930414.0,2055
2021-12-02,118029153.5,14359899929.0,2027
2021-12-03,136899104.855,12591034833.0,2010
2021-12-06,139201423.23299998,12341645932.0,2004
2021-12-07,123841119.568,11328602600.0,2018
2021-12-08,90276890.473,9438361704.0,2014
2021-12-09,100997520.01200001,11474012433.0,2003
2021-12-10,87108133.816,9222702949.0,1981
2021-12-13,100019834.23599999,12575228116.0,2015
2021-12-14,93825392.963,12371893732.0,1994
2021-12-15,103184525.67999999,12850305768.0,2020
2021-12-16,106249895.04699999,11574622128.0,2032
2021-12-17,131629413.61199999,13176074232.0,2002
2021-12-20,97001229.52899998,11554704199.0,2011
2021-12-21,85874454.002,9572766485.0,1971
2021-12-22,70712032.503,8468310126.0,1986
2021-12-23,86129361.203,10857874987.0,2006
2021-12-24,39439354.912,6336529695.0,1793
2021-12-28,79536007.853,11349313103.0,2055
2021-12-29,44417728.032,6557301448.0,2000
2021-12-30,48401474.413,7881163147.0,2024
2021-12-31,44959741.391,5940212596.0,1875
2022-01-03,49936975.996,7870810761.0,1984
2022-01-04,96004709.167,12543602747.0,2042
2022-01-05,128398264.42999999,13651379822.0,2042
2022-01-06,107598269.33199999,16826908278.0,2042
2022-01-07,118636441.179,14800526775.0,2040
2022-01-10,107945980.787,14375260679.0,2053
2022-01-11,103722382.94,13323678278.0,2045
2022-01-12,123095985.547,11946882658.0,2046
2022-01-13,108242278.903,12347662514.0,2002
2022-01-14,92428775.942,11232208129.0,1971
2022-01-17,80995477.221,10326630025.0,2000
2022-01-18,85238582.063,9666021504.0,1995
2022-01-19,90880717.05,10623725900.0,1980
2022-01-20,143245373.599,13493085018.0,2031
2022-01-21,125797875.242,11101455881.0,1998
2022-01-24,97928504.891,10370226037.0,1977
2022-01-25,109738505.203,11324544411.0,1997
2022-01-26,101969932.382,11258300631.0,1948
2022-01-27,97749220.588,9182450339.0,1989
2022-01-28,89938326.524,8955722481.0,1979
2022-01-31,49189663.487,4514188153.0,1760
2022-02-04,83435599.31,7139548464.0,1993
2022-02-07,93210079.036,10297980322.0,2016
2022-02-08,98156470.966,9649244837.0,1997
2022-02-09,113890434.07699999,10173165535.0,2049
2022-02-10,101899485.44299999,10351511150.0,2049
2022-02-11,111402231.92,12468420834.0,2053
2022-02-14,86788138.267,9380610502.0,1980
2022-02-15,86532987.65200001,9982748071.0,1931
2022-02-16,78326144.442,9270762139.0,1953
2022-02-17,78553518.221,8676135344.0,1927
2022-02-18,96965829.47,8548674028.0,1930
2022-02-21,106784791.748,8328615013.0,1943
2022-02-22,109428018.42400001,10062871442.0,1962
2022-02-23,86763010.296,8507294036.0,1923
2022-02-24,131688443.45400001,13000857676.0,2028
2022-02-25,103168163.25999999,10291086759.0,1916
2022-02-28,119767537.339,12624199963.0,1951
2022-03-01,86901525.14299999,9363906180.0,2118
2022-03-02,90533708.39,9967382643.0,2091
2022-03-03,93157603.826,9432337073.0,2032
2022-03-04,131716268.265,11567769801.0,2062
2022-03-07,143764599.529,13649488534.0,2079
2022-03-08,129435448.53,13383432272.0,2042
2022-03-09,137206549.023,14890615893.0,2077
2022-03-10,108385514.62699999,10894447820.0,2045
2022-03-11,144560275.93400002,12284183821.0,2048
2022-03-14,174416157.537,16196305190.0,2099
2022-03-15,232565313.46899998,24191130123.0,2144
2022-03-16,243906367.526,22073129915.0,2126
2022-03-17,239106167.19599998,21375977908.0,2150
2022-03-18,191659204.03599998,20498916132.0,2015
2022-03-21,115352175.442,11776657378.0,2018
2022-03-22,111935562.212,11189102039.0,2014
2022-03-23,143463338.417,13088804233.0,2071
2022-03-24,123742359.285,12806483071.0,2048
2022-03-25,117612618.451,11651266856.0,2020
2022-03-28,106097767.51,10939264139.0,2008
2022-03-29,100214892.348,11296371959.0,2037
2022-03-30,127294823.758,14280969508.0,2041
2022-03-31,81933564.828,10717098213.0,2122
2022-04-01,73117736.784,9027765616.0,1971
2022-04-04,80947702.92,8921055876.0,1966
2022-04-06,112617617.74499999,13310441163.0,1939
2022-04-07,90343446.716,10569994332.0,1940
2022-04-08,82026236.241,9338321079.0,1956
2022-04-11,93670079.654,10451414071.0,1956
2022-04-12,97528849.871,10904966533.0,1955
2022-04-13,75261029.48,9604016803.0,1951
2022-04-14,76982902.82000001,9777348034.0,1951
2022-04-19,90311521.751,11191999688.0,1950
2022-04-20,76669842.521,10912895854.0,1926
2022-04-21,88495285.719,11995923787.0,1947
2022-04-22,79005565.249,12402038098.0,1926
2022-04-25,99552657.96599999,12408182779.0,1950
2022-04-26,93881835.321,11919568977.0,1933
2022-04-27,94703926.556,11342613767.0,1911
2022-04-28,73633026.235,10853109167.0,1888
2022-04-29,124378423.852,10984313668.0,1965
2022-05-03,80143854.833,8782184999.0,1883
2022-05-04,48712873.928,7552788740.0,1870
2022-05-05,76852177.016,10783017842.0,1937
2022-05-06,87913640.22,12934366204.0,1909
2022-05-10,111526793.89799999,13978571814.0,1944
2022-05-11,96785478.522,11430784217.0,1931
2022-05-12,89239534.963,20121712572.0,1945
2022-05-13,88622814.65799999,11708093233.0,1935
2022-05-16,69215425.026,10064420492.0,1900
2022-05-17,99158126.476,12005798797.0,1962
2022-05-18,86608033.293,10355126920.0,1909
2022-05-19,95610812.651,9564999114.0,1874
2022-05-20,94599128.405,13675821827.0,1989
2022-05-23,78678102.256,11048607775.0,1906
2022-05-24,87517779.10100001,10106858567.0,1935
2022-05-25,80701719.214,10499259894.0,1942
2022-05-26,71080388.963,9294336196.0,1954
2022-05-27,91802962.387,13901169677.0,1960
2022-05-30,97780475.679,9916997820.0,1989
2022-05-31,214049916.977,20596192497.0,1975
2022-06-01,95742734.327,11568855013.0,1905
2022-06-02,77848707.671,10714505204.0,1878
2022-06-06,111716694.867,12640497613.0,1926
2022-06-07,104615875.72,11776478770.0,1933
2022-06-08,147121175.778,15441289911.0,2013
2022-06-09,129718194.704,13194268889.0,1922
2022-06-10,145175165.216,14715986269.0,1952
2022-06-13,121424620.66700001,14145132126.0,1902
2022-06-14,99743796.45400001,11074372510.0,1926
2022-06-15,113108948.9,11912945522.0,1965
2022-06-16,119989573.821,17382488876.0,1960
2022-06-17,147788289.198,28317765995.0,1941
2022-06-20,97299023.14400001,29226526432.0,1907
2022-06-21,94255671.051,23884614210.0,1960
2022-06-22,99706413.957,22820692132.0,1982
2022-06-23,96945955.654,29498511006.0,1970
2022-06-24,121295190.011,27070182651.0,2023
2022-06-27,165623706.563,20263272594.0,2055
2022-06-28,146619582.152,19980337161.0,1984
2022-06-29,128852810.40799999,22230797107.0,1981
2022-06-30,123192236.273,17112440873.0,1980
2022-07-04,107842749.068,13651600730.0,1976
2022-07-05,93004808.328,13578147442.0,1990
2022-07-06,107381157.331,13604887771.0,1985
2022-07-07,84433535.457,19370557081.0,1955
2022-07-08,80510633.57599999,10756026646.0,1940
2022-07-11,86321688.33,10989738298.0,1916
2022-07-12,85575722.214,11038186400.0,1903
2022-07-13,80996848.361,11970285853.0,1948
2022-07-14,87003239.502,10689723997.0,1945
2022-07-15,94737492.586,12830086778.0,1930
2022-07-18,82768575.376,21035341668.0,1954
2022-07-19,60229766.381,9729989657.0,1906
2022-07-20,67998393.849,12581704377.0,1955
2022-07-21,76986305.315,17951543512.0,1912
2022-07-22,62044875.555,10698812731.0,1934
2022-07-25,64640114.74,8585894237.0,1912
2022-07-26,67685456.16,12902350114.0,1948
2022-07-27,62141535.988,10927462898.0,1900
2022-07-28,68186943.432,12810896430.0,1918
2022-07-29,97081802.69500001,10224900126.0,1924
2022-08-01,85099916.323,10785328369.0,1918
2022-08-02,88920752.849,10987240832.0,1937
2022-08-03,68453206.171,10253516818.0,1882
2022-08-04,67049444.25399999,9243557886.0,1873
2022-08-05,61615625.477,8004213996.0,1885
2022-08-08,52767160.689,6777584699.0,1875
2022-08-09,57111987.848,9558472348.0,1908
2022-08-10,65574830.843,9450834293.0,1869
2022-08-11,62891546.237,8363056013.0,1918
2022-08-12,55749331.736,7848651365.0,1901
2022-08-15,50941282.621,7627606362.0,1903
2022-08-16,77165126.853,10482378392.0,1927
2022-08-17,62374055.573,9562009786.0,1911
2022-08-18,66456175.677,7734950742.0,1866
2022-08-19,62577268.611,7764060715.0,1875
2022-08-22,65822541.007,11612505652.0,1891
2022-08-23,67418191.567,9512699102.0,1858
2022-08-24,78248336.38,10277407559.0,1908
2022-08-25,74097367.755,7001988435.0,1804
2022-08-26,82287002.093,10693644546.0,1966
2022-08-29,69465413.535,9514071097.0,1898
2022-08-30,71454869.654,9457503773.0,1877
2022-08-31,114205148.073,13019105811.0,1941
2022-09-01,84376976.044,10511780380.0,1901
2022-09-02,87380280.879,11270781810.0,1906
2022-09-05,79052673.613,10097672794.0,1927
2022-09-06,60549480.088,10830838473.0,1935
2022-09-07,64138447.654,9955240585.0,1897
2022-09-08,60744966.944,8860099601.0,1880
2022-09-09,69742507.279,10062371710.0,1946
2022-09-13,75621892.669,9246704092.0,1912
2022-09-14,67215813.84,12394996533.0,1843
2022-09-15,63012005.766,10543546504.0,1913
2022-09-16,102294236.831,16737474651.0,1901
2022-09-19,65825328.977,14267954129.0,1884
2022-09-20,57058247.714,8433377553.0,1879
2022-09-21,58801859.007,9376183387.0,1907
2022-09-22,63070298.728999995,8541365121.0,1931
2022-09-23,62154389.668,8678775725.0,1917
2022-09-26,81981637.99000001,10421656573.0,1941
2022-09-27,70523237.684,9534568819.0,1904
2022-09-28,81707908.689,11479797763.0,1986
2022-09-29,69707096.272,9523535541.0,1986
2022-09-30,64801247.835999995,8310542849.0,1958
2022-10-03,44758580.296,6075769149.0,1783
2022-10-05,75679948.185,8388261363.0,1969
2022-10-06,41260770.024000004,5399244675.0,1819
2022-10-07,38060014.792,5648683081.0,1806
2022-10-10,66635721.160000004,9928954383.0,1880
2022-10-11,63436014.306,10882482016.0,1863
2022-10-12,82657251.249,13640150520.0,1953
2022-10-13,62014781.897,9822724297.0,1869
2022-10-14,77358217.77000001,11126441130.0,1934
2022-10-17,69014411.51200001,9148637248.0,1835
2022-10-18,71334699.493,9373722550.0,1869
2022-10-19,61851201.788,8780109554.0,1838
2022-10-20,92158913.901,10866598597.0,1850
2022-10-21,66897263.733,8899381822.0,1848
2022-10-24,130661333.75400001,15521853911.0,1966
2022-10-25,110150638.471,11018288263.0,1923
2022-10-26,97306967.061,10735032638.0,1914
2022-10-27,90260542.88,10946288435.0,1893
2022-10-28,91797828.832,11807313537.0,1911
2022-10-31,98740392.94399999,12936383853.0,1881
2022-11-01,119630919.70899999,14097467937.0,1888
2022-11-02,87011751.984,9779135558.0,1674
2022-11-03,76069314.955,10138144203.0,1784
2022-11-04,143487277.973,16166035702.0,1974
2022-11-07,116596203.66499999,17719379209.0,1939
2022-11-08,75551116.249,11440283013.0,1879
2022-11-09,81508717.17,15538383930.0,1867
2022-11-10,69650380.073,12452281562.0,1808
2022-11-11,152052346.937,22874687908.0,2028
2022-11-14,170972839.925,33664339050.0,1977
2022-11-15,163038479.893,28294415748.0,2042
2022-11-16,136000377.868,20829616575.0,1936
2022-11-17,118937268.50999999,16042130916.0,1846
2022-11-18,106413278.522,16157867295.0,1914
2022-11-21,77655121.604,11203017499.0,1855
2022-11-22,89273493.685,14167607756.0,1839
2022-11-23,73529184.626,11795397556.0,1839
2022-11-24,62185556.252,12704986805.0,1849
2022-11-25,72023999.874,19951979371.0,1826
2022-11-28,86886215.215,18386351003.0,1842
2022-11-29,124702462.056,21662270603.0,1937
2022-11-30,187749529.69500002,31426728078.0,1911
2022-12-01,165288052.991,25547502423.0,1975
2022-12-02,116863597.592,19012495795.0,1877
2022-12-05,187799732.47599998,24972471843.0,2047
2022-12-06,126060335.883,19011342170.0,1936
2022-12-07,167230480.687,26045724075.0,1987
2022-12-08,126555870.52700001,18546489511.0,1957
2022-12-09,164992062.489,28905255111.0,2049
2022-12-12,122541190.76,22964219093.0,1901
2022-12-13,101168707.58,17985944686.0,1965
2022-12-14,105101295.617,16616808779.0,1937
2022-12-15,82473504.781,18925284393.0,1894
2022-12-16,109551287.667,14959034236.0,1885
2022-12-19,81835946.037,12757072193.0,1836
2022-12-20,76598991.829,14052170235.0,1876
2022-12-21,53358958.457,10042956951.0,1813
2022-12-22,83742547.163,11083846220.0,1896
2022-12-23,60594294.102,10152524694.0,1843
2022-12-28,100985460.633,14756576392.0,1951
2022-12-29,75645009.765,11152677577.0,1899
2022-12-30,70484105.90799999,12180845122.0,1952
2023-01-03,92871321.248,15518585397.0,1949
2023-01-04,124436799.57300001,13860371072.0,1988
2023-01-05,140467067.538,23605761850.0,2025
2023-01-06,120795884.574,25853862409.0,1973
2023-01-09,126178037.43800001,23180009113.0,1983
2023-01-10,107409209.251,16588782223.0,1941
2023-01-11,135787482.93400002,20465552995.0,2020
2023-01-12,125855538.36199999,16738085720.0,1962
2023-01-13,103337740.50999999,14835103901.0,1992
2023-01-16,115132632.53899999,16284566395.0,1987
2023-01-17,98169807.435,12290964710.0,1909
2023-01-18,100216004.557,12457258970.0,1895
2023-01-19,66233894.349,7065615821.0,1908
2023-01-20,74864589.582,8723406782.0,1956
2023-01-26,95242136.05000001,9692246706.0,2055
2023-01-27,74949362.973,9161875004.0,2014
2023-01-30,166641160.50800002,16717391231.0,1994
2023-01-31,136706606.78599998,13227129587.0,1967
2023-02-01,118588997.909,15864102061.0,2034
2023-02-02,110415643.13399999,27531924607.0,2073
2023-02-03,100080459.662,15003344976.0,1978
2023-02-06,105529854.79499999,14415880580.0,1966
2023-02-07,81094258.396,11850034764.0,1979
2023-02-08,91262759.00400001,12715321692.0,1959
2023-02-09,90173611.554,11005406264.0,1982
2023-02-10,89527580.215,11492108370.0,1940
2023-02-13,86222579.17199999,9477925475.0,1950
2023-02-14,71603747.396,9619984648.0,1936
2023-02-15,83818034.263,11751912678.0,1966
2023-02-16,93065132.832,11863937547.0,1987
2023-02-17,69243729.27100001,8920525203.0,1932
2023-02-20,75368766.148,10336831282.0,1986
2023-02-21,87902943.014,10900155283.0,1959
2023-02-22,87509253.365,9733307327.0,1928
2023-02-23,79267287.924,10684782053.0,1952
2023-02-24,89149975.954,9997956034.0,1920
2023-02-27,83911972.783,9499233138.0,1936
2023-02-28,109160143.61400001,14381349755.0,1956
2023-03-01,117953817.627,13368253778.0,2025
2023-03-02,82086137.903,9637505564.0,1968
2023-03-03,82644247.544,10190510038.0,2003
2023-03-06,82622880.748,10654617466.0,1960
2023-03-07,100848210.923,14135780487.0,2002
2023-03-08,89306996.527,12653719025.0,1955
2023-03-09,79101849.98099999,12065660841.0,1939
2023-03-10,134017701.281,13889434221.0,1966
2023-03-13,110187713.22000001,14945798114.0,1993
2023-03-14,98557093.402,13136654495.0,1999
2023-03-15,82720566.845,11176034240.0,1959
2023-03-16,86960128.657,10508001618.0,1911
2023-03-17,139112779.696,18330101834.0,1999
2023-03-20,95478313.527,11541292258.0,1930
2023-03-21,76602272.756,8634462640.0,1945
2023-03-22,84639255.48,9917286321.0,1937
2023-03-23,106982555.36400001,11278449276.0,1936
2023-03-24,96784215.71700001,11262866460.0,1921
2023-03-27,100702622.07900001,10653329889.0,1900
2023-03-28,83178331.187,10254239679.0,1892
2023-03-29,112930693.424,12309362621.0,1965
2023-03-30,103344023.63100001,13364543157.0,1945
2023-03-31,116246732.692,15628786079.0,1978
2023-04-03,93900450.236,11246172008.0,1927
2023-04-04,93578039.599,11732862524.0,1861
2023-04-06,82214481.73300001,10534339420.0,1876
2023-04-11,103714642.20199999,13055200086.0,2014
2023-04-12,91860055.09799999,10432426668.0,1898
2023-04-13,87673611.791,10370148552.0,1857
2023-04-14,79974699.7,10337055544.0,1909
2023-04-17,98939210.842,11678941279.0,1933
2023-04-18,89236160.912,9533363986.0,1917
2023-04-19,79877267.36,9718028807.0,1882
2023-04-20,77976207.733,8993511652.0,1907
2023-04-21,84157894.04800001,10852902162.0,1908
2023-04-24,71348201.015,8460017006.0,1856
2023-04-25,80594040.411,9779819100.0,1898
2023-04-26,74435983.27700001,8391997088.0,1851
2023-04-27,74627474.838,8053519335.0,1848
2023-04-28,82560456.602,9723714633.0,1876
2023-05-02,50215587.367,5915093521.0,1826
2023-05-03,45303271.213999994,5578553310.0,1817
2023-05-04,83015713.574,10203505429.0,1898
2023-05-05,77274769.772,10719541841.0,1875
2023-05-08,87029445.258,12889660428.0,1900
2023-05-09,99534346.374,13078165974.0,1869
2023-05-10,75619476.891,9468224126.0,1870
2023-05-11,70939835.219,8412652869.0,1863
2023-05-12,77082752.661,9264255394.0,1867
2023-05-15,77398922.00400001,11577060005.0,1917
2023-05-16,58287793.047,10036159912.0,1871
2023-05-17,71638384.544,8797077715.0,1896
2023-05-18,75829497.243,9150701536.0,1883
2023-05-19,69302154.60000001,8071027785.0,1850
2023-05-22,64646405.42,7371017766.0,1868
2023-05-23,60807699.225,7092307647.0,1863
2023-05-24,67764810.451,8836546277.0,1832
2023-05-25,85442715.705,9749722712.0,1869
2023-05-29,86003538.666,8649474687.0,1894
2023-05-30,71939141.748,8606160684.0,1881
2023-05-31,148644200.003,14129177388.0,1928
2023-06-01,87176248.657,9259680691.0,1837
2023-06-02,117863854.762,12544720310.0,1961
2023-06-05,68167437.355,8292602359.0,1854
2023-06-06,66014681.775,8825243035.0,1894
2023-06-07,67027787.941,9168289506.0,1911
2023-06-08,59119803.439,8524839279.0,1859
2023-06-09,64141821.746,8008618037.0,1889
2023-06-12,55871860.358,7232444555.0,1897
2023-06-13,71645566.559,8836070015.0,1906
2023-06-14,71309492.658,8514091594.0,1904
2023-06-15,92014652.964,9702495661.0,1933
2023-06-16,132346085.92,14546612607.0,1939
2023-06-19,64525810.313,8820769633.0,1909
2023-06-20,69867847.244,9098329834.0,1900
2023-06-21,71110177.908,9632673670.0,1877
2023-06-23,49886662.58,6066136238.0,1902
2023-06-26,63183097.544999994,8056338049.0,1885
2023-06-27,60790393.969000004,7651234692.0,1954
2023-06-28,55808515.613000005,7215615467.0,1924
2023-06-29,56823313.514,7049096203.0,1906
2023-06-30,61817193.747,7690182492.0,1936
2023-07-03,65112182.917,8741410318.0,1983
2023-07-04,55622043.678,9095180821.0,1947
2023-07-05,52831284.897,10076457115.0,1925
2023-07-06,71643078.375,9597278937.0,1918
2023-07-07,68587609.14199999,7978270616.0,1884
2023-07-10,56152515.737,7127223984.0,1903
2023-07-11,57371254.532,7769739519.0,1915
2023-07-12,58831149.486,8010233464.0,1936
2023-07-13,87048110.007,9416674158.0,1991
2023-07-14,70427747.09300001,8200605172.0,1954
2023-07-18,72352295.886,11124373088.0,1924
2023-07-19,63692915.75,9645639820.0,1903
2023-07-20,56730930.973000005,10497570368.0,1880
2023-07-21,53097098.261,9031316968.0,1894
2023-07-24,58337047.072,8378964787.0,1880
2023-07-25,104023821.337,12812692625.0,2010
2023-07-26,57503005.768,9061336311.0,1897
2023-07-27,83505978.70899999,11681213058.0,1990
2023-07-28,103436303.183,13116391703.0,1992
2023-07-31,139221267.321,16795578497.0,2033
2023-08-01,92852639.433,12857551882.0,1962
2023-08-02,85636402.12200001,11181561465.0,1932
2023-08-03,73923558.548,9081046873.0,1926
2023-08-04,77662636.485,9769653729.0,1970
2023-08-07,57835211.808000006,8662442995.0,1930
2023-08-08,75065246.033,10671678165.0,1938
2023-08-09,59008889.492000006,8574243035.0,1930
2023-08-10,60927701.246,9268844890.0,1915
2023-08-11,70548685.075,10943826845.0,1913
2023-08-14,76128321.528,11440782555.0,1938
2023-08-15,59698950.399000004,8655964624.0,1946
2023-08-16,67668668.769,9914035654.0,1939
2023-08-17,80618404.09,9276200743.0,1970
2023-08-18,72246579.183,10263476195.0,1961
2023-08-21,80393348.42,10816259456.0,1972
2023-08-22,73575120.153,9469174174.0,1933
2023-08-23,63472386.844,8018946801.0,1927
2023-08-24,79502270.74599999,8946211492.0,1968
2023-08-25,61062058.397,8026953266.0,1900
2023-08-28,76222727.36,11852340479.0,1972
2023-08-29,76391272.46000001,11392584781.0,2000
2023-08-30,85144679.691,11524550002.0,1977
2023-08-31,114933897.081,13805155632.0,1915
2023-09-04,125071314.809,15855273213.0,2014
2023-09-05,74517092.93400002,10805295160.0,1949
2023-09-06,75676220.48,21659232393.0,1962
2023-09-07,66216326.992,16048304227.0,1931
2023-09-11,87168698.00899999,13097159373.0,1949
2023-09-12,64318611.864,17170003502.0,1943
2023-09-13,60395246.305999994,18177854235.0,1930
2023-09-14,62240564.159,15433621444.0,1906
2023-09-15,92908075.068,14743505498.0,1970
2023-09-18,59891000.260000005,12126983684.0,1907
2023-09-19,58048742.999,10877086836.0,1928
2023-09-20,54902841.203999996,8554875338.0,1907
2023-09-21,60263209.757,10496200520.0,1910
2023-09-22,69292878.325,10586149321.0,1941
2023-09-25,54905659.75000001,9558596185.0,1925
2023-09-26,61319039.651,8974926373.0,1903
2023-09-27,57608727.624,9528804146.0,1925
2023-09-28,62217655.82700001,11627343644.0,1924
2023-09-29,49361290.5737,7456352570.0,1884
2023-10-03,51429818.904,7252627456.0,1875
2023-10-04,39911082.544999994,6197931367.0,1840
2023-10-05,31654884.624,4705091866.0,1874
2023-10-06,33012131.798,4940135571.0,1899
2023-10-09,37869350.949,5829705894.0,1740
2023-10-10,56129445.477,8594900267.0,1966
2023-10-11,69695771.418,10108793574.0,1977
2023-10-12,77256943.713,12108057971.0,1971
2023-10-13,62483352.422,8680341523.0,1910
2023-10-16,55803809.258,8718762696.0,1906
2023-10-17,48349380.025,8153141655.0,1916
2023-10-18,64398434.803,10571251860.0,1874
2023-10-19,70689974.71599999,9716664563.0,1864
2023-10-20,61728867.942999996,9962394511.0,1870
2023-10-24,67813166.96599999,9550662869.0,1945
2023-10-25,74272821.258,10654104304.0,1932
2023-10-26,60433015.628,9692720006.0,1877
2023-10-27,72002190.228,11090987199.0,1918
2023-10-30,72749051.97399999,10477332015.0,1848
2023-10-31,63863040.785,9908695217.0,1933
2023-11-01,50778676.005,8373022587.0,1871
2023-11-02,52211018.46299999,8782149667.0,1894
2023-11-03,67902448.113,10589288044.0,1972
2023-11-06,92049440.126,12469106683.0,2013
2023-11-07,61317047.298,9521404964.0,1913
2023-11-08,68389843.793,11464693773.0,1931
2023-11-09,52639715.263,9065166394.0,1898
2023-11-10,55849277.577,8680501507.0,1893
2023-11-13,52760553.153,8336883190.0,1891
2023-11-14,55517141.074999996,10454470087.0,1915
2023-11-15,93137609.837,11915155140.0,2001
2023-11-16,76280790.473,9323100436.0,1897
2023-11-17,76941458.675,25695954913.0,1902
2023-11-20,75230430.446,19564396824.0,1956
2023-11-21,80148437.726,17549615547.0,1968
2023-11-22,54086220.113,22934729886.0,1907
2023-11-23,60862239.934,25002487831.0,1951
2023-11-24,53090657.831999995,14678407375.0,1889
2023-11-27,57412801.91,23740014071.0,1907
2023-11-28,70302904.057,16510070834.0,1923
2023-11-29,98350170.10900001,19244331710.0,1927
2023-11-30,116390959.279,18682519158.0,1920
2023-12-01,88026836.999,17062760066.0,1921
2023-12-04,82608774.15200001,13616203558.0,1948
2023-12-05,87516837.006,19438142925.0,1971
2023-12-06,71375937.632,15328618204.0,1934
2023-12-07,62956803.462,20073972214.0,1927
2023-12-08,66060859.848,14652097792.0,1919
2023-12-11,70787042.026,13030028303.0,1920
2023-12-12,58811122.263000004,12161846503.0,1956
2023-12-13,57074638.883999996,11345777585.0,1894
2023-12-14,70511581.502,10282652546.0,1951
2023-12-15,108670694.46100001,15633309606.0,1998
2023-12-18,58079301.13200001,9618655308.0,1907
2023-12-19,55248593.153,11104689542.0,1927
2023-12-20,54651761.294,17322411482.0,1955
2023-12-21,48072833.441,11490432275.0,1917
2023-12-22,112427382.50800002,11297967994.0,1970
2023-12-27,77612430.001,14004898817.0,1994
2023-12-28,78809480.723,17657503544.0,2082
2023-12-29,52746064.79,12097829574.0,2050
2024-01-02,55766993.106,12249307833.0,1919
2024-01-03,54640098.576000005,11919745454.0,1914
2024-01-04,54534220.923999995,9323855621.0,1953
2024-01-05,59465603.942,10532994339.0,1963
2024-01-08,61712296.786000006,10274222722.0,1969
2024-01-09,57879080.698,8843557565.0,1981
2024-01-10,55387469.358,9426732167.0,1953
2024-01-11,62826406.812,9524645898.0,1999
2024-01-12,50703297.182,8394491617.0,1929
2024-01-15,49188515.712000005,7853289675.0,1939
2024-01-16,62378524.103,10757810840.0,1981
2024-01-17,100854264.037,15427576214.0,2038
2024-01-18,74968783.26400001,11945737065.0,1920
2024-01-19,67552030.02499999,10996343076.0,1945
2024-01-22,84175746.012,15823202292.0,1990
2024-01-23,85193875.36,13863169230.0,1948
2024-01-24,93125545.722,14801013351.0,1962
2024-01-25,97939523.87300001,16124820117.0,2019
2024-01-26,94206504.86899999,19378084384.0,1949
2024-01-29,77298355.61400001,15359602566.0,1927
2024-01-30,70772292.673,12088906462.0,1904
2024-01-31,74970808.359,12387344096.0,1897
2024-02-01,66515242.709,12694920904.0,1891
2024-02-02,75007033.036,13040887841.0,1926
2024-02-05,63694179.288,11536938036.0,1951
2024-02-06,91975467.759,14252353140.0,2015
2024-02-07,80148149.408,11201246633.0,1901
2024-02-08,60343636.713,9744979367.0,1907
2024-02-09,23034493.844,3222978651.0,1571
2024-02-14,41837230.756,5597464900.0,1833
2024-02-15,34218703.364,5140814436.0,1880
2024-02-16,51597703.612,8025293971.0,2029
2024-02-19,63041867.884,12642296416.0,1965
2024-02-20,60906496.1,11511989027.0,1992
2024-02-21,95486942.131,14937444558.0,2113
2024-02-22,77818031.683,12083463850.0,2023
2024-02-23,74066234.5,11930767445.0,2022
2024-02-26,64584070.578,11407323172.0,1966
2024-02-27,81981414.833,11404346577.0,1999
2024-02-28,86876648.409,12649879329.0,2036
2024-02-29,113609281.094,16129008573.0,1996
2024-03-01,95486179.53400001,13187075482.0,1965
2024-03-04,85899305.622,13010376418.0,1947
2024-03-05,82198093.769,12603521871.0,2013
2024-03-06,75032607.89600001,9666146617.0,1998
2024-03-07,76977066.47700001,10408698693.0,2007
2024-03-08,67167321.118,10253265368.0,2029
2024-03-11,75421816.03199999,11370920557.0,2047
2024-03-12,120327978.129,15416595727.0,2101
2024-03-13,91760946.161,19410216774.0,2040
2024-03-14,86976384.89999999,16580285593.0,2018
2024-03-15,118433219.117,26175518945.0,1997
2024-03-18,76922923.896,15751732917.0,2010
2024-03-19,72600019.891,17675986743.0,1961
2024-03-20,66601909.948,12781352921.0,1977
2024-03-21,92043028.577,12830252504.0,2016
2024-03-22,95611053.023,14072859158.0,1957
2024-03-25,80277971.382,11045347578.0,1950
2024-03-26,86434685.033,11830980533.0,1957
2024-03-27,90700274.759,12512534829.0,1999
2024-03-28,98793854.624,13172924384.0,2004
2024-04-02,117899595.486,16056472449.0,2025
2024-04-03,78085577.983,11215567377.0,1918
2024-04-05,53446322.787,6957449084.0,1924
2024-04-08,77914399.23200001,12128751966.0,1971
2024-04-09,66951982.757,12202813819.0,1994
2024-04-10,86193530.23300001,12513083295.0,1991
2024-04-11,73027791.757,11116222436.0,1957
2024-04-12,84718627.953,13152476846.0,1913
2024-04-15,75062820.914,12504507527.0,1918
2024-04-16,86208686.084,13321976696.0,1959
2024-04-17,67832660.402,10314782212.0,1904
2024-04-18,76104098.54200001,10980250077.0,1931
2024-04-19,81378662.93699999,12238861854.0,1877
2024-04-22,82013788.278,10551949826.0,1938
2024-04-23,92244190.54699999,10526255340.0,1939
2024-04-24,106110016.851,14121813687.0,2006
2024-04-25,92283267.852,13805201709.0,1973
2024-04-26,125251489.7,20285699162.0,2056
2024-04-29,134142067.536,26867966862.0,2049
2024-04-30,101940386.27700001,18116297735.0,2001
2024-05-02,88079335.629,12513416842.0,2023
2024-05-03,89897807.22,11171003954.0,2064
2024-05-06,114756382.95199999,21033895322.0,2050
2024-05-07,87698534.36,17478052577.0,2018
2024-05-08,100403755.509,18530139866.0,2025
2024-05-09,93896898.38399999,16639995632.0,2054
2024-05-10,143167083.377,31522227777.0,2115
2024-05-13,118333970.1,31013950697.0,2088
2024-05-14,114436039.98,25905410189.0,2118
2024-05-16,168086314.522,31479177347.0,2153
2024-05-17,149083457.605,28566150838.0,2137
2024-05-20,125869726.041,27765921551.0,2166
2024-05-21,118421610.608,23011414180.0,2086
2024-05-22,99849518.041,20087893562.0,2053
2024-05-23,102119847.40100001,16056261555.0,2013
2024-05-24,101526217.766,18088790861.0,1986
2024-05-27,93058849.346,16355161642.0,1993
2024-05-28,74402430.995,15714122924.0,2058
2024-05-29,98104874.417,15287950971.0,1992
2024-05-30,97716508.362,14924168505.0,1942
2024-05-31,163697427.185,22574515136.0,2018
2024-06-03,101734746.894,16867172647.0,2033
2024-06-04,90475536.329,14984357939.0,2006
2024-06-05,88295307.185,13020191620.0,2018
2024-06-06,88180248.667,15265286504.0,2054
2024-06-07,106667314.079,15557445606.0,1997
2024-06-11,111585659.424,18383441382.0,1976
2024-06-12,88576135.867,15539323252.0,1997
2024-06-13,81577841.631,11884983900.0,1960
2024-06-14,89699950.425,14791677771.0,2011
2024-06-17,72551202.966,11923688980.0,2011
2024-06-18,73813954.85800001,12858470460.0,1976
2024-06-19,89785491.76900001,13715821158.0,2044
2024-06-20,76529494.586,12116123611.0,2020
2024-06-21,104230568.05700001,15520413969.0,1966
2024-06-24,73813664.774,11815514057.0,1975
2024-06-25,73227931.49499999,12237174370.0,2001
2024-06-26,68814492.873,15257130885.0,1980
2024-06-27,84236718.12,14952031488.0,1930
2024-06-28,80080440.362,13273402455.0,2023
2024-07-02,94692013.93,12906650829.0,2013
2024-07-03,88330630.423,16583290910.0,1973
2024-07-04,72786922.511,12050376875.0,1982
2024-07-05,70482340.323,13200681308.0,1983
2024-07-08,69971573.67199999,14575895865.0,1950
2024-07-09,74184960.791,12329169434.0,1963
2024-07-10,77685181.241,11127389257.0,1956
2024-07-11,73312851.053,11191191061.0,1974
2024-07-12,95687243.04100001,13383398093.0,2013
2024-07-15,67060133.831999995,9367220757.0,1927
2024-07-16,71365427.141,9142826127.0,1912
2024-07-17,82398777.821,10395077997.0,1945
2024-07-18,62516657.571,8627363941.0,1895
2024-07-19,79128177.117,10355460543.0,1901
2024-07-22,66061378.221,9359476962.0,1917
2024-07-23,61693735.59,8151935440.0,1905
2024-07-24,66084935.866,8888737509.0,1868
2024-07-25,77939988.689,10484594875.0,1927
2024-07-26,64903721.853,8465116452.0,1867
2024-07-29,62328523.045,8409453591.0,1875
2024-07-30,66317682.742,10035193631.0,1901
2024-07-31,81792836.04599999,13397615669.0,1913
2024-08-01,61966746.794,9145784149.0,1865
2024-08-02,72591893.84200001,8775748969.0,1839
2024-08-05,97654775.029,12786951520.0,1995
2024-08-06,70996674.646,9315202330.0,1942
2024-08-07,62659456.291,9053769371.0,1904
2024-08-08,62813182.234,8700124506.0,1866
2024-08-09,63653196.324,9663532399.0,1915
2024-08-12,48503055.731,7466229186.0,1868
2024-08-13,51597938.071,7575351527.0,1907
2024-08-14,49239844.398,6470014729.0,1878
2024-08-15,64096903.702,8218590710.0,1861
2024-08-16,73004946.448,7745061645.0,1915
2024-08-19,65311053.42600001,8776583877.0,1929
2024-08-20,58045501.382,7471970510.0,1926
2024-08-21,67830064.85599999,8280880167.0,1861
2024-08-22,77728267.823,9754982055.0,1953
2024-08-23,61190279.34,7240417636.0,1912
2024-08-26,64948035.278000005,8324206011.0,1962
2024-08-27,72936220.186,9099954511.0,1949
2024-08-28,69808168.127,8816604526.0,1895
2024-08-29,83833402.02600001,11527309695.0,1917
2024-08-30,144118432.969,17405574462.0,2042
2024-09-02,73855210.532,10105106330.0,1921
2024-09-03,57644686.839,10448833058.0,1911
2024-09-04,67246006.051,10315350802.0,1904
2024-09-05,63420512.602,9963762221.0,1900
2024-09-09,101903803.004,13170209504.0,1914
2024-09-10,86033940.216,11125557045.0,1926
2024-09-11,76669140.58600001,11009168488.0,1912
2024-09-12,69843791.427,9228996424.0,1892
2024-09-13,60742560.77,7914081242.0,1918
2024-09-16,33732162.723,4349631060.0,1776
2024-09-17,46739292.761,4852684449.0,1815
2024-09-19,115796851.073,12112296960.0,2024
2024-09-20,137843259.115,14227356297.0,1996
2024-09-23,87371641.663,10965284101.0,1960
2024-09-24,174666615.356,17896423377.0,2148
2024-09-25,195176934.027,19722958788.0,2117
2024-09-26,241741311.364,25829014154.0,2186
2024-09-27,348281039.94,36038506410.0,2266
2024-09-30,416983891.787,50389776713.0,2360
2024-10-02,335070584.405,42548569303.0,2426
2024-10-03,238052337.67700002,36129666666.0,2371
2024-10-04,205359238.578,31764609636.0,2397
2024-10-07,244199414.36499998,33477218552.0,2451
2024-10-08,503703819.262,55256498090.0,2322
2024-10-09,336914333.70600003,39267418585.0,2223
2024-10-10,244271746.26700002,29862487850.0,2232
2024-10-14,207318585.00300002,24646920220.0,2167
2024-10-15,188425509.578,20988062857.0,2131
2024-10-16,149134451.882,20584647224.0,2092
2024-10-17,137576410.38799998,20431888812.0,2083
2024-10-18,188772436.088,22002027536.0,2161
2024-10-21,145108500.95999998,17339638235.0,2116
2024-10-22,109106109.507,13028614260.0,2069
2024-10-23,141720440.874,18986946794.0,2123
2024-10-24,112396612.947,14888813498.0,2040
2024-10-25,117294093.942,18059174054.0,2076
2024-10-28,112145143.906,16233702532.0,2062
2024-10-29,123350378.157,17558436570.0,2059
2024-10-30,123422975.727,15409324862.0,2035
2024-10-31,120276337.193,16271448843.0,2037
2024-11-01,107990600.216,13958320922.0,2053
2024-11-04,87893473.302,11837990786.0,2060
2024-11-05,133306874.50400001,17458399285.0,2110
2024-11-06,156399705.672,18817191392.0,2053
2024-11-07,165569979.752,23933270293.0,2168
2024-11-08,168117169.345,19621952152.0,2096
2024-11-11,150327163.912,16694484107.0,2083
2024-11-12,168546163.246,18954998389.0,2123
2024-11-13,119139489.04,13509795953.0,1990
2024-11-14,129053688.37,15432986182.0,2003
2024-11-15,115383640.513,12785207922.0,2019
2024-11-18,103139099.692,13397319967.0,2048
2024-11-19,88679927.343,11577684729.0,2003
2024-11-20,89960214.0,10909028252.0,2033
2024-11-21,88110511.60599999,11861527654.0,1984
2024-11-22,127960544.26699999,15080697369.0,2025
2024-11-25,151433718.315,15787372380.0,2010
2024-11-26,93656867.138,11064754445.0,2010
2024-11-27,100739608.918,11085630380.0,2010
2024-11-28,78150259.40799999,8948968747.0,1964
2024-11-29,95518318.361,12734904868.0,2040
2024-12-02,100349456.022,11414581134.0,2054
2024-12-03,101348042.231,11750514047.0,2082
2024-12-04,93256466.493,11159505064.0,2036
2024-12-05,88640890.92,9972672750.0,1983
2024-12-06,133152297.89199999,14551834196.0,2071
2024-12-09,154595508.02,18491659677.0,2101
2024-12-10,190522571.449,21789785482.0,2182
2024-12-11,100227217.191,13820998424.0,2077
2024-12-12,120782091.444,14317065816.0,2148
2024-12-13,119347355.725,14608109820.0,1973
2024-12-16,98612167.356,12007495890.0,2055
2024-12-17,100536003.812,12275249534.0,2046
2024-12-18,86228710.541,11415223548.0,2072
2024-12-19,104204241.816,15135524866.0,2054
2024-12-20,146292058.512,16131466034.0,2042
2024-12-23,99584761.616,12776071386.0,2021
2024-12-24,64797490.386,8630400129.0,1808
2024-12-27,114277656.851,14474061173.0,2103
2024-12-30,104596554.542,12409443231.0,2103
2024-12-31,61322861.353999995,7439384840.0,1897
2025-01-02,119293608.147,14227943919.0,2041
2025-01-03,112016364.087,12935222836.0,2027
2025-01-06,90338662.752,11610579759.0,2017
2025-01-07,161351345.307,12784945964.0,2005
2025-01-08,134962623.38099998,13095543511.0,2003
2025-01-09,101730855.57599999,9698052864.0,2001
2025-01-10,108503638.237,14151098778.0,1962
2025-01-13,102782369.284,12287695360.0,1994
2025-01-14,120401670.081,12640234277.0,2018
2025-01-15,95292626.34,9976805151.0,1982
2025-01-16,109508837.027,11098935692.0,1995
2025-01-17,91868664.75,10751712043.0,2012
2025-01-20,119268570.313,11059949978.0,2045
2025-01-21,106958822.184,13843011267.0,2062
2025-01-22,98999697.657,10877680487.0,2065
2025-01-23,107086774.73699999,13224917249.0,2046
2025-01-24,119183017.028,12007354906.0,2059
2025-01-27,113966367.4,13262195773.0,2029
2025-01-28,40571361.953,3589087818.0,1741
2025-02-03,99561247.117,7919989835.0,2032
2025-02-04,117387373.55,9164402912.0,2104
2025-02-05,142303911.262,12829141791.0,2029
2025-02-06,138482396.297,13056134985.0,2082
2025-02-07,200972796.082,20000435815.0,2151
2025-02-10,186563524.982,18018187173.0,2188
2025-02-11,170634704.889,14646009891.0,2091
2025-02-12,228024370.637,20511715112.0,2159
2025-02-13,291824549.214,23956161015.0,2195
2025-02-14,281369873.704,23152917793.0,2213
2025-02-17,330272375.556,25144264540.0,2207
2025-02-18,248722966.602,20577436128.0,2199
2025-02-19,206706808.863,18624973338.0,2209
2025-02-20,212842107.498,18450552698.0,2154
2025-02-21,322899603.71239996,24112665327.0,2240
2025-02-24,278446790.365,22507721635.0,2193
2025-02-25,254563112.407,18817597353.0,2138
2025-02-26,289307711.04,23572605865.0,2235
2025-02-27,316856502.047,25618641767.0,2161
2025-02-28,314574682.388,26836325367.0,2126
2025-03-03,225014798.156,18676144376.0,2159
2025-03-04,194453128.80900002,14943708142.0,2107
2025-03-05,204521752.40600002,16584866687.0,2190
2025-03-06,305084820.689,21784362456.0,2271
2025-03-07,287626588.84499997,20428379688.0,2214
2025-03-10,210785811.935,16673426783.0,2173
2025-03-11,204202422.20700002,15772709959.0,2158
2025-03-12,206626060.159,16435531751.0,2155
2025-03-13,175183879.008,16179644249.0,2131
2025-03-14,226904006.856,19260730358.0,2182
2025-03-17,188319747.267,17238743895.0,2205
2025-03-18,226881058.49199998,17160224140.0,2270
2025-03-19,207758264.322,15755443420.0,2179
2025-03-20,227650825.358,16860937574.0,2116
2025-03-21,263551486.562,20615261217.0,2127
2025-03-24,173167539.477,14248516974.0,2110
2025-03-25,231090005.324,15725948746.0,2133
2025-03-26,148675174.004,14645990971.0,2110
2025-03-27,178572092.23299998,17477741293.0,2153
2025-03-28,168975455.247,16034283464.0,2126
2025-03-31,194875209.50100002,20619798159.0,2161
2025-04-01,178104782.964,15167850301.0,2076
2025-04-02,161561058.996,13379806888.0,2050
2025-04-03,200857764.128,15719231204.0,2036
2025-04-07,485949917.597,40400208465.0,2238
2025-04-08,317615936.827,25427303598.0,2118
2025-04-09,308909743.056,25262266428.0,2061
2025-04-10,272158835.45100003,20918974478.0,2050
2025-04-11,221072650.201,15849988979.0,2011
2025-04-14,195549043.756,15404555741.0,2066
2025-04-15,136661264.438,11349111580.0,2016
2025-04-16,165020834.54999998,13328234516.0,1985
2025-04-17,145415718.235,12764790533.0,2021
2025-04-22,178286836.755,15063341961.0,2074
2025-04-23,193822388.33,13772416097.0,2096
2025-04-24,155623836.702,12346191748.0,1998
2025-04-25,158551521.147,15791050357.0,2030
2025-04-28,129400991.188,12225715638.0,2045
2025-04-29,130352533.937,11603899616.0,2037
2025-04-30,156166060.132,14903097898.0,2027
2025-05-02,90266088.85800001,7702878302.0,2026
2025-05-06,158694479.616,14451771960.0,2126
2025-05-07,183814233.827,16031238346.0,2077
2025-05-08,138656652.6,14501428590.0,2078
2025-05-09,125222409.205,12914902022.0,2029
2025-05-12,242228873.18199998,19918969819.0,2106
2025-05-13,165493234.557,16696246805.0,2064
2025-05-14,165954562.35099998,16148849122.0,2142
2025-05-15,149145522.993,13665057576.0,2060
2025-05-16,143703541.516,11970789953.0,2045
2025-05-19,143241972.079,12768352461.0,2069
2025-05-20,158914077.83,14567317586.0,2103
2025-05-21,166707299.457,16165657575.0,2107
2025-05-22,156615456.781,14490702733.0,2067
2025-05-23,154911699.33,15762343169.0,2075
2025-05-26,165229000.315,14090995440.0,2075
2025-05-27,149238356.512,12701482027.0,2066
2025-05-28,141292100.06100002,12177656792.0,2096
2025-05-29,182790172.343,15751456835.0,2127
2025-05-30,232894753.65100002,18360427942.0,2083
2025-06-02,100277638.39,9460632200.0,2002
2025-06-03,156588088.931,15825941835.0,2102
2025-06-04,174339805.49899998,16784564231.0,2109
2025-06-05,175689256.86,16771999405.0,2115
2025-06-06,192950785.316,17179712437.0,2071
2025-06-09,199075850.936,19436533648.0,2174
2025-06-10,193770386.233,20617089432.0,2156
2025-06-11,183677292.328,19214907718.0,2188
2025-06-12,203719254.247,20476238401.0,2150
2025-06-13,236674259.363,26124793337.0,2148
2025-06-16,187099268.63,22227348929.0,2168
2025-06-17,161963292.905,18800767070.0,2142
2025-06-18,145381154.219,19826790969.0,2074
2025-06-19,176309975.246,21451580785.0,2097
2025-06-20,187865804.462,21396071185.0,2074
2025-06-23,158149385.379,16500925992.0,2101
2025-06-24,194551684.899,20120525278.0,2185
2025-06-25,215151068.143,27826790304.0,2242
2025-06-26,225240972.466,34897411274.0,2206
2025-06-27,224227668.607,37901549287.0,2191
2025-06-30,201637090.543,24341324541.0,2191
2025-07-02,198889906.77899998,29259742151.0,2229
2025-07-03,189188699.79,22074864059.0,2200
2025-07-04,221261163.463,23611186676.0,2168
2025-07-07,149294037.859,17359953138.0,2150
2025-07-08,174140879.204,22729762444.0,2199
2025-07-09,198343222.766,25728946422.0,2158
2025-07-10,211079546.664,35441599158.0,2258
2025-07-11,260237000.709,35477465366.0,2270
2025-07-14,174215676.276,30299208215.0,2238
2025-07-15,231919350.551,29573635389.0,2244
2025-07-16,203807029.873,22937679156.0,2245
2025-07-17,193765303.78,23580988539.0,2240
2025-07-18,193834585.314,35961698907.0,2254
2025-07-21,221623155.138,31648597057.0,2293
2025-07-22,225402285.626,29374448169.0,2268
2025-07-23,270051188.601,28321971872.0,2252
2025-07-24,237646995.636,25420469597.0,2282
2025-07-25,217541750.236,22460158319.0,2248
2025-07-28,200157069.938,21289902808.0,2257
2025-07-29,224583389.9,26169623320.0,2246
2025-07-30,260739310.974,24899867780.0,2249
2025-07-31,253717494.372,24384800791.0,2221
2025-08-01,202509486.359,19773261362.0,2198
2025-08-04,165646093.313,15129687548.0,2194
2025-08-05,182970567.271,17727536859.0,2173
2025-08-06,179394730.397,17403212979.0,2193
2025-08-07,196760259.164,17186817289.0,2221
2025-08-08,170682652.916,17030205435.0,2225
2025-08-11,164830237.204,17818368632.0,2260
2025-08-12,172017339.129,18337229261.0,2281
2025-08-13,232094283.763,21916864026.0,2312
2025-08-14,228243137.826,21990867355.0,2290
2025-08-15,241680252.559,24641112729.0,2277
2025-08-18,245832407.954,26307793443.0,2317
2025-08-19,219314607.233,22027293296.0,2287
2025-08-20,215054858.366,20976445417.0,2269
2025-08-21,198530180.392,18822127434.0,2272
2025-08-22,236035023.35999998,20119273044.0,2273
2025-08-25,304538524.535,27903848901.0,2370
2025-08-26,259095756.762,23388176737.0,2327
2025-08-27,278863480.778,25805708108.0,2318
2025-08-28,302700863.077,24380630481.0,2276
2025-08-29,274879251.787,27465098993.0,2283
2025-09-01,312896729.006,25479915387.0,2303
2025-09-02,253241691.885,24979400497.0,2249
2025-09-03,197853037.787,19051651886.0,2236
2025-09-04,236772261.749,23989801683.0,2216
2025-09-05,251848203.153,23337865939.0,2240
2025-09-08,246080600.035,22152105073.0,2227
2025-09-09,245084183.598,23150316906.0,2298
2025-09-10,237585081.73,20509986798.0,2287
2025-09-11,261030257.502,21311433246.0,2246
2025-09-12,251733215.322,25187354757.0,2327
2025-09-15,228259727.494,20639314993.0,2285
2025-09-16,235382872.29700002,22387609124.0,2280
2025-09-17,294317926.566,26765030329.0,2324
2025-09-18,330056445.157,26584792589.0,2280
2025-09-19,291855579.166,27116894311.0,2220
2025-09-22,222374351.931,20269526249.0,2231
2025-09-23,221696651.767,20995299257.0,2184
2025-09-24,239138754.794,20117104094.0,2218
2025-09-25,256952388.896,21351009375.0,2256
2025-09-26,258539810.425,21474162717.0,2226
2025-09-29,239658900.37399998,19726276743.0,2266
2025-09-30,263157696.561,20261761190.0,2279
2025-10-02,166931484.676,13073405987.0,2305
2025-10-03,97665173.083,9449678361.0,2247
2025-10-06,87031861.155,9941649769.0,2219
2025-10-08,124641639.28,13030499807.0,2301
2025-10-09,323390183.83,25253087238.0,2315
2025-10-10,271639066.366,21267665654.0,2281
2025-10-13,366502963.472,25394045538.0,2279
2025-10-14,301840787.674,23378852155.0,2273
2025-10-15,229488961.081,19353260443.0,2286
2025-10-16,216203384.445,18268126275.0,2253
2025-10-17,248452409.529,20793649884.0,2258
2025-10-20,176738705.376,14589096227.0,2220
2025-10-21,207018068.138,16566001656.0,2244
2025-10-22,172714588.24600002,15205907627.0,2150
2025-10-23,191342011.477,18024014707.0,2168
2025-10-24,174965262.239,14894661717.0,2215
2025-10-27,208701042.383,15581951936.0,2249
2025-10-28,190920697.683,15021022285.0,2237
2025-10-30,265439114.25800002,20291375618.0,2298
2025-10-31,204523274.247,16168343193.0,2193
2025-11-03,176787678.06,15069089324.0,2197
2025-11-04,181520940.373,15802129918.0,2215
2025-11-05,172324699.684,15593833064.0,2183
2025-11-06,180668290.482,17691616242.0,2250
2025-11-07,165010365.954,18361261686.0,2210
2025-11-10,175436830.641,16252515976.0,2251
2025-11-11,154954849.505,13821603665.0,2263
2025-11-12,183485397.805,17691745166.0,2270
2025-11-13,198322917.14900002,15314376211.0,2263
2025-11-14,174449699.651,14794652601.0,2218
2025-11-17,160902773.348,14336601492.0,2225
2025-11-18,190048561.789,16727891513.0,2202
2025-11-19,153079794.212,12877690738.0,2169
2025-11-20,167860593.04,13994835464.0,2192
2025-11-21,212309668.138,16909456451.0,2226
2025-11-24,249305662.173,18228863314.0,2195
2025-11-25,177002262.463,13198423714.0,2225
2025-11-26,158411653.031,12452563950.0,2213
2025-11-27,155785537.648,11210785083.0,2163
2025-11-28,113459527.342,10559689091.0,2177
2025-12-01,146693696.759,11590062889.0,2187
2025-12-02,138990477.857,12379543534.0,2179
2025-12-03,123462747.457,11497856745.0,2157
2025-12-04,133441210.227,11916619459.0,2221
2025-12-05,168658027.488,12787317114.0,2217
2025-12-08,166808627.406,12673119793.0,2248
2025-12-09,162606541.812,15818538584.0,2241
2025-12-10,148153393.04,15933821836.0,2190
2025-12-11,136830070.872,14794348330.0,2215
2025-12-12,201700797.67700002,17053541189.0,2229
2025-12-15,159020086.686,12954639732.0,2176
2025-12-16,156582416.13700002,14233970562.0,2195
2025-12-17,134293140.873,12034500166.0,2203
2025-12-18,122395828.87699999,11758062244.0,2176
2025-12-19,170211636.92,13982149548.0,2197
2025-12-22,139758836.439,12163188674.0,2231
2025-12-23,127258520.485,10823037536.0,2232
2025-12-24,72879333.969,6311625961.0,2038
2025-12-29,173094888.69099998,14771337642.0,2292
2025-12-30,153625853.409,13368060551.0,2306
2025-12-31,92562836.434,8558721659.0,2101
2026-01-02,93380544.439,7374362660.0,2262
2026-01-05,213277796.215,16200938893.0,2299
2026-01-06,231773127.146,17900774745.0,2308
2026-01-07,214842837.746,15665822144.0,2240
2026-01-08,193176065.083,15088656383.0,2262
2026-01-09,195668313.54,15896991785.0,2267
2026-01-12,250734492.719,20265459314.0,2342
2026-01-13,246843846.642,22155308878.0,2312
2026-01-14,287124864.73,25289213891.0,2324
2026-01-15,229275740.505,25801448190.0,2324
2026-01-16,207712515.467,18973941053.0,2301
2026-01-19,169327480.839,17761153507.0,2300
2026-01-20,180500056.771,16356411130.0,2278
2026-01-21,183843658.284,16721918561.0,2295
2026-01-22,188090938.37,16110193027.0,2291
2026-01-23,190541265.597,18215054265.0,2316
2026-01-26,200936891.472,18310311008.0,2331
2026-01-27,195831931.183,16804921275.0,2307
2026-01-28,265176470.535,21106437599.0,2357
2026-01-29,257101271.328,29865324069.0,2377
2026-01-30,233347649.673,20526862723.0,2306
2026-02-02,260196944.753,20812828547.0,2275
2026-02-03,240048525.849,16579490642.0,2265
2026-02-04,218085040.112,17891546029.0,2299
2026-02-05,231676540.408,17752536979.0,2239
2026-02-06,185475415.524,14259550419.0,2254
2026-02-09,187678756.232,14813775857.0,2324
2026-02-10,185730272.715,13863420505.0,2283
2026-02-11,176785423.191,15074944429.0,2281
2026-02-12,193391093.686,15224873640.0,2276
2026-02-13,192774354.329,13489338963.0,2241
2026-02-16,59779506.761,4773534235.0,2016
2026-02-20,118515698.70099999,7655034087.0,2234
2026-02-23,122091984.241,9095615780.0,2340
2026-02-24,203012775.507,15801787380.0,2267
2026-02-25,175102962.86099997,15675204426.0,2313
2026-02-26,207894261.317,15403474753.0,2307
2026-02-27,226210986.6,20793728625.0,2327
2026-03-02,267328855.49400002,25430651791.0,2303
2026-03-03,277850433.817,42402702959.0,2309
2026-03-04,264132627.51999998,30244818132.0,2292
2026-03-05,220786941.64999998,22870970231.0,2286
2026-03-06,230986483.858,18691437542.0,2269
2026-03-09,285999367.466,24453294442.0,2268
2026-03-10,232254513.36699998,16866518908.0,2288
2026-03-11,206104335.654,15282714272.0,2234
2026-03-12,185998244.263,18244331216.0,2222
2026-03-13,182283020.419,19189836672.0,2246
2026-03-16,191272457.403,15627591241.0,2256
2026-03-17,193773091.432,15962974757.0,2295
2026-03-18,187905695.219,15072482342.0,2256
2026-03-19,225460239.97800002,16528998121.0,2236
2026-03-20,256625106.287,19875910260.0,2248
2026-03-23,270331824.49300003,22002602503.0,2300
2026-03-24,212028139.657,15838647253.0,2265
2026-03-25,269633595.16899997,17623271184.0,2260
2026-03-26,212298141.209,15171897503.0,2226
2026-03-27,185091991.732,13677122449.0,2245
2026-03-30,216596733.134,16157560867.0,2255
2026-03-31,201866214.25,17008318901.0,2247
2026-04-01,227609342.844,16434737655.0,2269
2026-04-02,181229558.969,15717131144.0,2194
2026-04-08,286564305.47800004,19062092190.0,2323
2026-04-09,182112649.524,12808936928.0,2235
2026-04-10,190495196.418,15355381468.0,2252
2026-04-13,162123866.625,13177250517.0,2221
2026-04-14,178655207.325,14633420021.0,2240
2026-04-15,193566472.892,13862481364.0,2286
2026-04-16,201358192.847,13417290377.0,2280
2026-04-17,181585911.155,13831352877.0,2231
2026-04-20,182778398.547,13147591475.0,2244
2026-04-21,165478637.166,11669037855.0,2247
2026-04-22,183531237.144,12796077113.0,2237
2026-04-23,192354934.414,13338110848.0,2208
2026-04-24,190260497.449,13543385515.0,2208
2026-04-27,191035205.039,12479345898.0,2275
2026-04-28,204297323.08499998,13394581884.0,2287
2026-04-29,201392495.838,14176345198.0,2231
2026-04-30,237928559.43400002,16599873760.0,2239
2026-05-04,124831023.726,8754012351.0,2301
2026-05-05,87238877.057,7074936362.0,2288
2026-05-06,247525891.116,15362902545.0,2317
2026-05-07,256948858.534,15884989255.0,2347
2026-05-08,218633866.077,14405901136.0,2308
2026-05-11,223974289.144,15794007936.0,2350
2026-05-12,200658219.315,13835381376.0,2334
2026-05-13,221402090.297,15200121927.0,2300
2026-05-14,240818096.543,15544851914.0,2332
2026-05-15,226939073.304,19709427483.0,2286
2026-05-18,214249889.644,21913666184.0,2327
2026-05-19,202684283.506,15951338319.0,2279
2026-05-20,201307849.257,16880233785.0,2281
2026-05-21,226332107.01,22029683408.0,2295
2026-05-22,214529419.647,16414367496.0,2336
