stock_code,status,source,public_subscription_multiple,note
03308,ok,xinguyufu_public,16.84,recent public list only
06745,ok,xinguyufu_public,227.58,recent public list only
02249,ok,xinguyufu_public,344.26,recent public list only
02797,ok,xinguyufu_public,1688.1,recent public list only
02475,ok,xinguyufu_public,3.78,recent public list only
00537,ok,xinguyufu_public,356.86,recent public list only
06951,ok,xinguyufu_public,327.49,recent public list only
03752,ok,xinguyufu_public,156.58,recent public list only
01377,ok,xinguyufu_public,354.64,recent public list only
01770,ok,xinguyufu_public,1067.54,recent public list only
08090,ok,xinguyufu_public,3015.69,recent public list only
07687,ok,xinguyufu_public,157.82,recent public list only
07656,ok,xinguyufu_public,3646.06,recent public list only
09971,ok,xinguyufu_public,4812.72,recent public list only
06880,ok,xinguyufu_public,413.63,recent public list only
02667,ok,xinguyufu_public,251.74,recent public list only
00668,ok,xinguyufu_public,27.57,recent public list only
06715,ok,xinguyufu_public,2134.81,recent public list only
02697,ok,xinguyufu_public,1790.4,recent public list only
06915,ok,xinguyufu_public,476.56,recent public list only
03952,ok,xinguyufu_public,4571.99,recent public list only
09637,ok,xinguyufu_public,963.56,recent public list only
02672,ok,xinguyufu_public,242.0,recent public list only
01191,ok,xinguyufu_public,1296.89,recent public list only
06228,ok,xinguyufu_public,4.42,recent public list only
02272,ok,xinguyufu_public,2115.21,recent public list only
09630,ok,xinguyufu_public,1007.22,recent public list only
03661,ok,xinguyufu_public,251.73,recent public list only
00368,ok,chiefgroup,10.73,
00589,empty,chiefgroup,,page has no 认购倍数
00873,ok,chiefgroup,13.86,
00909,ok,chiefgroup,644.25,
01147,ok,chiefgroup,115.63,
01153,ok,chiefgroup,2.79,
01156,ok,chiefgroup,9.44,
01163,ok,chiefgroup,6.18,
01167,ok,chiefgroup,299.59,
01179,ok,chiefgroup,3.39,
01209,ok,chiefgroup,29.78,
01248,empty,chiefgroup,,page has no 认购倍数
01343,ok,chiefgroup,4.79,
01351,ok,chiefgroup,31.32,
01376,ok,chiefgroup,14.17,
01379,ok,chiefgroup,27.68,
01408,ok,chiefgroup,8.99,
01429,ok,chiefgroup,26.76,
01433,ok,chiefgroup,74.68,
01440,ok,chiefgroup,33.62,
01449,ok,chiefgroup,27.94,
01455,ok,chiefgroup,7.7,
01463,ok,chiefgroup,11.15,
01472,ok,chiefgroup,2.47,
01477,ok,chiefgroup,1895.76,
01490,ok,chiefgroup,1274.76,
01502,ok,chiefgroup,146.22,
01516,ok,chiefgroup,10.42,
01597,ok,chiefgroup,77.19,
01643,ok,chiefgroup,30.66,
01645,ok,chiefgroup,168.29,
01650,ok,chiefgroup,19.92,
01795,ok,chiefgroup,18.3,
01855,ok,chiefgroup,36.25,
01859,empty,chiefgroup,,page has no 认购倍数
01936,ok,chiefgroup,5.33,
01940,ok,chiefgroup,10.09,
01941,ok,chiefgroup,1948.62,
01942,ok,chiefgroup,40.04,
01945,ok,chiefgroup,1394.0,
01950,ok,chiefgroup,12.47,
01952,ok,chiefgroup,654.41,
01953,ok,chiefgroup,15.9,
01957,ok,chiefgroup,23.5,
01961,ok,chiefgroup,23.06,
01971,ok,chiefgroup,111.82,
01981,ok,chiefgroup,34.64,
02057,ok,chiefgroup,6.69,
02096,ok,chiefgroup,589.47,
02101,ok,chiefgroup,1258.51,
02107,ok,chiefgroup,66.69,
02110,ok,chiefgroup,36.79,
02115,empty,chiefgroup,,page has no 认购倍数
02117,empty,chiefgroup,,page has no 认购倍数
02125,ok,chiefgroup,403.54,
02126,ok,chiefgroup,449.42,
02127,ok,chiefgroup,53.4,
02129,ok,chiefgroup,443.37,
02130,ok,chiefgroup,34.31,
02131,ok,chiefgroup,114.45,
02132,ok,chiefgroup,59.05,
02135,ok,chiefgroup,386.0,
02142,ok,chiefgroup,78.54,
02146,ok,chiefgroup,6.62,
02148,empty,chiefgroup,,page has no 认购倍数
02153,ok,chiefgroup,10.3,
02158,ok,chiefgroup,1633.84,
02159,ok,chiefgroup,168.75,
02169,ok,chiefgroup,12.0,
02263,ok,chiefgroup,130.35,
02381,ok,chiefgroup,37.3,
02599,empty,chiefgroup,,page has no 认购倍数
03347,ok,chiefgroup,414.39,
03390,ok,chiefgroup,6.79,
03913,ok,chiefgroup,44.46,
06063,ok,chiefgroup,14.15,
06078,ok,chiefgroup,608.56,
06618,ok,chiefgroup,421.91,
06666,ok,chiefgroup,10.71,
06677,ok,chiefgroup,8.91,
06688,empty,chiefgroup,,page has no 认购倍数
06813,empty,chiefgroup,,page has no 认购倍数
06900,empty,chiefgroup,,page has no 认购倍数
06918,ok,chiefgroup,20.4,
06933,ok,chiefgroup,5.59,
06958,ok,chiefgroup,102.0,
06968,ok,chiefgroup,0.28,
06969,ok,chiefgroup,116.0,
06978,ok,chiefgroup,259.58,
06988,ok,chiefgroup,1632.92,
06989,ok,chiefgroup,652.06,
06993,ok,chiefgroup,301.33,
06996,ok,chiefgroup,264.76,
06998,ok,chiefgroup,1247.52,
06999,ok,chiefgroup,0.57,
08489,ok,chiefgroup,35.9,
08496,ok,chiefgroup,16.4,
08616,ok,chiefgroup,34.7,
08620,ok,chiefgroup,196.21,
08623,ok,chiefgroup,29.09,
08657,ok,chiefgroup,13.15,
08659,ok,chiefgroup,11.3,
09600,ok,chiefgroup,446.57,
09608,ok,chiefgroup,25.24,
09616,ok,chiefgroup,300.07,
09618,ok,chiefgroup,178.9,
09633,ok,chiefgroup,1148.3,
09666,empty,chiefgroup,,page has no 认购倍数
09668,ok,chiefgroup,0.59,
09677,ok,chiefgroup,0.61,
09688,ok,chiefgroup,3.43,
09698,ok,chiefgroup,6.42,
09901,ok,chiefgroup,1.55,
09906,ok,chiefgroup,14.99,
09908,ok,chiefgroup,6.73,
09913,ok,chiefgroup,19.15,
09916,ok,chiefgroup,1414.06,
09923,ok,chiefgroup,641.38,
09926,ok,chiefgroup,639.2,
09929,ok,chiefgroup,5.57,
09936,ok,chiefgroup,15.74,
09939,ok,chiefgroup,551.32,
09958,ok,chiefgroup,11.65,
09969,ok,chiefgroup,298.75,
09977,empty,chiefgroup,,page has no 认购倍数
09979,ok,chiefgroup,11.2,
09983,ok,chiefgroup,142.52,
09986,ok,chiefgroup,4.09,
09987,ok,chiefgroup,52.32,
09989,ok,chiefgroup,69.21,
09990,ok,chiefgroup,123.01,
09991,ok,chiefgroup,3.6,
09992,ok,chiefgroup,356.74,
09993,ok,chiefgroup,1.72,
09995,ok,chiefgroup,53.43,
09996,ok,chiefgroup,1184.41,
09997,empty,chiefgroup,,page has no 认购倍数
09999,ok,chiefgroup,360.53,
00013,ok,chiefgroup,5.23,
00020,ok,chiefgroup,5.18,
00606,ok,chiefgroup,1.3,
01024,ok,chiefgroup,1204.16,
01228,ok,chiefgroup,1.97,
01413,ok,chiefgroup,54.29,
01473,ok,chiefgroup,64.15,
01491,empty,chiefgroup,,page has no 认购倍数
01927,ok,chiefgroup,214.36,
01948,ok,chiefgroup,4.56,
01965,ok,chiefgroup,8.01,
02015,ok,chiefgroup,5.5,
02137,ok,chiefgroup,292.0,
02150,ok,chiefgroup,432.03,
02155,ok,chiefgroup,23.71,
02160,ok,chiefgroup,769.0,
02161,ok,chiefgroup,22.47,
02162,ok,chiefgroup,429.97,
02165,ok,chiefgroup,5.23,
02170,ok,chiefgroup,402.8,
02171,ok,chiefgroup,434.57,
02175,ok,chiefgroup,4.12,
02177,ok,chiefgroup,25.45,
02185,ok,chiefgroup,1.52,
02187,ok,chiefgroup,25.24,
02190,ok,chiefgroup,1190.37,
02191,ok,chiefgroup,5.0,
02192,ok,chiefgroup,592.41,
02195,ok,chiefgroup,21.65,
02197,ok,chiefgroup,4.4,
02205,ok,chiefgroup,23.72,
02207,empty,chiefgroup,,page has no 认购倍数
02209,ok,chiefgroup,145.3,
02210,ok,chiefgroup,2.88,
02215,ok,chiefgroup,3.08,
02216,ok,chiefgroup,11.13,
02217,empty,chiefgroup,,page has no 认购倍数
02219,ok,chiefgroup,113.97,
02235,ok,chiefgroup,6.79,
02250,ok,chiefgroup,7.31,
02251,ok,chiefgroup,6.18,
02252,ok,chiefgroup,163.83,
02256,ok,chiefgroup,5.64,
02257,ok,chiefgroup,5.68,
02260,ok,chiefgroup,13.66,
02265,ok,chiefgroup,24.26,
02270,ok,chiefgroup,1.37,
02273,ok,chiefgroup,2.84,
02276,ok,chiefgroup,1.78,
02279,ok,chiefgroup,160.06,
02285,ok,chiefgroup,7.49,
02378,ok,chiefgroup,1.43,
02518,ok,chiefgroup,10.71,
02618,ok,chiefgroup,715.61,
03658,ok,chiefgroup,4.75,
06127,ok,chiefgroup,310.0,
06601,ok,chiefgroup,172.32,
06606,empty,chiefgroup,,page has no 认购倍数
06608,ok,chiefgroup,150.67,
06609,ok,chiefgroup,333.14,
06611,ok,chiefgroup,3.22,
06616,ok,chiefgroup,10.79,
06622,ok,chiefgroup,56.0,
06626,ok,chiefgroup,9.88,
06628,ok,chiefgroup,60.7,
06633,ok,chiefgroup,3.64,
06668,ok,chiefgroup,756.85,
06669,ok,chiefgroup,654.51,
06680,ok,chiefgroup,2.39,
06699,ok,chiefgroup,2079.16,
06821,ok,chiefgroup,1.61,
06909,ok,chiefgroup,43.92,
06913,ok,chiefgroup,6.01,
06939,ok,chiefgroup,22.43,
09626,ok,chiefgroup,174.19,
09699,ok,chiefgroup,2.93,
09858,ok,chiefgroup,3.73,
09868,ok,chiefgroup,14.73,
09869,ok,chiefgroup,30.8,
09888,ok,chiefgroup,112.01,
09889,ok,chiefgroup,0.22,
09898,ok,chiefgroup,2.67,
09899,ok,chiefgroup,8.92,
09956,empty,chiefgroup,,page has no 认购倍数
09959,ok,chiefgroup,98.46,
09960,ok,chiefgroup,543.03,
09961,ok,chiefgroup,17.78,
09982,ok,chiefgroup,4.99,
00314,ok,chiefgroup,8.27,
00816,ok,chiefgroup,1.2,
01204,ok,chiefgroup,10.69,
01244,ok,chiefgroup,5.97,
01406,ok,chiefgroup,6.17,
01407,ok,chiefgroup,7.15,
01489,ok,chiefgroup,7.58,
01880,ok,chiefgroup,1.06,
01947,ok,chiefgroup,41.31,
02121,ok,chiefgroup,13.89,
02145,ok,chiefgroup,0.48,
02147,ok,chiefgroup,18.28,
02152,ok,chiefgroup,0.71,
02157,ok,chiefgroup,5.65,
02167,ok,chiefgroup,1.17,
02172,ok,chiefgroup,45.27,
02179,ok,chiefgroup,10.65,
02237,ok,chiefgroup,26.51,
02245,ok,chiefgroup,1.47,
02246,ok,chiefgroup,4.05,
02291,ok,chiefgroup,2.11,
02297,ok,chiefgroup,6.35,
02306,ok,chiefgroup,28.68,
02315,ok,chiefgroup,5.93,
02321,ok,chiefgroup,19.2,
02325,ok,chiefgroup,1.35,
02347,ok,chiefgroup,8.37,
02350,ok,chiefgroup,151.3,
02352,ok,chiefgroup,4.35,
02361,ok,chiefgroup,2.21,
02367,ok,chiefgroup,2.08,
02370,ok,chiefgroup,1.99,
02372,ok,chiefgroup,11.37,
02373,ok,chiefgroup,22.12,
02376,ok,chiefgroup,7.39,
02385,ok,chiefgroup,1.73,
02390,ok,chiefgroup,1.0,
02391,ok,chiefgroup,9.95,
02392,ok,chiefgroup,42.13,
02402,ok,chiefgroup,0.29,
02407,ok,chiefgroup,1.52,
02411,ok,chiefgroup,12.2,
02418,ok,chiefgroup,0.42,
02420,ok,chiefgroup,1.91,
02422,ok,chiefgroup,14.1,
02425,ok,chiefgroup,2.08,
02427,ok,chiefgroup,14.23,
02436,ok,chiefgroup,6.16,
02440,ok,chiefgroup,96.73,
02450,ok,chiefgroup,12.26,
02455,ok,chiefgroup,8.74,
02457,ok,chiefgroup,51.22,
02458,ok,chiefgroup,3.4,
02459,ok,chiefgroup,9.88,
02469,ok,chiefgroup,33.88,
02602,ok,chiefgroup,0.82,
03611,empty,chiefgroup,,page has no 认购倍数
03660,ok,chiefgroup,2.46,
03931,ok,chiefgroup,0.21,
04801,empty,chiefgroup,,page has no 认购倍数
04841,empty,chiefgroup,,page has no 认购倍数
06610,ok,chiefgroup,1.05,
06639,ok,chiefgroup,1.74,
06660,ok,chiefgroup,3.15,
06661,ok,chiefgroup,8.08,
06667,ok,chiefgroup,9.62,
06678,empty,chiefgroup,,page has no 认购倍数
06686,ok,chiefgroup,3.26,
06689,empty,chiefgroup,,page has no 认购倍数
06696,ok,chiefgroup,2.81,
06698,ok,chiefgroup,5.12,
06922,ok,chiefgroup,1.95,
06929,ok,chiefgroup,2.01,
06955,ok,chiefgroup,2.12,
06963,ok,chiefgroup,0.13,
07801,empty,chiefgroup,,page has no 认购倍数
07841,empty,chiefgroup,,page has no 认购倍数
09638,ok,chiefgroup,1.07,
09696,ok,chiefgroup,9.3,
09857,ok,chiefgroup,0.81,
09863,ok,chiefgroup,0.16,
09877,ok,chiefgroup,1.52,
09878,ok,chiefgroup,1.67,
09886,ok,chiefgroup,7.2,
09896,ok,chiefgroup,1.4,
09955,ok,chiefgroup,7.89,
09985,ok,chiefgroup,15.3,
00666,ok,chiefgroup,1.27,
01111,ok,chiefgroup,12.62,
01274,ok,chiefgroup,6.46,
01284,ok,chiefgroup,44.2,
01405,ok,chiefgroup,0.45,
01497,ok,chiefgroup,83.63,
01519,ok,chiefgroup,1.36,
01541,ok,chiefgroup,9.98,
01973,ok,chiefgroup,0.26,
02105,ok,chiefgroup,5.81,
02149,ok,chiefgroup,1.34,
02268,ok,chiefgroup,49.96,
02271,ok,chiefgroup,1.84,
02405,ok,chiefgroup,13.47,
02409,ok,chiefgroup,1.14,
02415,ok,chiefgroup,9.85,
02416,ok,chiefgroup,0.35,
02419,ok,chiefgroup,1.88,
02429,ok,chiefgroup,11.29,
02433,ok,chiefgroup,10.62,
02439,ok,chiefgroup,6.33,
02442,ok,chiefgroup,17.27,
02451,ok,chiefgroup,7.66,
02453,ok,chiefgroup,1.99,
02473,ok,chiefgroup,14.71,
02477,ok,chiefgroup,28.64,
02480,ok,chiefgroup,3.25,
02481,ok,chiefgroup,1.54,
02482,ok,chiefgroup,23.09,
02483,ok,chiefgroup,18.93,
02486,ok,chiefgroup,2.2,
02487,ok,chiefgroup,1.41,
02489,ok,chiefgroup,8.76,
02490,ok,chiefgroup,4.77,
02496,ok,chiefgroup,13.81,
02498,ok,chiefgroup,0.58,
02499,ok,chiefgroup,7.8,
02501,ok,chiefgroup,2.46,
02502,ok,chiefgroup,42.82,
02503,ok,chiefgroup,58.44,
02511,ok,chiefgroup,32.22,
02516,ok,chiefgroup,14.49,
02517,ok,chiefgroup,4.34,
02520,ok,chiefgroup,0.6,
02521,ok,chiefgroup,33.35,
03650,ok,chiefgroup,3.08,
06682,ok,chiefgroup,11.4,
06683,ok,chiefgroup,12.99,
06911,ok,chiefgroup,13.23,
06959,ok,chiefgroup,11.67,
06979,ok,chiefgroup,1.94,
06990,ok,chiefgroup,1.27,
09636,ok,chiefgroup,2.59,
09663,ok,chiefgroup,1.18,
09669,ok,chiefgroup,16.57,
09676,ok,chiefgroup,1.31,
09686,ok,chiefgroup,0.9,
09690,ok,chiefgroup,2.67,
09860,ok,chiefgroup,1.06,
09880,ok,chiefgroup,5.16,
09885,ok,chiefgroup,5.6,
09890,ok,chiefgroup,104.0,
09930,ok,chiefgroup,0.12,
00300,ok,chiefgroup,5.31,
00325,ok,chiefgroup,5999.96,
00805,ok,chiefgroup,2.52,
00917,ok,chiefgroup,12.05,
00999,ok,chiefgroup,1.44,
01318,ok,chiefgroup,919.18,
01334,ok,chiefgroup,19.24,
01354,ok,chiefgroup,118.87,
01471,ok,chiefgroup,16.07,
02228,ok,chiefgroup,103.35,
02410,ok,chiefgroup,2.29,
02431,ok,chiefgroup,14.04,
02432,ok,chiefgroup,9.25,
02438,ok,chiefgroup,117.39,
02443,ok,chiefgroup,433.34,
02460,ok,chiefgroup,234.49,
02465,ok,chiefgroup,3.99,
02479,ok,chiefgroup,602.87,
02495,ok,chiefgroup,3.51,
02497,ok,chiefgroup,294.13,
02505,ok,chiefgroup,103.44,
02506,ok,chiefgroup,3.66,
02507,ok,chiefgroup,1.56,
02509,ok,chiefgroup,163.15,
02510,ok,chiefgroup,12.09,
02512,ok,chiefgroup,25.79,
02515,ok,chiefgroup,433.06,
02519,ok,chiefgroup,17.74,
02522,ok,chiefgroup,336.33,
02529,ok,chiefgroup,47.59,
02530,ok,chiefgroup,65.17,
02531,ok,chiefgroup,2.49,
02533,ok,chiefgroup,2.52,
02535,ok,chiefgroup,70.48,
02536,ok,chiefgroup,15.96,
02540,ok,chiefgroup,22.35,
02545,ok,chiefgroup,195.99,
02549,ok,chiefgroup,1347.27,
02550,ok,chiefgroup,114.59,
02551,ok,chiefgroup,5677.83,
02555,ok,chiefgroup,0.5,
02556,ok,chiefgroup,5.95,
02559,ok,chiefgroup,112.9,
02560,ok,chiefgroup,25.83,
02563,ok,chiefgroup,21.45,
02566,ok,chiefgroup,675.83,
02567,ok,chiefgroup,19.87,
02570,ok,chiefgroup,1.55,
02571,ok,chiefgroup,2.66,
02576,ok,chiefgroup,156.33,
02577,ok,chiefgroup,2.87,
02582,ok,chiefgroup,21.07,
02585,ok,chiefgroup,20.58,
02586,ok,chiefgroup,1.94,
02587,ok,chiefgroup,34.42,
02593,ok,chiefgroup,6083.63,
02596,ok,chiefgroup,0.21,
02598,ok,chiefgroup,16.94,
02613,ok,chiefgroup,55.33,
02881,ok,chiefgroup,337.57,
02898,ok,chiefgroup,10.08,
06086,ok,chiefgroup,16.63,
06181,ok,chiefgroup,582.15,
06657,ok,chiefgroup,6.58,
06681,ok,chiefgroup,11.39,
06936,ok,chiefgroup,79.07,
08529,ok,chiefgroup,2503.03,
08629,ok,chiefgroup,14.33,
08637,ok,chiefgroup,2480.61,
09639,ok,chiefgroup,120.6,
09660,ok,chiefgroup,33.83,
09680,ok,chiefgroup,0.6,
09879,ok,chiefgroup,9.79,
00100,ok,chiefgroup,1837.17,
00501,ok,chiefgroup,9.28,
00638,ok,chiefgroup,550.99,
00699,ok,chiefgroup,147.67,
00800,ok,chiefgroup,73.44,
01276,ok,chiefgroup,454.85,
01304,ok,chiefgroup,138.26,
01333,ok,chiefgroup,198.72,
01364,ok,chiefgroup,194.87,
01384,ok,chiefgroup,7569.83,
01641,ok,chiefgroup,2309.25,
01828,ok,chiefgroup,37.13,
02026,ok,chiefgroup,15.88,
02050,ok,chiefgroup,747.92,
02076,ok,chiefgroup,12.04,
02097,ok,chiefgroup,5258.21,
02259,ok,chiefgroup,240.74,
02396,ok,chiefgroup,791.95,
02408,ok,chiefgroup,425.97,
02508,ok,chiefgroup,193.0,
02513,ok,chiefgroup,1159.46,
02525,ok,chiefgroup,168.65,
02539,ok,chiefgroup,7324.29,
02543,ok,chiefgroup,7558.4,
02546,ok,chiefgroup,5248.15,
02553,ok,chiefgroup,1421.54,
02561,ok,chiefgroup,72.64,
02565,ok,chiefgroup,743.78,
02569,ok,chiefgroup,167.09,
02573,ok,chiefgroup,149.37,
02575,ok,chiefgroup,4908.33,
02579,ok,chiefgroup,27.9,
02580,ok,chiefgroup,557.2,
02581,ok,chiefgroup,6.28,
02583,ok,chiefgroup,2505.9,
02589,ok,chiefgroup,3616.83,
02590,ok,chiefgroup,133.62,
02591,ok,chiefgroup,5341.66,
02592,ok,chiefgroup,78.78,
02595,ok,chiefgroup,2662.79,
02597,ok,chiefgroup,12.79,
02603,ok,chiefgroup,49.39,
02605,ok,chiefgroup,274.44,
02609,ok,chiefgroup,25.92,
02610,ok,chiefgroup,3.89,
02615,empty,chiefgroup,,page has no 认购倍数
02617,ok,chiefgroup,3419.87,
02619,ok,chiefgroup,852.38,
02621,ok,chiefgroup,990.0,
02625,ok,chiefgroup,46.96,
02627,ok,chiefgroup,4007.64,
02629,ok,chiefgroup,25.51,
02630,ok,chiefgroup,6238.42,
02631,ok,chiefgroup,2809.19,
02635,ok,chiefgroup,188.74,
02637,ok,chiefgroup,3165.1,
02643,ok,chiefgroup,21.14,
02648,ok,chiefgroup,44.2,
02651,ok,chiefgroup,108.25,
02655,ok,chiefgroup,1890.73,
02656,ok,chiefgroup,751.77,
02657,ok,chiefgroup,1235.81,
02658,ok,chiefgroup,60.63,
02659,ok,chiefgroup,3526.34,
02661,ok,chiefgroup,1421.47,
02670,ok,chiefgroup,5657.2,
02671,ok,chiefgroup,146.25,
02675,ok,chiefgroup,1091.94,
02676,ok,chiefgroup,25.33,
02685,ok,chiefgroup,9366.28,
02687,ok,chiefgroup,4813.4,
02691,ok,chiefgroup,1.91,
02693,ok,chiefgroup,6876.17,
02695,ok,chiefgroup,3397.48,
02698,ok,chiefgroup,1813.77,
02718,ok,chiefgroup,4452.86,
02788,ok,chiefgroup,447.2,
02865,ok,chiefgroup,3.5,
03288,ok,chiefgroup,918.15,
03317,ok,chiefgroup,7.24,
03378,ok,chiefgroup,3074.09,
03636,ok,chiefgroup,143.46,
03677,ok,chiefgroup,3.51,
03696,ok,chiefgroup,1427.37,
03750,ok,chiefgroup,151.15,
03858,ok,chiefgroup,2041.62,
03880,ok,chiefgroup,301.15,
03881,ok,chiefgroup,22.55,
03887,ok,chiefgroup,393.71,
03986,ok,chiefgroup,542.22,
06031,ok,chiefgroup,52.93,
06082,ok,chiefgroup,2347.53,
06090,ok,chiefgroup,3317.47,
06166,ok,chiefgroup,338.7,
06168,ok,chiefgroup,711.11,
06600,ok,chiefgroup,254.5,
06603,ok,chiefgroup,2682.35,
06613,ok,chiefgroup,462.76,
06651,ok,chiefgroup,256.01,
06687,ok,chiefgroup,1952.95,
06693,ok,chiefgroup,9.53,
06831,ok,chiefgroup,317.54,
06883,ok,chiefgroup,35.84,
06938,ok,chiefgroup,101.06,
06960,ok,chiefgroup,3876.25,
06980,ok,chiefgroup,2680.04,
07618,ok,chiefgroup,60.52,
08610,ok,chiefgroup,10745.13,
09606,ok,chiefgroup,115.14,
09609,ok,chiefgroup,5426.27,
09678,ok,chiefgroup,91.66,
09881,ok,chiefgroup,275.96,
09887,ok,chiefgroup,3494.78,
09903,ok,chiefgroup,414.24,
09927,ok,chiefgroup,132.68,
09973,ok,chiefgroup,308.18,
