stock_code,public_subscription_multiple,international_placing_multiple,offer_price,list_date_src,source,source_url,name
00013,5.23,,40.1,2021-06-30,chiefgroup,https://www.chiefgroup.com.hk/cn/securities/hk-ipo-detail/dp?symbol=00013,
00020,5.18,,3.85,2021-12-30,chiefgroup,https://www.chiefgroup.com.hk/cn/securities/hk-ipo-detail/dp?symbol=00020,
00100,1837.17,,165.0,2026-01-09,chiefgroup,https://www.chiefgroup.com.hk/cn/securities/hk-ipo-detail/dp?symbol=00100,
00300,5.31,,54.8,2024-09-17,chiefgroup,https://www.chiefgroup.com.hk/cn/securities/hk-ipo-detail/dp?symbol=00300,
00314,8.27,,18.6,2022-12-23,chiefgroup,https://www.chiefgroup.com.hk/cn/securities/hk-ipo-detail/dp?symbol=00314,
00325,5999.96,,60.35,2025-01-10,chiefgroup,https://www.chiefgroup.com.hk/cn/securities/hk-ipo-detail/dp?symbol=00325,
00368,10.73,,0.63,2020-07-17,chiefgroup,https://www.chiefgroup.com.hk/cn/securities/hk-ipo-detail/dp?symbol=00368,
00501,9.28,,104.8,2026-01-12,chiefgroup,https://www.chiefgroup.com.hk/cn/securities/hk-ipo-detail/dp?symbol=00501,
00537,356.86,9.17,45.98,2026-07-09,xinguyufu_public,https://xinguyufu.cn/api/ipo,普源精电
00606,1.3,,3.7,2021-07-02,chiefgroup,https://www.chiefgroup.com.hk/cn/securities/hk-ipo-detail/dp?symbol=00606,
00638,550.99,,21.5,2025-10-22,chiefgroup,https://www.chiefgroup.com.hk/cn/securities/hk-ipo-detail/dp?symbol=00638,
00666,1.27,,18.3,2023-12-18,chiefgroup,https://www.chiefgroup.com.hk/cn/securities/hk-ipo-detail/dp?symbol=00666,
00668,27.57,10.24,99.32,2026-07-02,xinguyufu_public,https://xinguyufu.cn/api/ipo,安克创新
00699,147.67,,22.0,2025-11-06,chiefgroup,https://www.chiefgroup.com.hk/cn/securities/hk-ipo-detail/dp?symbol=00699,
00800,73.44,,27.1,2025-11-06,chiefgroup,https://www.chiefgroup.com.hk/cn/securities/hk-ipo-detail/dp?symbol=00800,
00805,2.52,,1.27,2025-01-13,chiefgroup,https://www.chiefgroup.com.hk/cn/securities/hk-ipo-detail/dp?symbol=00805,
00816,1.2,,8.14,2022-03-10,chiefgroup,https://www.chiefgroup.com.hk/cn/securities/hk-ipo-detail/dp?symbol=00816,
00873,13.86,,16.6,2020-10-30,chiefgroup,https://www.chiefgroup.com.hk/cn/securities/hk-ipo-detail/dp?symbol=00873,
00909,644.25,,16.5,2020-09-25,chiefgroup,https://www.chiefgroup.com.hk/cn/securities/hk-ipo-detail/dp?symbol=00909,
00917,12.05,,25.0,2024-05-27,chiefgroup,https://www.chiefgroup.com.hk/cn/securities/hk-ipo-detail/dp?symbol=00917,
00999,1.44,,8.5,2024-12-20,chiefgroup,https://www.chiefgroup.com.hk/cn/securities/hk-ipo-detail/dp?symbol=00999,
01024,1204.16,,115.0,2021-02-05,chiefgroup,https://www.chiefgroup.com.hk/cn/securities/hk-ipo-detail/dp?symbol=01024,
01111,12.62,,1.04,2023-11-10,chiefgroup,https://www.chiefgroup.com.hk/cn/securities/hk-ipo-detail/dp?symbol=01111,
01147,115.63,,0.25,2020-05-13,chiefgroup,https://www.chiefgroup.com.hk/cn/securities/hk-ipo-detail/dp?symbol=01147,
01153,2.79,,3.86,2020-12-09,chiefgroup,https://www.chiefgroup.com.hk/cn/securities/hk-ipo-detail/dp?symbol=01153,
01156,9.44,,0.98,2020-07-15,chiefgroup,https://www.chiefgroup.com.hk/cn/securities/hk-ipo-detail/dp?symbol=01156,
01163,6.18,,0.86,2020-07-10,chiefgroup,https://www.chiefgroup.com.hk/cn/securities/hk-ipo-detail/dp?symbol=01163,
01167,299.59,,14.0,2020-12-21,chiefgroup,https://www.chiefgroup.com.hk/cn/securities/hk-ipo-detail/dp?symbol=01167,
01179,3.39,,297.0,2020-09-22,chiefgroup,https://www.chiefgroup.com.hk/cn/securities/hk-ipo-detail/dp?symbol=01179,
01191,1296.89,15.51,114.0,2026-06-29,xinguyufu_public,https://xinguyufu.cn/api/ipo,海光芯正
01204,10.69,,1.08,2022-07-15,chiefgroup,https://www.chiefgroup.com.hk/cn/securities/hk-ipo-detail/dp?symbol=01204,
01209,29.78,,22.3,2020-12-09,chiefgroup,https://www.chiefgroup.com.hk/cn/securities/hk-ipo-detail/dp?symbol=01209,
01228,1.97,,12.18,2021-12-10,chiefgroup,https://www.chiefgroup.com.hk/cn/securities/hk-ipo-detail/dp?symbol=01228,
01244,5.97,,24.98,2022-12-15,chiefgroup,https://www.chiefgroup.com.hk/cn/securities/hk-ipo-detail/dp?symbol=01244,
01274,6.46,,29.65,2023-12-20,chiefgroup,https://www.chiefgroup.com.hk/cn/securities/hk-ipo-detail/dp?symbol=01274,
01276,454.85,,44.05,2025-05-23,chiefgroup,https://www.chiefgroup.com.hk/cn/securities/hk-ipo-detail/dp?symbol=01276,
01284,44.2,,0.92,2023-07-17,chiefgroup,https://www.chiefgroup.com.hk/cn/securities/hk-ipo-detail/dp?symbol=01284,
01304,138.26,,120.5,2025-07-09,chiefgroup,https://www.chiefgroup.com.hk/cn/securities/hk-ipo-detail/dp?symbol=01304,
01318,919.18,,29.8,2024-12-10,chiefgroup,https://www.chiefgroup.com.hk/cn/securities/hk-ipo-detail/dp?symbol=01318,
01333,198.72,,18.0,2025-05-07,chiefgroup,https://www.chiefgroup.com.hk/cn/securities/hk-ipo-detail/dp?symbol=01333,
01334,19.24,,1.05,2024-07-10,chiefgroup,https://www.chiefgroup.com.hk/cn/securities/hk-ipo-detail/dp?symbol=01334,
01343,4.79,,0.48,2020-03-12,chiefgroup,https://www.chiefgroup.com.hk/cn/securities/hk-ipo-detail/dp?symbol=01343,
01351,31.32,,1.1,2020-11-11,chiefgroup,https://www.chiefgroup.com.hk/cn/securities/hk-ipo-detail/dp?symbol=01351,
01354,118.87,,7.5,2024-07-03,chiefgroup,https://www.chiefgroup.com.hk/cn/securities/hk-ipo-detail/dp?symbol=01354,
01364,194.87,,9.94,2025-02-12,chiefgroup,https://www.chiefgroup.com.hk/cn/securities/hk-ipo-detail/dp?symbol=01364,
01376,14.17,,0.5,2020-05-07,chiefgroup,https://www.chiefgroup.com.hk/cn/securities/hk-ipo-detail/dp?symbol=01376,
01377,354.64,24.5,380.0,2026-07-09,xinguyufu_public,https://xinguyufu.cn/api/ipo,鼎泰高科
01379,27.68,,6.25,2020-12-30,chiefgroup,https://www.chiefgroup.com.hk/cn/securities/hk-ipo-detail/dp?symbol=01379,
01384,7569.83,,26.66,2025-10-28,chiefgroup,https://www.chiefgroup.com.hk/cn/securities/hk-ipo-detail/dp?symbol=01384,
01405,0.45,,46.0,2023-03-28,chiefgroup,https://www.chiefgroup.com.hk/cn/securities/hk-ipo-detail/dp?symbol=01405,
01406,6.17,,1.6,2022-02-18,chiefgroup,https://www.chiefgroup.com.hk/cn/securities/hk-ipo-detail/dp?symbol=01406,
01407,7.15,,1.42,2022-11-16,chiefgroup,https://www.chiefgroup.com.hk/cn/securities/hk-ipo-detail/dp?symbol=01407,
01408,8.99,,1.0,2020-09-11,chiefgroup,https://www.chiefgroup.com.hk/cn/securities/hk-ipo-detail/dp?symbol=01408,
01413,54.29,,0.54,2021-03-11,chiefgroup,https://www.chiefgroup.com.hk/cn/securities/hk-ipo-detail/dp?symbol=01413,
01429,26.76,,0.35,2020-09-29,chiefgroup,https://www.chiefgroup.com.hk/cn/securities/hk-ipo-detail/dp?symbol=01429,
01433,74.68,,0.25,2020-03-12,chiefgroup,https://www.chiefgroup.com.hk/cn/securities/hk-ipo-detail/dp?symbol=01433,
01440,33.62,,0.4,2021-01-13,chiefgroup,https://www.chiefgroup.com.hk/cn/securities/hk-ipo-detail/dp?symbol=01440,
01449,27.94,,2.1,2020-08-06,chiefgroup,https://www.chiefgroup.com.hk/cn/securities/hk-ipo-detail/dp?symbol=01449,
01455,7.7,,0.4,2020-09-15,chiefgroup,https://www.chiefgroup.com.hk/cn/securities/hk-ipo-detail/dp?symbol=01455,
01463,11.15,,0.63,2020-03-27,chiefgroup,https://www.chiefgroup.com.hk/cn/securities/hk-ipo-detail/dp?symbol=01463,
01471,16.07,,7.0,2024-08-06,chiefgroup,https://www.chiefgroup.com.hk/cn/securities/hk-ipo-detail/dp?symbol=01471,
01472,2.47,,0.5,2020-03-17,chiefgroup,https://www.chiefgroup.com.hk/cn/securities/hk-ipo-detail/dp?symbol=01472,
01473,64.15,,0.56,2021-02-19,chiefgroup,https://www.chiefgroup.com.hk/cn/securities/hk-ipo-detail/dp?symbol=01473,
01477,1895.76,,14.66,2020-07-10,chiefgroup,https://www.chiefgroup.com.hk/cn/securities/hk-ipo-detail/dp?symbol=01477,
01489,7.58,,0.5,2022-10-10,chiefgroup,https://www.chiefgroup.com.hk/cn/securities/hk-ipo-detail/dp?symbol=01489,
01490,1274.76,,1.23,2021-01-15,chiefgroup,https://www.chiefgroup.com.hk/cn/securities/hk-ipo-detail/dp?symbol=01490,
01497,83.63,,9.7,2023-12-12,chiefgroup,https://www.chiefgroup.com.hk/cn/securities/hk-ipo-detail/dp?symbol=01497,
01502,146.22,,7.36,2020-07-06,chiefgroup,https://www.chiefgroup.com.hk/cn/securities/hk-ipo-detail/dp?symbol=01502,
01516,10.42,,11.6,2020-11-19,chiefgroup,https://www.chiefgroup.com.hk/cn/securities/hk-ipo-detail/dp?symbol=01516,
01519,1.36,,12.0,2023-10-27,chiefgroup,https://www.chiefgroup.com.hk/cn/securities/hk-ipo-detail/dp?symbol=01519,
01541,9.98,,18.6,2023-09-05,chiefgroup,https://www.chiefgroup.com.hk/cn/securities/hk-ipo-detail/dp?symbol=01541,
01597,77.19,,2.0,2020-10-20,chiefgroup,https://www.chiefgroup.com.hk/cn/securities/hk-ipo-detail/dp?symbol=01597,
01641,2309.25,,12.26,2026-01-13,chiefgroup,https://www.chiefgroup.com.hk/cn/securities/hk-ipo-detail/dp?symbol=01641,
01643,30.66,,1.18,2021-01-15,chiefgroup,https://www.chiefgroup.com.hk/cn/securities/hk-ipo-detail/dp?symbol=01643,
01645,168.29,,1.38,2020-06-03,chiefgroup,https://www.chiefgroup.com.hk/cn/securities/hk-ipo-detail/dp?symbol=01645,
01650,19.92,,0.25,2020-07-03,chiefgroup,https://www.chiefgroup.com.hk/cn/securities/hk-ipo-detail/dp?symbol=01650,
01770,1067.54,3.69,101.11,2026-07-09,xinguyufu_public,https://xinguyufu.cn/api/ipo,东方科脉
01795,18.3,,0.84,2020-11-18,chiefgroup,https://www.chiefgroup.com.hk/cn/securities/hk-ipo-detail/dp?symbol=01795,
01828,37.13,,38.0,2025-07-07,chiefgroup,https://www.chiefgroup.com.hk/cn/securities/hk-ipo-detail/dp?symbol=01828,
01855,36.25,,2.0,2021-01-06,chiefgroup,https://www.chiefgroup.com.hk/cn/securities/hk-ipo-detail/dp?symbol=01855,
01880,1.06,,158.0,2022-08-25,chiefgroup,https://www.chiefgroup.com.hk/cn/securities/hk-ipo-detail/dp?symbol=01880,
01927,214.36,,0.75,2021-03-16,chiefgroup,https://www.chiefgroup.com.hk/cn/securities/hk-ipo-detail/dp?symbol=01927,
01936,5.33,,1.0,2020-05-13,chiefgroup,https://www.chiefgroup.com.hk/cn/securities/hk-ipo-detail/dp?symbol=01936,
01940,10.09,,1.37,2020-12-29,chiefgroup,https://www.chiefgroup.com.hk/cn/securities/hk-ipo-detail/dp?symbol=01940,
01941,1948.62,,1.56,2020-03-13,chiefgroup,https://www.chiefgroup.com.hk/cn/securities/hk-ipo-detail/dp?symbol=01941,
01942,40.04,,1.0,2020-04-15,chiefgroup,https://www.chiefgroup.com.hk/cn/securities/hk-ipo-detail/dp?symbol=01942,
01945,1394.0,,11.0,2020-12-30,chiefgroup,https://www.chiefgroup.com.hk/cn/securities/hk-ipo-detail/dp?symbol=01945,
01947,41.31,,0.84,2022-12-14,chiefgroup,https://www.chiefgroup.com.hk/cn/securities/hk-ipo-detail/dp?symbol=01947,
01948,4.56,,6.7,2021-11-08,chiefgroup,https://www.chiefgroup.com.hk/cn/securities/hk-ipo-detail/dp?symbol=01948,
01950,12.47,,0.52,2020-03-12,chiefgroup,https://www.chiefgroup.com.hk/cn/securities/hk-ipo-detail/dp?symbol=01950,
01952,654.41,,55.0,2020-10-09,chiefgroup,https://www.chiefgroup.com.hk/cn/securities/hk-ipo-detail/dp?symbol=01952,
01953,15.9,,0.4,2020-04-28,chiefgroup,https://www.chiefgroup.com.hk/cn/securities/hk-ipo-detail/dp?symbol=01953,
01957,23.5,,0.8,2020-07-08,chiefgroup,https://www.chiefgroup.com.hk/cn/securities/hk-ipo-detail/dp?symbol=01957,
01961,23.06,,1.35,2020-03-17,chiefgroup,https://www.chiefgroup.com.hk/cn/securities/hk-ipo-detail/dp?symbol=01961,
01965,8.01,,3.18,2021-07-08,chiefgroup,https://www.chiefgroup.com.hk/cn/securities/hk-ipo-detail/dp?symbol=01965,
01971,111.82,,4.15,2020-07-07,chiefgroup,https://www.chiefgroup.com.hk/cn/securities/hk-ipo-detail/dp?symbol=01971,
01973,0.26,,6.5,2023-10-06,chiefgroup,https://www.chiefgroup.com.hk/cn/securities/hk-ipo-detail/dp?symbol=01973,
01981,34.64,,3.1,2020-07-15,chiefgroup,https://www.chiefgroup.com.hk/cn/securities/hk-ipo-detail/dp?symbol=01981,
02015,5.5,,118.0,2021-08-12,chiefgroup,https://www.chiefgroup.com.hk/cn/securities/hk-ipo-detail/dp?symbol=02015,
02026,15.88,,139.0,2025-11-06,chiefgroup,https://www.chiefgroup.com.hk/cn/securities/hk-ipo-detail/dp?symbol=02026,
02050,747.92,,22.53,2025-06-23,chiefgroup,https://www.chiefgroup.com.hk/cn/securities/hk-ipo-detail/dp?symbol=02050,
02057,6.69,,218.0,2020-09-29,chiefgroup,https://www.chiefgroup.com.hk/cn/securities/hk-ipo-detail/dp?symbol=02057,
02076,12.04,,66.0,2025-07-04,chiefgroup,https://www.chiefgroup.com.hk/cn/securities/hk-ipo-detail/dp?symbol=02076,
02096,589.47,,13.7,2020-10-27,chiefgroup,https://www.chiefgroup.com.hk/cn/securities/hk-ipo-detail/dp?symbol=02096,
02097,5258.21,,202.5,2025-03-03,chiefgroup,https://www.chiefgroup.com.hk/cn/securities/hk-ipo-detail/dp?symbol=02097,
02101,1258.51,,8.9,2020-09-18,chiefgroup,https://www.chiefgroup.com.hk/cn/securities/hk-ipo-detail/dp?symbol=02101,
02105,5.81,,12.41,2023-06-29,chiefgroup,https://www.chiefgroup.com.hk/cn/securities/hk-ipo-detail/dp?symbol=02105,
02107,66.69,,2.4,2020-10-22,chiefgroup,https://www.chiefgroup.com.hk/cn/securities/hk-ipo-detail/dp?symbol=02107,
02110,36.79,,0.225,2020-12-07,chiefgroup,https://www.chiefgroup.com.hk/cn/securities/hk-ipo-detail/dp?symbol=02110,
02121,13.89,,26.3,2022-01-27,chiefgroup,https://www.chiefgroup.com.hk/cn/securities/hk-ipo-detail/dp?symbol=02121,
02125,403.54,,5.88,2021-01-15,chiefgroup,https://www.chiefgroup.com.hk/cn/securities/hk-ipo-detail/dp?symbol=02125,
02126,449.42,,23.8,2020-11-03,chiefgroup,https://www.chiefgroup.com.hk/cn/securities/hk-ipo-detail/dp?symbol=02126,
02127,53.4,,1.77,2020-12-29,chiefgroup,https://www.chiefgroup.com.hk/cn/securities/hk-ipo-detail/dp?symbol=02127,
02129,443.37,,0.4,2021-01-13,chiefgroup,https://www.chiefgroup.com.hk/cn/securities/hk-ipo-detail/dp?symbol=02129,
02130,34.31,,2.66,2020-10-15,chiefgroup,https://www.chiefgroup.com.hk/cn/securities/hk-ipo-detail/dp?symbol=02130,
02131,114.45,,6.98,2020-12-17,chiefgroup,https://www.chiefgroup.com.hk/cn/securities/hk-ipo-detail/dp?symbol=02131,
02132,59.05,,0.325,2020-10-20,chiefgroup,https://www.chiefgroup.com.hk/cn/securities/hk-ipo-detail/dp?symbol=02132,
02135,386.0,,0.4,2020-12-28,chiefgroup,https://www.chiefgroup.com.hk/cn/securities/hk-ipo-detail/dp?symbol=02135,
02137,292.0,,22.25,2021-07-13,chiefgroup,https://www.chiefgroup.com.hk/cn/securities/hk-ipo-detail/dp?symbol=02137,
02142,78.54,,12.38,2020-12-10,chiefgroup,https://www.chiefgroup.com.hk/cn/securities/hk-ipo-detail/dp?symbol=02142,
02145,0.48,,25.2,2022-12-22,chiefgroup,https://www.chiefgroup.com.hk/cn/securities/hk-ipo-detail/dp?symbol=02145,
02146,6.62,,13.46,2021-01-15,chiefgroup,https://www.chiefgroup.com.hk/cn/securities/hk-ipo-detail/dp?symbol=02146,
02147,18.28,,0.68,2023-01-13,chiefgroup,https://www.chiefgroup.com.hk/cn/securities/hk-ipo-detail/dp?symbol=02147,
02149,1.34,,27.47,2023-12-28,chiefgroup,https://www.chiefgroup.com.hk/cn/securities/hk-ipo-detail/dp?symbol=02149,
02150,432.03,,19.8,2021-06-30,chiefgroup,https://www.chiefgroup.com.hk/cn/securities/hk-ipo-detail/dp?symbol=02150,
02152,0.71,,8.6,2022-08-24,chiefgroup,https://www.chiefgroup.com.hk/cn/securities/hk-ipo-detail/dp?symbol=02152,
02153,10.3,,1.73,2021-01-13,chiefgroup,https://www.chiefgroup.com.hk/cn/securities/hk-ipo-detail/dp?symbol=02153,
02155,23.71,,2.48,2021-06-28,chiefgroup,https://www.chiefgroup.com.hk/cn/securities/hk-ipo-detail/dp?symbol=02155,
02157,5.65,,7.13,2022-02-23,chiefgroup,https://www.chiefgroup.com.hk/cn/securities/hk-ipo-detail/dp?symbol=02157,
02158,1633.84,,26.3,2021-01-15,chiefgroup,https://www.chiefgroup.com.hk/cn/securities/hk-ipo-detail/dp?symbol=02158,
02159,168.75,,3.0,2021-01-19,chiefgroup,https://www.chiefgroup.com.hk/cn/securities/hk-ipo-detail/dp?symbol=02159,
02160,769.0,,12.2,2021-02-04,chiefgroup,https://www.chiefgroup.com.hk/cn/securities/hk-ipo-detail/dp?symbol=02160,
02161,22.47,,1.2,2021-02-05,chiefgroup,https://www.chiefgroup.com.hk/cn/securities/hk-ipo-detail/dp?symbol=02161,
02162,429.97,,53.3,2021-07-08,chiefgroup,https://www.chiefgroup.com.hk/cn/securities/hk-ipo-detail/dp?symbol=02162,
02165,5.23,,4.19,2021-07-12,chiefgroup,https://www.chiefgroup.com.hk/cn/securities/hk-ipo-detail/dp?symbol=02165,
02167,1.17,,12.85,2022-06-30,chiefgroup,https://www.chiefgroup.com.hk/cn/securities/hk-ipo-detail/dp?symbol=02167,
02169,12.0,,0.95,2020-10-23,chiefgroup,https://www.chiefgroup.com.hk/cn/securities/hk-ipo-detail/dp?symbol=02169,
02170,402.8,,27.36,2021-02-08,chiefgroup,https://www.chiefgroup.com.hk/cn/securities/hk-ipo-detail/dp?symbol=02170,
02171,434.57,,32.8,2021-06-18,chiefgroup,https://www.chiefgroup.com.hk/cn/securities/hk-ipo-detail/dp?symbol=02171,
02172,45.27,,24.64,2022-07-15,chiefgroup,https://www.chiefgroup.com.hk/cn/securities/hk-ipo-detail/dp?symbol=02172,
02175,4.12,,3.69,2021-07-16,chiefgroup,https://www.chiefgroup.com.hk/cn/securities/hk-ipo-detail/dp?symbol=02175,
02177,25.45,,11.86,2021-07-12,chiefgroup,https://www.chiefgroup.com.hk/cn/securities/hk-ipo-detail/dp?symbol=02177,
02179,10.65,,24.8,2022-03-31,chiefgroup,https://www.chiefgroup.com.hk/cn/securities/hk-ipo-detail/dp?symbol=02179,
02185,1.52,,21.25,2021-12-23,chiefgroup,https://www.chiefgroup.com.hk/cn/securities/hk-ipo-detail/dp?symbol=02185,
02187,25.24,,1.5,2021-03-26,chiefgroup,https://www.chiefgroup.com.hk/cn/securities/hk-ipo-detail/dp?symbol=02187,
02190,1190.37,,42.7,2021-07-05,chiefgroup,https://www.chiefgroup.com.hk/cn/securities/hk-ipo-detail/dp?symbol=02190,
02191,5.0,,4.98,2021-05-17,chiefgroup,https://www.chiefgroup.com.hk/cn/securities/hk-ipo-detail/dp?symbol=02191,
02192,592.41,,27.2,2021-07-15,chiefgroup,https://www.chiefgroup.com.hk/cn/securities/hk-ipo-detail/dp?symbol=02192,
02195,21.65,,0.56,2021-03-31,chiefgroup,https://www.chiefgroup.com.hk/cn/securities/hk-ipo-detail/dp?symbol=02195,
02197,4.4,,13.38,2021-11-05,chiefgroup,https://www.chiefgroup.com.hk/cn/securities/hk-ipo-detail/dp?symbol=02197,
02205,23.72,,3.68,2021-07-16,chiefgroup,https://www.chiefgroup.com.hk/cn/securities/hk-ipo-detail/dp?symbol=02205,
02209,145.3,,3.28,2021-07-09,chiefgroup,https://www.chiefgroup.com.hk/cn/securities/hk-ipo-detail/dp?symbol=02209,
02210,2.88,,8.28,2021-11-10,chiefgroup,https://www.chiefgroup.com.hk/cn/securities/hk-ipo-detail/dp?symbol=02210,
02215,3.08,,3.06,2021-07-15,chiefgroup,https://www.chiefgroup.com.hk/cn/securities/hk-ipo-detail/dp?symbol=02215,
02216,11.13,,18.7,2021-09-24,chiefgroup,https://www.chiefgroup.com.hk/cn/securities/hk-ipo-detail/dp?symbol=02216,
02219,113.97,,10.6,2021-07-07,chiefgroup,https://www.chiefgroup.com.hk/cn/securities/hk-ipo-detail/dp?symbol=02219,
02228,103.35,,5.28,2024-06-13,chiefgroup,https://www.chiefgroup.com.hk/cn/securities/hk-ipo-detail/dp?symbol=02228,
02235,6.79,,30.5,2021-10-19,chiefgroup,https://www.chiefgroup.com.hk/cn/securities/hk-ipo-detail/dp?symbol=02235,
02237,26.51,,0.325,2022-07-18,chiefgroup,https://www.chiefgroup.com.hk/cn/securities/hk-ipo-detail/dp?symbol=02237,
02245,1.47,,15.8,2022-12-01,chiefgroup,https://www.chiefgroup.com.hk/cn/securities/hk-ipo-detail/dp?symbol=02245,
02246,4.05,,21.5,2022-06-24,chiefgroup,https://www.chiefgroup.com.hk/cn/securities/hk-ipo-detail/dp?symbol=02246,
02249,344.26,14.62,32.3,2026-07-10,xinguyufu_public,https://xinguyufu.cn/api/ipo,晶合集成
02250,7.31,,2.05,2022-01-17,chiefgroup,https://www.chiefgroup.com.hk/cn/securities/hk-ipo-detail/dp?symbol=02250,
02251,6.18,,75.1,2021-11-05,chiefgroup,https://www.chiefgroup.com.hk/cn/securities/hk-ipo-detail/dp?symbol=02251,
02252,163.83,,43.2,2021-11-02,chiefgroup,https://www.chiefgroup.com.hk/cn/securities/hk-ipo-detail/dp?symbol=02252,
02256,5.64,,12.46,2021-10-13,chiefgroup,https://www.chiefgroup.com.hk/cn/securities/hk-ipo-detail/dp?symbol=02256,
02257,5.68,,65.9,2021-12-30,chiefgroup,https://www.chiefgroup.com.hk/cn/securities/hk-ipo-detail/dp?symbol=02257,
02259,240.74,,71.59,2025-09-30,chiefgroup,https://www.chiefgroup.com.hk/cn/securities/hk-ipo-detail/dp?symbol=02259,
02260,13.66,,1.22,2022-01-11,chiefgroup,https://www.chiefgroup.com.hk/cn/securities/hk-ipo-detail/dp?symbol=02260,
02263,130.35,,0.5,2020-02-19,chiefgroup,https://www.chiefgroup.com.hk/cn/securities/hk-ipo-detail/dp?symbol=02263,
02265,24.26,,1.02,2021-11-12,chiefgroup,https://www.chiefgroup.com.hk/cn/securities/hk-ipo-detail/dp?symbol=02265,
02268,49.96,,20.6,2023-11-17,chiefgroup,https://www.chiefgroup.com.hk/cn/securities/hk-ipo-detail/dp?symbol=02268,
02270,1.37,,1.11,2021-12-17,chiefgroup,https://www.chiefgroup.com.hk/cn/securities/hk-ipo-detail/dp?symbol=02270,
02271,1.84,,1.18,2023-07-18,chiefgroup,https://www.chiefgroup.com.hk/cn/securities/hk-ipo-detail/dp?symbol=02271,
02272,2115.21,5.56,39.55,2026-06-26,xinguyufu_public,https://xinguyufu.cn/api/ipo,科拓股份
02273,2.84,,29.0,2021-12-10,chiefgroup,https://www.chiefgroup.com.hk/cn/securities/hk-ipo-detail/dp?symbol=02273,
02276,1.78,,4.46,2021-12-16,chiefgroup,https://www.chiefgroup.com.hk/cn/securities/hk-ipo-detail/dp?symbol=02276,
02279,160.06,,15.8,2021-12-13,chiefgroup,https://www.chiefgroup.com.hk/cn/securities/hk-ipo-detail/dp?symbol=02279,
02285,7.49,,43.6,2021-12-30,chiefgroup,https://www.chiefgroup.com.hk/cn/securities/hk-ipo-detail/dp?symbol=02285,
02291,2.11,,29.15,2022-11-08,chiefgroup,https://www.chiefgroup.com.hk/cn/securities/hk-ipo-detail/dp?symbol=02291,
02297,6.35,,6.24,2022-07-08,chiefgroup,https://www.chiefgroup.com.hk/cn/securities/hk-ipo-detail/dp?symbol=02297,
02306,28.68,,4.08,2023-01-19,chiefgroup,https://www.chiefgroup.com.hk/cn/securities/hk-ipo-detail/dp?symbol=02306,
02315,5.93,,25.22,2022-09-01,chiefgroup,https://www.chiefgroup.com.hk/cn/securities/hk-ipo-detail/dp?symbol=02315,
02321,19.2,,0.56,2022-08-19,chiefgroup,https://www.chiefgroup.com.hk/cn/securities/hk-ipo-detail/dp?symbol=02321,
02325,1.35,,7.89,2022-05-18,chiefgroup,https://www.chiefgroup.com.hk/cn/securities/hk-ipo-detail/dp?symbol=02325,
02347,8.37,,2.1,2022-06-10,chiefgroup,https://www.chiefgroup.com.hk/cn/securities/hk-ipo-detail/dp?symbol=02347,
02350,151.3,,0.85,2022-09-26,chiefgroup,https://www.chiefgroup.com.hk/cn/securities/hk-ipo-detail/dp?symbol=02350,
02352,4.35,,11.9,2022-04-29,chiefgroup,https://www.chiefgroup.com.hk/cn/securities/hk-ipo-detail/dp?symbol=02352,
02361,2.21,,5.36,2022-07-12,chiefgroup,https://www.chiefgroup.com.hk/cn/securities/hk-ipo-detail/dp?symbol=02361,
02367,2.08,,24.3,2022-11-04,chiefgroup,https://www.chiefgroup.com.hk/cn/securities/hk-ipo-detail/dp?symbol=02367,
02370,1.99,,4.1,2022-03-31,chiefgroup,https://www.chiefgroup.com.hk/cn/securities/hk-ipo-detail/dp?symbol=02370,
02372,11.37,,0.63,2022-06-30,chiefgroup,https://www.chiefgroup.com.hk/cn/securities/hk-ipo-detail/dp?symbol=02372,
02373,22.12,,19.32,2023-01-16,chiefgroup,https://www.chiefgroup.com.hk/cn/securities/hk-ipo-detail/dp?symbol=02373,
02376,7.39,,5.92,2022-07-08,chiefgroup,https://www.chiefgroup.com.hk/cn/securities/hk-ipo-detail/dp?symbol=02376,
02378,1.43,,143.8,2021-10-04,chiefgroup,https://www.chiefgroup.com.hk/cn/securities/hk-ipo-detail/dp?symbol=02378,
02381,37.3,,0.25,2020-06-02,chiefgroup,https://www.chiefgroup.com.hk/cn/securities/hk-ipo-detail/dp?symbol=02381,
02385,1.73,,7.6,2022-07-12,chiefgroup,https://www.chiefgroup.com.hk/cn/securities/hk-ipo-detail/dp?symbol=02385,
02390,1.0,,32.06,2022-04-22,chiefgroup,https://www.chiefgroup.com.hk/cn/securities/hk-ipo-detail/dp?symbol=02390,
02391,9.95,,19.3,2022-07-05,chiefgroup,https://www.chiefgroup.com.hk/cn/securities/hk-ipo-detail/dp?symbol=02391,
02392,42.13,,6.24,2022-07-08,chiefgroup,https://www.chiefgroup.com.hk/cn/securities/hk-ipo-detail/dp?symbol=02392,
02396,791.95,,38.2,2025-12-22,chiefgroup,https://www.chiefgroup.com.hk/cn/securities/hk-ipo-detail/dp?symbol=02396,
02402,0.29,,60.0,2023-01-12,chiefgroup,https://www.chiefgroup.com.hk/cn/securities/hk-ipo-detail/dp?symbol=02402,
02405,13.47,,0.7,2023-03-31,chiefgroup,https://www.chiefgroup.com.hk/cn/securities/hk-ipo-detail/dp?symbol=02405,
02407,1.52,,51.4,2022-12-12,chiefgroup,https://www.chiefgroup.com.hk/cn/securities/hk-ipo-detail/dp?symbol=02407,
02408,425.97,,7.04,2025-12-05,chiefgroup,https://www.chiefgroup.com.hk/cn/securities/hk-ipo-detail/dp?symbol=02408,
02409,1.14,,3.27,2023-03-29,chiefgroup,https://www.chiefgroup.com.hk/cn/securities/hk-ipo-detail/dp?symbol=02409,
02410,2.29,,12.1,2024-08-20,chiefgroup,https://www.chiefgroup.com.hk/cn/securities/hk-ipo-detail/dp?symbol=02410,
02411,12.2,,5.6,2023-01-16,chiefgroup,https://www.chiefgroup.com.hk/cn/securities/hk-ipo-detail/dp?symbol=02411,
02415,9.85,,9.1,2023-04-27,chiefgroup,https://www.chiefgroup.com.hk/cn/securities/hk-ipo-detail/dp?symbol=02415,
02416,0.35,,10.19,2023-05-25,chiefgroup,https://www.chiefgroup.com.hk/cn/securities/hk-ipo-detail/dp?symbol=02416,
02418,0.42,,1.8,2022-07-15,chiefgroup,https://www.chiefgroup.com.hk/cn/securities/hk-ipo-detail/dp?symbol=02418,
02419,1.88,,36.95,2023-12-06,chiefgroup,https://www.chiefgroup.com.hk/cn/securities/hk-ipo-detail/dp?symbol=02419,
02420,1.91,,7.86,2022-11-11,chiefgroup,https://www.chiefgroup.com.hk/cn/securities/hk-ipo-detail/dp?symbol=02420,
02422,14.1,,0.64,2022-10-17,chiefgroup,https://www.chiefgroup.com.hk/cn/securities/hk-ipo-detail/dp?symbol=02422,
02425,2.08,,6.4,2022-12-30,chiefgroup,https://www.chiefgroup.com.hk/cn/securities/hk-ipo-detail/dp?symbol=02425,
02427,14.23,,0.53,2022-12-29,chiefgroup,https://www.chiefgroup.com.hk/cn/securities/hk-ipo-detail/dp?symbol=02427,
02429,11.29,,10.35,2023-11-03,chiefgroup,https://www.chiefgroup.com.hk/cn/securities/hk-ipo-detail/dp?symbol=02429,
02431,14.04,,17.0,2024-12-27,chiefgroup,https://www.chiefgroup.com.hk/cn/securities/hk-ipo-detail/dp?symbol=02431,
02432,9.25,,18.8,2024-12-23,chiefgroup,https://www.chiefgroup.com.hk/cn/securities/hk-ipo-detail/dp?symbol=02432,
02433,10.62,,1.18,2023-03-30,chiefgroup,https://www.chiefgroup.com.hk/cn/securities/hk-ipo-detail/dp?symbol=02433,
02436,6.16,,7.6,2022-11-24,chiefgroup,https://www.chiefgroup.com.hk/cn/securities/hk-ipo-detail/dp?symbol=02436,
02438,117.39,,3.8,2024-04-24,chiefgroup,https://www.chiefgroup.com.hk/cn/securities/hk-ipo-detail/dp?symbol=02438,
02439,6.33,,1.05,2023-03-31,chiefgroup,https://www.chiefgroup.com.hk/cn/securities/hk-ipo-detail/dp?symbol=02439,
02440,96.73,,2.73,2022-12-12,chiefgroup,https://www.chiefgroup.com.hk/cn/securities/hk-ipo-detail/dp?symbol=02440,
02442,17.27,,1.28,2023-05-09,chiefgroup,https://www.chiefgroup.com.hk/cn/securities/hk-ipo-detail/dp?symbol=02442,
02443,433.34,,10.2,2024-05-31,chiefgroup,https://www.chiefgroup.com.hk/cn/securities/hk-ipo-detail/dp?symbol=02443,
02450,12.26,,1.91,2023-01-20,chiefgroup,https://www.chiefgroup.com.hk/cn/securities/hk-ipo-detail/dp?symbol=02450,
02451,7.66,,7.37,2023-10-12,chiefgroup,https://www.chiefgroup.com.hk/cn/securities/hk-ipo-detail/dp?symbol=02451,
02453,1.99,,14.28,2024-01-09,chiefgroup,https://www.chiefgroup.com.hk/cn/securities/hk-ipo-detail/dp?symbol=02453,
02455,8.74,,1.7,2023-01-17,chiefgroup,https://www.chiefgroup.com.hk/cn/securities/hk-ipo-detail/dp?symbol=02455,
02457,51.22,,0.5,2022-12-15,chiefgroup,https://www.chiefgroup.com.hk/cn/securities/hk-ipo-detail/dp?symbol=02457,
02458,3.4,,6.5,2023-01-16,chiefgroup,https://www.chiefgroup.com.hk/cn/securities/hk-ipo-detail/dp?symbol=02458,
02459,9.88,,1.6,2023-01-17,chiefgroup,https://www.chiefgroup.com.hk/cn/securities/hk-ipo-detail/dp?symbol=02459,
02460,234.49,,14.5,2024-10-23,chiefgroup,https://www.chiefgroup.com.hk/cn/securities/hk-ipo-detail/dp?symbol=02460,
02465,3.99,,5.5,2024-10-30,chiefgroup,https://www.chiefgroup.com.hk/cn/securities/hk-ipo-detail/dp?symbol=02465,
02469,33.88,,9.9,2023-01-09,chiefgroup,https://www.chiefgroup.com.hk/cn/securities/hk-ipo-detail/dp?symbol=02469,
02473,14.71,,1.1,2023-11-09,chiefgroup,https://www.chiefgroup.com.hk/cn/securities/hk-ipo-detail/dp?symbol=02473,
02475,3.78,9.46,63.28,2026-07-09,xinguyufu_public,https://xinguyufu.cn/api/ipo,立讯精密
02477,28.64,,1.0,2024-01-12,chiefgroup,https://www.chiefgroup.com.hk/cn/securities/hk-ipo-detail/dp?symbol=02477,
02479,602.87,,83.33,2024-06-28,chiefgroup,https://www.chiefgroup.com.hk/cn/securities/hk-ipo-detail/dp?symbol=02479,
02480,3.25,,32.8,2023-05-08,chiefgroup,https://www.chiefgroup.com.hk/cn/securities/hk-ipo-detail/dp?symbol=02480,
02481,1.54,,3.6,2023-07-10,chiefgroup,https://www.chiefgroup.com.hk/cn/securities/hk-ipo-detail/dp?symbol=02481,
02482,23.09,,2.9,2023-03-09,chiefgroup,https://www.chiefgroup.com.hk/cn/securities/hk-ipo-detail/dp?symbol=02482,
02483,18.93,,1.8,2023-12-05,chiefgroup,https://www.chiefgroup.com.hk/cn/securities/hk-ipo-detail/dp?symbol=02483,
02486,2.2,,10.6,2023-05-11,chiefgroup,https://www.chiefgroup.com.hk/cn/securities/hk-ipo-detail/dp?symbol=02486,
02487,1.41,,21.85,2023-06-12,chiefgroup,https://www.chiefgroup.com.hk/cn/securities/hk-ipo-detail/dp?symbol=02487,
02489,8.76,,0.55,2023-12-22,chiefgroup,https://www.chiefgroup.com.hk/cn/securities/hk-ipo-detail/dp?symbol=02489,
02490,4.77,,5.13,2023-09-25,chiefgroup,https://www.chiefgroup.com.hk/cn/securities/hk-ipo-detail/dp?symbol=02490,
02495,3.51,,152.1,2024-07-10,chiefgroup,https://www.chiefgroup.com.hk/cn/securities/hk-ipo-detail/dp?symbol=02495,
02496,13.81,,16.0,2023-09-25,chiefgroup,https://www.chiefgroup.com.hk/cn/securities/hk-ipo-detail/dp?symbol=02496,
02497,294.13,,1.08,2024-03-28,chiefgroup,https://www.chiefgroup.com.hk/cn/securities/hk-ipo-detail/dp?symbol=02497,
02498,0.58,,43.0,2024-01-05,chiefgroup,https://www.chiefgroup.com.hk/cn/securities/hk-ipo-detail/dp?symbol=02498,
02499,7.8,,14.28,2023-11-10,chiefgroup,https://www.chiefgroup.com.hk/cn/securities/hk-ipo-detail/dp?symbol=02499,
02501,2.46,,1.18,2023-10-11,chiefgroup,https://www.chiefgroup.com.hk/cn/securities/hk-ipo-detail/dp?symbol=02501,
02502,42.82,,1.2,2023-12-20,chiefgroup,https://www.chiefgroup.com.hk/cn/securities/hk-ipo-detail/dp?symbol=02502,
02503,58.44,,1.0,2024-01-09,chiefgroup,https://www.chiefgroup.com.hk/cn/securities/hk-ipo-detail/dp?symbol=02503,
02505,103.44,,2.28,2024-05-28,chiefgroup,https://www.chiefgroup.com.hk/cn/securities/hk-ipo-detail/dp?symbol=02505,
02506,3.66,,82.8,2024-12-30,chiefgroup,https://www.chiefgroup.com.hk/cn/securities/hk-ipo-detail/dp?symbol=02506,
02507,1.56,,27.5,2024-07-12,chiefgroup,https://www.chiefgroup.com.hk/cn/securities/hk-ipo-detail/dp?symbol=02507,
02508,193.0,,6.58,2025-06-26,chiefgroup,https://www.chiefgroup.com.hk/cn/securities/hk-ipo-detail/dp?symbol=02508,
02509,163.15,,19.8,2024-03-20,chiefgroup,https://www.chiefgroup.com.hk/cn/securities/hk-ipo-detail/dp?symbol=02509,
02510,12.09,,4.18,2024-11-01,chiefgroup,https://www.chiefgroup.com.hk/cn/securities/hk-ipo-detail/dp?symbol=02510,
02511,32.22,,11.5,2023-12-22,chiefgroup,https://www.chiefgroup.com.hk/cn/securities/hk-ipo-detail/dp?symbol=02511,
02512,25.79,,4.6,2024-06-14,chiefgroup,https://www.chiefgroup.com.hk/cn/securities/hk-ipo-detail/dp?symbol=02512,
02513,1159.46,,116.2,2026-01-08,chiefgroup,https://www.chiefgroup.com.hk/cn/securities/hk-ipo-detail/dp?symbol=02513,
02515,433.06,,2.5,2024-04-23,chiefgroup,https://www.chiefgroup.com.hk/cn/securities/hk-ipo-detail/dp?symbol=02515,
02516,14.49,,0.9,2023-12-22,chiefgroup,https://www.chiefgroup.com.hk/cn/securities/hk-ipo-detail/dp?symbol=02516,
02517,4.34,,5.98,2023-11-02,chiefgroup,https://www.chiefgroup.com.hk/cn/securities/hk-ipo-detail/dp?symbol=02517,
02518,10.71,,176.3,2021-03-15,chiefgroup,https://www.chiefgroup.com.hk/cn/securities/hk-ipo-detail/dp?symbol=02518,
02519,17.74,,15.6,2024-11-08,chiefgroup,https://www.chiefgroup.com.hk/cn/securities/hk-ipo-detail/dp?symbol=02519,
02520,0.6,,2.18,2023-11-22,chiefgroup,https://www.chiefgroup.com.hk/cn/securities/hk-ipo-detail/dp?symbol=02520,
02521,33.35,,0.32,2023-12-05,chiefgroup,https://www.chiefgroup.com.hk/cn/securities/hk-ipo-detail/dp?symbol=02521,
02522,336.33,,14.98,2024-06-07,chiefgroup,https://www.chiefgroup.com.hk/cn/securities/hk-ipo-detail/dp?symbol=02522,
02525,168.65,,212.8,2025-09-16,chiefgroup,https://www.chiefgroup.com.hk/cn/securities/hk-ipo-detail/dp?symbol=02525,
02529,47.59,,3.2,2024-05-17,chiefgroup,https://www.chiefgroup.com.hk/cn/securities/hk-ipo-detail/dp?symbol=02529,
02530,65.17,,0.8,2025-01-10,chiefgroup,https://www.chiefgroup.com.hk/cn/securities/hk-ipo-detail/dp?symbol=02530,
02531,2.49,,4.7,2024-07-15,chiefgroup,https://www.chiefgroup.com.hk/cn/securities/hk-ipo-detail/dp?symbol=02531,
02533,2.52,,28.0,2024-08-08,chiefgroup,https://www.chiefgroup.com.hk/cn/securities/hk-ipo-detail/dp?symbol=02533,
02535,70.48,,0.25,2024-03-08,chiefgroup,https://www.chiefgroup.com.hk/cn/securities/hk-ipo-detail/dp?symbol=02535,
02536,15.96,,2.6,2024-03-26,chiefgroup,https://www.chiefgroup.com.hk/cn/securities/hk-ipo-detail/dp?symbol=02536,
02539,7324.29,,40.0,2025-12-03,chiefgroup,https://www.chiefgroup.com.hk/cn/securities/hk-ipo-detail/dp?symbol=02539,
02540,22.35,,1.1,2024-03-08,chiefgroup,https://www.chiefgroup.com.hk/cn/securities/hk-ipo-detail/dp?symbol=02540,
02543,7558.4,,49.5,2025-09-09,chiefgroup,https://www.chiefgroup.com.hk/cn/securities/hk-ipo-detail/dp?symbol=02543,
02545,195.99,,1.25,2024-07-03,chiefgroup,https://www.chiefgroup.com.hk/cn/securities/hk-ipo-detail/dp?symbol=02545,
02546,5248.15,,4.51,2025-12-19,chiefgroup,https://www.chiefgroup.com.hk/cn/securities/hk-ipo-detail/dp?symbol=02546,
02549,1347.27,,5.78,2024-10-02,chiefgroup,https://www.chiefgroup.com.hk/cn/securities/hk-ipo-detail/dp?symbol=02549,
02550,114.59,,5.8,2024-06-07,chiefgroup,https://www.chiefgroup.com.hk/cn/securities/hk-ipo-detail/dp?symbol=02550,
02551,5677.83,,3.61,2024-11-08,chiefgroup,https://www.chiefgroup.com.hk/cn/securities/hk-ipo-detail/dp?symbol=02551,
02553,1421.54,,14.6,2026-06-03,chiefgroup,https://www.chiefgroup.com.hk/cn/securities/hk-ipo-detail/dp?symbol=02553,
02555,0.5,,17.5,2024-04-23,chiefgroup,https://www.chiefgroup.com.hk/cn/securities/hk-ipo-detail/dp?symbol=02555,
02556,5.95,,43.6,2024-05-16,chiefgroup,https://www.chiefgroup.com.hk/cn/securities/hk-ipo-detail/dp?symbol=02556,
02559,112.9,,6.0,2024-06-28,chiefgroup,https://www.chiefgroup.com.hk/cn/securities/hk-ipo-detail/dp?symbol=02559,
02560,25.83,,3.0,2025-01-09,chiefgroup,https://www.chiefgroup.com.hk/cn/securities/hk-ipo-detail/dp?symbol=02560,
02561,72.64,,68.8,2025-03-21,chiefgroup,https://www.chiefgroup.com.hk/cn/securities/hk-ipo-detail/dp?symbol=02561,
02563,21.45,,16.0,2024-10-31,chiefgroup,https://www.chiefgroup.com.hk/cn/securities/hk-ipo-detail/dp?symbol=02563,
02565,743.78,,15.6,2025-05-27,chiefgroup,https://www.chiefgroup.com.hk/cn/securities/hk-ipo-detail/dp?symbol=02565,
02566,675.83,,12.42,2024-11-28,chiefgroup,https://www.chiefgroup.com.hk/cn/securities/hk-ipo-detail/dp?symbol=02566,
02567,19.87,,2.75,2024-10-16,chiefgroup,https://www.chiefgroup.com.hk/cn/securities/hk-ipo-detail/dp?symbol=02567,
02569,167.09,,0.51,2025-03-27,chiefgroup,https://www.chiefgroup.com.hk/cn/securities/hk-ipo-detail/dp?symbol=02569,
02570,1.55,,147.0,2024-12-06,chiefgroup,https://www.chiefgroup.com.hk/cn/securities/hk-ipo-detail/dp?symbol=02570,
02571,2.66,,12.99,2025-01-15,chiefgroup,https://www.chiefgroup.com.hk/cn/securities/hk-ipo-detail/dp?symbol=02571,
02573,149.37,,18.9,2025-06-10,chiefgroup,https://www.chiefgroup.com.hk/cn/securities/hk-ipo-detail/dp?symbol=02573,
02575,4908.33,,11.6,2025-10-15,chiefgroup,https://www.chiefgroup.com.hk/cn/securities/hk-ipo-detail/dp?symbol=02575,
02576,156.33,,13.0,2024-10-08,chiefgroup,https://www.chiefgroup.com.hk/cn/securities/hk-ipo-detail/dp?symbol=02576,
02577,2.87,,30.86,2024-12-30,chiefgroup,https://www.chiefgroup.com.hk/cn/securities/hk-ipo-detail/dp?symbol=02577,
02579,27.9,,34.0,2025-11-17,chiefgroup,https://www.chiefgroup.com.hk/cn/securities/hk-ipo-detail/dp?symbol=02579,
02580,557.2,,17.42,2025-09-02,chiefgroup,https://www.chiefgroup.com.hk/cn/securities/hk-ipo-detail/dp?symbol=02580,
02581,6.28,,9.34,2025-12-22,chiefgroup,https://www.chiefgroup.com.hk/cn/securities/hk-ipo-detail/dp?symbol=02581,
02582,21.07,,65.0,2024-11-15,chiefgroup,https://www.chiefgroup.com.hk/cn/securities/hk-ipo-detail/dp?symbol=02582,
02583,2505.9,,29.6,2025-09-30,chiefgroup,https://www.chiefgroup.com.hk/cn/securities/hk-ipo-detail/dp?symbol=02583,
02585,20.58,,12.0,2024-11-29,chiefgroup,https://www.chiefgroup.com.hk/cn/securities/hk-ipo-detail/dp?symbol=02585,
02586,1.94,,30.21,2024-12-06,chiefgroup,https://www.chiefgroup.com.hk/cn/securities/hk-ipo-detail/dp?symbol=02586,
02587,34.42,,7.8,2024-12-30,chiefgroup,https://www.chiefgroup.com.hk/cn/securities/hk-ipo-detail/dp?symbol=02587,
02589,3616.83,,113.12,2025-05-08,chiefgroup,https://www.chiefgroup.com.hk/cn/securities/hk-ipo-detail/dp?symbol=02589,
02590,133.62,,16.8,2025-07-09,chiefgroup,https://www.chiefgroup.com.hk/cn/securities/hk-ipo-detail/dp?symbol=02590,
02591,5341.66,,18.68,2025-08-15,chiefgroup,https://www.chiefgroup.com.hk/cn/securities/hk-ipo-detail/dp?symbol=02591,
02592,78.78,,10.1,2025-07-03,chiefgroup,https://www.chiefgroup.com.hk/cn/securities/hk-ipo-detail/dp?symbol=02592,
02593,6083.63,,3.75,2024-12-19,chiefgroup,https://www.chiefgroup.com.hk/cn/securities/hk-ipo-detail/dp?symbol=02593,
02595,2662.79,,20.39,2025-09-19,chiefgroup,https://www.chiefgroup.com.hk/cn/securities/hk-ipo-detail/dp?symbol=02595,
02596,0.21,,2.59,2025-01-13,chiefgroup,https://www.chiefgroup.com.hk/cn/securities/hk-ipo-detail/dp?symbol=02596,
02597,12.79,,13.55,2025-07-09,chiefgroup,https://www.chiefgroup.com.hk/cn/securities/hk-ipo-detail/dp?symbol=02597,
02598,16.94,,10.22,2024-03-28,chiefgroup,https://www.chiefgroup.com.hk/cn/securities/hk-ipo-detail/dp?symbol=02598,
02602,0.82,,49.35,2022-09-29,chiefgroup,https://www.chiefgroup.com.hk/cn/securities/hk-ipo-detail/dp?symbol=02602,
02603,49.39,,7.68,2025-05-27,chiefgroup,https://www.chiefgroup.com.hk/cn/securities/hk-ipo-detail/dp?symbol=02603,
02605,274.44,,9.75,2025-06-10,chiefgroup,https://www.chiefgroup.com.hk/cn/securities/hk-ipo-detail/dp?symbol=02605,
02609,25.92,,4.22,2025-06-23,chiefgroup,https://www.chiefgroup.com.hk/cn/securities/hk-ipo-detail/dp?symbol=02609,
02610,3.89,,26.6,2025-03-25,chiefgroup,https://www.chiefgroup.com.hk/cn/securities/hk-ipo-detail/dp?symbol=02610,
02613,55.33,,31.8,2025-01-09,chiefgroup,https://www.chiefgroup.com.hk/cn/securities/hk-ipo-detail/dp?symbol=02613,
02617,3419.87,,13.15,2025-06-23,chiefgroup,https://www.chiefgroup.com.hk/cn/securities/hk-ipo-detail/dp?symbol=02617,
02618,715.61,,40.36,2021-05-28,chiefgroup,https://www.chiefgroup.com.hk/cn/securities/hk-ipo-detail/dp?symbol=02618,
02619,852.38,,2.86,2025-06-25,chiefgroup,https://www.chiefgroup.com.hk/cn/securities/hk-ipo-detail/dp?symbol=02619,
02621,990.0,,8.08,2025-05-30,chiefgroup,https://www.chiefgroup.com.hk/cn/securities/hk-ipo-detail/dp?symbol=02621,
02625,46.96,,2.5,2025-03-31,chiefgroup,https://www.chiefgroup.com.hk/cn/securities/hk-ipo-detail/dp?symbol=02625,
02627,4007.64,,12.9,2025-08-11,chiefgroup,https://www.chiefgroup.com.hk/cn/securities/hk-ipo-detail/dp?symbol=02627,
02629,25.51,,23.3,2025-05-23,chiefgroup,https://www.chiefgroup.com.hk/cn/securities/hk-ipo-detail/dp?symbol=02629,
02630,6238.42,,33.37,2025-11-06,chiefgroup,https://www.chiefgroup.com.hk/cn/securities/hk-ipo-detail/dp?symbol=02630,
02631,2809.19,,42.8,2025-08-20,chiefgroup,https://www.chiefgroup.com.hk/cn/securities/hk-ipo-detail/dp?symbol=02631,
02635,188.74,,80.0,2025-12-23,chiefgroup,https://www.chiefgroup.com.hk/cn/securities/hk-ipo-detail/dp?symbol=02635,
02637,3165.1,,86.4,2025-10-17,chiefgroup,https://www.chiefgroup.com.hk/cn/securities/hk-ipo-detail/dp?symbol=02637,
02643,21.14,,41.94,2025-06-25,chiefgroup,https://www.chiefgroup.com.hk/cn/securities/hk-ipo-detail/dp?symbol=02643,
02648,44.2,,60.0,2025-07-04,chiefgroup,https://www.chiefgroup.com.hk/cn/securities/hk-ipo-detail/dp?symbol=02648,
02651,108.25,,20.0,2025-07-09,chiefgroup,https://www.chiefgroup.com.hk/cn/securities/hk-ipo-detail/dp?symbol=02651,
02655,1890.73,,20.1,2025-12-16,chiefgroup,https://www.chiefgroup.com.hk/cn/securities/hk-ipo-detail/dp?symbol=02655,
02656,751.77,,11.89,2025-09-17,chiefgroup,https://www.chiefgroup.com.hk/cn/securities/hk-ipo-detail/dp?symbol=02656,
02657,1235.81,,77.77,2025-12-30,chiefgroup,https://www.chiefgroup.com.hk/cn/securities/hk-ipo-detail/dp?symbol=02657,
02658,60.63,,58.0,2025-12-05,chiefgroup,https://www.chiefgroup.com.hk/cn/securities/hk-ipo-detail/dp?symbol=02658,
02659,3526.34,,26.38,2025-12-10,chiefgroup,https://www.chiefgroup.com.hk/cn/securities/hk-ipo-detail/dp?symbol=02659,
02661,1421.47,,22.68,2025-12-23,chiefgroup,https://www.chiefgroup.com.hk/cn/securities/hk-ipo-detail/dp?symbol=02661,
02667,251.74,2.84,5.5,2026-07-07,xinguyufu_public,https://xinguyufu.cn/api/ipo,同仁堂医养
02670,5657.2,,95.6,2025-10-16,chiefgroup,https://www.chiefgroup.com.hk/cn/securities/hk-ipo-detail/dp?symbol=02670,
02671,146.25,,7.1,2025-12-30,chiefgroup,https://www.chiefgroup.com.hk/cn/securities/hk-ipo-detail/dp?symbol=02671,
02672,242.0,2.44,15.6,2026-06-29,xinguyufu_public,https://xinguyufu.cn/api/ipo,白鸽在线
02675,1091.94,,43.24,2026-01-08,chiefgroup,https://www.chiefgroup.com.hk/cn/securities/hk-ipo-detail/dp?symbol=02675,
02676,25.33,,116.0,2025-12-08,chiefgroup,https://www.chiefgroup.com.hk/cn/securities/hk-ipo-detail/dp?symbol=02676,
02685,9366.28,,9.8,2025-11-27,chiefgroup,https://www.chiefgroup.com.hk/cn/securities/hk-ipo-detail/dp?symbol=02685,
02687,4813.4,,67.5,2025-12-08,chiefgroup,https://www.chiefgroup.com.hk/cn/securities/hk-ipo-detail/dp?symbol=02687,
02691,1.91,,12.0,2025-12-22,chiefgroup,https://www.chiefgroup.com.hk/cn/securities/hk-ipo-detail/dp?symbol=02691,
02693,6876.17,,7.3,2025-12-03,chiefgroup,https://www.chiefgroup.com.hk/cn/securities/hk-ipo-detail/dp?symbol=02693,
02695,3397.48,,3.6,2025-12-22,chiefgroup,https://www.chiefgroup.com.hk/cn/securities/hk-ipo-detail/dp?symbol=02695,
02697,1790.4,2.2,126.2,2026-06-30,xinguyufu_public,https://xinguyufu.cn/api/ipo,真健康医疗-B
02698,1813.77,,26.2,2025-11-10,chiefgroup,https://www.chiefgroup.com.hk/cn/securities/hk-ipo-detail/dp?symbol=02698,
02718,4452.86,,141.0,2025-11-03,chiefgroup,https://www.chiefgroup.com.hk/cn/securities/hk-ipo-detail/dp?symbol=02718,
02788,447.2,,10.99,2025-11-24,chiefgroup,https://www.chiefgroup.com.hk/cn/securities/hk-ipo-detail/dp?symbol=02788,
02797,1688.1,1.51,8.0,2026-07-09,xinguyufu_public,https://xinguyufu.cn/api/ipo,齐云山食品
02865,3.5,,22.15,2025-05-08,chiefgroup,https://www.chiefgroup.com.hk/cn/securities/hk-ipo-detail/dp?symbol=02865,
02881,337.57,,5.5,2024-06-18,chiefgroup,https://www.chiefgroup.com.hk/cn/securities/hk-ipo-detail/dp?symbol=02881,
02898,10.08,,13.5,2024-05-24,chiefgroup,https://www.chiefgroup.com.hk/cn/securities/hk-ipo-detail/dp?symbol=02898,
03288,918.15,,36.3,2025-06-19,chiefgroup,https://www.chiefgroup.com.hk/cn/securities/hk-ipo-detail/dp?symbol=03288,
03308,16.84,9.73,980.0,2026-07-30,xinguyufu_public,https://xinguyufu.cn/api/ipo,中际旭创
03317,7.24,,48.0,2025-12-30,chiefgroup,https://www.chiefgroup.com.hk/cn/securities/hk-ipo-detail/dp?symbol=03317,
03347,414.39,,100.0,2020-08-07,chiefgroup,https://www.chiefgroup.com.hk/cn/securities/hk-ipo-detail/dp?symbol=03347,
03378,3074.09,,32.0,2025-12-23,chiefgroup,https://www.chiefgroup.com.hk/cn/securities/hk-ipo-detail/dp?symbol=03378,
03390,6.79,,1.49,2020-04-15,chiefgroup,https://www.chiefgroup.com.hk/cn/securities/hk-ipo-detail/dp?symbol=03390,
03636,143.46,,30.0,2026-01-09,chiefgroup,https://www.chiefgroup.com.hk/cn/securities/hk-ipo-detail/dp?symbol=03636,
03650,3.08,,28.92,2023-07-12,chiefgroup,https://www.chiefgroup.com.hk/cn/securities/hk-ipo-detail/dp?symbol=03650,
03658,4.75,,3.8,2021-05-25,chiefgroup,https://www.chiefgroup.com.hk/cn/securities/hk-ipo-detail/dp?symbol=03658,
03660,2.46,,50.03,2022-11-29,chiefgroup,https://www.chiefgroup.com.hk/cn/securities/hk-ipo-detail/dp?symbol=03660,
03661,251.73,23.5,85.2,2026-06-26,xinguyufu_public,https://xinguyufu.cn/api/ipo,圣邦股份
03677,3.51,,8.27,2025-04-14,chiefgroup,https://www.chiefgroup.com.hk/cn/securities/hk-ipo-detail/dp?symbol=03677,
03696,1427.37,,24.05,2025-12-30,chiefgroup,https://www.chiefgroup.com.hk/cn/securities/hk-ipo-detail/dp?symbol=03696,
03750,151.15,,263.0,2025-05-20,chiefgroup,https://www.chiefgroup.com.hk/cn/securities/hk-ipo-detail/dp?symbol=03750,
03752,156.58,11.96,38.0,2026-07-09,xinguyufu_public,https://xinguyufu.cn/api/ipo,珞石机器人
03858,2041.62,,10.92,2025-08-28,chiefgroup,https://www.chiefgroup.com.hk/cn/securities/hk-ipo-detail/dp?symbol=03858,
03880,301.15,,30.6,2025-06-30,chiefgroup,https://www.chiefgroup.com.hk/cn/securities/hk-ipo-detail/dp?symbol=03880,
03881,22.55,,263.0,2025-12-19,chiefgroup,https://www.chiefgroup.com.hk/cn/securities/hk-ipo-detail/dp?symbol=03881,
03887,393.71,,6.68,2025-12-17,chiefgroup,https://www.chiefgroup.com.hk/cn/securities/hk-ipo-detail/dp?symbol=03887,
03913,44.46,,7.89,2020-10-30,chiefgroup,https://www.chiefgroup.com.hk/cn/securities/hk-ipo-detail/dp?symbol=03913,
03931,0.21,,38.0,2022-10-06,chiefgroup,https://www.chiefgroup.com.hk/cn/securities/hk-ipo-detail/dp?symbol=03931,
03952,4571.99,7.89,85.5,2026-06-30,xinguyufu_public,https://xinguyufu.cn/api/ipo,来福谐波
03986,542.22,,162.0,2026-01-13,chiefgroup,https://www.chiefgroup.com.hk/cn/securities/hk-ipo-detail/dp?symbol=03986,
06031,52.93,,21.3,2025-10-28,chiefgroup,https://www.chiefgroup.com.hk/cn/securities/hk-ipo-detail/dp?symbol=06031,
06063,14.15,,0.25,2020-04-15,chiefgroup,https://www.chiefgroup.com.hk/cn/securities/hk-ipo-detail/dp?symbol=06063,
06078,608.56,,18.5,2020-06-29,chiefgroup,https://www.chiefgroup.com.hk/cn/securities/hk-ipo-detail/dp?symbol=06078,
06082,2347.53,,19.6,2026-01-02,chiefgroup,https://www.chiefgroup.com.hk/cn/securities/hk-ipo-detail/dp?symbol=06082,
06086,16.63,,8.18,2024-07-09,chiefgroup,https://www.chiefgroup.com.hk/cn/securities/hk-ipo-detail/dp?symbol=06086,
06090,3317.47,,71.2,2025-09-23,chiefgroup,https://www.chiefgroup.com.hk/cn/securities/hk-ipo-detail/dp?symbol=06090,
06127,310.0,,151.0,2021-02-26,chiefgroup,https://www.chiefgroup.com.hk/cn/securities/hk-ipo-detail/dp?symbol=06127,
06166,338.7,,68.88,2025-10-28,chiefgroup,https://www.chiefgroup.com.hk/cn/securities/hk-ipo-detail/dp?symbol=06166,
06168,711.11,,24.0,2025-06-26,chiefgroup,https://www.chiefgroup.com.hk/cn/securities/hk-ipo-detail/dp?symbol=06168,
06181,582.15,,40.5,2024-06-28,chiefgroup,https://www.chiefgroup.com.hk/cn/securities/hk-ipo-detail/dp?symbol=06181,
06228,4.42,7.67,26.6,2026-06-26,xinguyufu_public,https://xinguyufu.cn/api/ipo,MERDEKAGOLD-DRS
06600,254.5,,73.8,2025-12-30,chiefgroup,https://www.chiefgroup.com.hk/cn/securities/hk-ipo-detail/dp?symbol=06600,
06601,172.32,,9.2,2021-03-10,chiefgroup,https://www.chiefgroup.com.hk/cn/securities/hk-ipo-detail/dp?symbol=06601,
06603,2682.35,,27.8,2025-06-30,chiefgroup,https://www.chiefgroup.com.hk/cn/securities/hk-ipo-detail/dp?symbol=06603,
06608,150.67,,31.8,2021-03-31,chiefgroup,https://www.chiefgroup.com.hk/cn/securities/hk-ipo-detail/dp?symbol=06608,
06609,333.14,,171.0,2021-08-20,chiefgroup,https://www.chiefgroup.com.hk/cn/securities/hk-ipo-detail/dp?symbol=06609,
06610,1.05,,2.21,2022-10-18,chiefgroup,https://www.chiefgroup.com.hk/cn/securities/hk-ipo-detail/dp?symbol=06610,
06611,3.22,,4.75,2021-07-19,chiefgroup,https://www.chiefgroup.com.hk/cn/securities/hk-ipo-detail/dp?symbol=06611,
06613,462.76,,18.18,2025-07-09,chiefgroup,https://www.chiefgroup.com.hk/cn/securities/hk-ipo-detail/dp?symbol=06613,
06616,10.79,,3.25,2021-07-16,chiefgroup,https://www.chiefgroup.com.hk/cn/securities/hk-ipo-detail/dp?symbol=06616,
06618,421.91,,70.58,2020-12-08,chiefgroup,https://www.chiefgroup.com.hk/cn/securities/hk-ipo-detail/dp?symbol=06618,
06622,56.0,,16.8,2021-04-29,chiefgroup,https://www.chiefgroup.com.hk/cn/securities/hk-ipo-detail/dp?symbol=06622,
06626,9.88,,4.88,2021-06-28,chiefgroup,https://www.chiefgroup.com.hk/cn/securities/hk-ipo-detail/dp?symbol=06626,
06628,60.7,,16.0,2021-09-29,chiefgroup,https://www.chiefgroup.com.hk/cn/securities/hk-ipo-detail/dp?symbol=06628,
06633,3.64,,11.2,2021-12-16,chiefgroup,https://www.chiefgroup.com.hk/cn/securities/hk-ipo-detail/dp?symbol=06633,
06639,1.74,,14.62,2022-03-22,chiefgroup,https://www.chiefgroup.com.hk/cn/securities/hk-ipo-detail/dp?symbol=06639,
06651,256.01,,30.5,2025-12-30,chiefgroup,https://www.chiefgroup.com.hk/cn/securities/hk-ipo-detail/dp?symbol=06651,
06657,6.58,,36.0,2024-07-09,chiefgroup,https://www.chiefgroup.com.hk/cn/securities/hk-ipo-detail/dp?symbol=06657,
06660,3.15,,16.16,2022-10-06,chiefgroup,https://www.chiefgroup.com.hk/cn/securities/hk-ipo-detail/dp?symbol=06660,
06661,8.08,,6.08,2022-07-13,chiefgroup,https://www.chiefgroup.com.hk/cn/securities/hk-ipo-detail/dp?symbol=06661,
06666,10.71,,8.8,2020-12-02,chiefgroup,https://www.chiefgroup.com.hk/cn/securities/hk-ipo-detail/dp?symbol=06666,
06667,9.62,,18.0,2022-06-22,chiefgroup,https://www.chiefgroup.com.hk/cn/securities/hk-ipo-detail/dp?symbol=06667,
06668,756.85,,3.86,2021-01-26,chiefgroup,https://www.chiefgroup.com.hk/cn/securities/hk-ipo-detail/dp?symbol=06668,
06669,654.51,,23.8,2021-08-24,chiefgroup,https://www.chiefgroup.com.hk/cn/securities/hk-ipo-detail/dp?symbol=06669,
06677,8.91,,5.88,2020-12-17,chiefgroup,https://www.chiefgroup.com.hk/cn/securities/hk-ipo-detail/dp?symbol=06677,
06680,2.39,,33.8,2022-01-14,chiefgroup,https://www.chiefgroup.com.hk/cn/securities/hk-ipo-detail/dp?symbol=06680,
06681,11.39,,3.22,2025-01-08,chiefgroup,https://www.chiefgroup.com.hk/cn/securities/hk-ipo-detail/dp?symbol=06681,
06682,11.4,,55.6,2023-09-28,chiefgroup,https://www.chiefgroup.com.hk/cn/securities/hk-ipo-detail/dp?symbol=06682,
06683,12.99,,4.25,2023-07-13,chiefgroup,https://www.chiefgroup.com.hk/cn/securities/hk-ipo-detail/dp?symbol=06683,
06686,3.26,,292.0,2022-07-13,chiefgroup,https://www.chiefgroup.com.hk/cn/securities/hk-ipo-detail/dp?symbol=06686,
06687,1952.95,,30.6,2025-10-21,chiefgroup,https://www.chiefgroup.com.hk/cn/securities/hk-ipo-detail/dp?symbol=06687,
06693,9.53,,13.72,2025-03-10,chiefgroup,https://www.chiefgroup.com.hk/cn/securities/hk-ipo-detail/dp?symbol=06693,
06696,2.81,,1.96,2022-11-09,chiefgroup,https://www.chiefgroup.com.hk/cn/securities/hk-ipo-detail/dp?symbol=06696,
06698,5.12,,26.5,2022-12-29,chiefgroup,https://www.chiefgroup.com.hk/cn/securities/hk-ipo-detail/dp?symbol=06698,
06699,2079.16,,173.0,2021-06-16,chiefgroup,https://www.chiefgroup.com.hk/cn/securities/hk-ipo-detail/dp?symbol=06699,
06715,2134.81,19.87,75.5,2026-06-30,xinguyufu_public,https://xinguyufu.cn/api/ipo,鲟龙科技
06745,227.58,4.26,3.59,2026-07-10,xinguyufu_public,https://xinguyufu.cn/api/ipo,滨化股份
06821,1.61,,388.0,2021-12-10,chiefgroup,https://www.chiefgroup.com.hk/cn/securities/hk-ipo-detail/dp?symbol=06821,
06831,317.54,,7.19,2025-05-16,chiefgroup,https://www.chiefgroup.com.hk/cn/securities/hk-ipo-detail/dp?symbol=06831,
06880,413.63,20.31,295.6,2026-07-08,xinguyufu_public,https://xinguyufu.cn/api/ipo,MOMENTA-W
06883,35.84,,2.88,2025-06-26,chiefgroup,https://www.chiefgroup.com.hk/cn/securities/hk-ipo-detail/dp?symbol=06883,
06909,43.92,,4.4,2021-07-15,chiefgroup,https://www.chiefgroup.com.hk/cn/securities/hk-ipo-detail/dp?symbol=06909,
06911,13.23,,10.7,2023-12-22,chiefgroup,https://www.chiefgroup.com.hk/cn/securities/hk-ipo-detail/dp?symbol=06911,
06913,6.01,,1.59,2021-07-13,chiefgroup,https://www.chiefgroup.com.hk/cn/securities/hk-ipo-detail/dp?symbol=06913,
06915,476.56,4.25,11.2,2026-06-30,xinguyufu_public,https://xinguyufu.cn/api/ipo,江西生物
06918,20.4,,1.38,2020-03-18,chiefgroup,https://www.chiefgroup.com.hk/cn/securities/hk-ipo-detail/dp?symbol=06918,
06922,1.95,,18.9,2022-12-30,chiefgroup,https://www.chiefgroup.com.hk/cn/securities/hk-ipo-detail/dp?symbol=06922,
06929,2.01,,8.8,2022-12-23,chiefgroup,https://www.chiefgroup.com.hk/cn/securities/hk-ipo-detail/dp?symbol=06929,
06933,5.59,,1.63,2020-07-15,chiefgroup,https://www.chiefgroup.com.hk/cn/securities/hk-ipo-detail/dp?symbol=06933,
06936,79.07,,34.3,2024-11-27,chiefgroup,https://www.chiefgroup.com.hk/cn/securities/hk-ipo-detail/dp?symbol=06936,
06938,101.06,,57.97,2026-01-09,chiefgroup,https://www.chiefgroup.com.hk/cn/securities/hk-ipo-detail/dp?symbol=06938,
06939,22.43,,1.26,2021-03-31,chiefgroup,https://www.chiefgroup.com.hk/cn/securities/hk-ipo-detail/dp?symbol=06939,
06951,327.49,16.24,100.3,2026-07-09,xinguyufu_public,https://xinguyufu.cn/api/ipo,三环集团
06955,2.12,,19.8,2022-12-30,chiefgroup,https://www.chiefgroup.com.hk/cn/securities/hk-ipo-detail/dp?symbol=06955,
06958,102.0,,4.55,2020-07-10,chiefgroup,https://www.chiefgroup.com.hk/cn/securities/hk-ipo-detail/dp?symbol=06958,
06959,11.67,,5.95,2024-01-09,chiefgroup,https://www.chiefgroup.com.hk/cn/securities/hk-ipo-detail/dp?symbol=06959,
06960,3876.25,,14.51,2025-08-26,chiefgroup,https://www.chiefgroup.com.hk/cn/securities/hk-ipo-detail/dp?symbol=06960,
06963,0.13,,5.83,2022-12-09,chiefgroup,https://www.chiefgroup.com.hk/cn/securities/hk-ipo-detail/dp?symbol=06963,
06968,0.28,,3.93,2020-07-15,chiefgroup,https://www.chiefgroup.com.hk/cn/securities/hk-ipo-detail/dp?symbol=06968,
06969,116.0,,12.4,2020-07-10,chiefgroup,https://www.chiefgroup.com.hk/cn/securities/hk-ipo-detail/dp?symbol=06969,
06978,259.58,,11.0,2020-07-10,chiefgroup,https://www.chiefgroup.com.hk/cn/securities/hk-ipo-detail/dp?symbol=06978,
06979,1.94,,10.82,2023-04-27,chiefgroup,https://www.chiefgroup.com.hk/cn/securities/hk-ipo-detail/dp?symbol=06979,
06980,2680.04,,50.0,2025-10-28,chiefgroup,https://www.chiefgroup.com.hk/cn/securities/hk-ipo-detail/dp?symbol=06980,
06988,1632.92,,2.88,2020-09-23,chiefgroup,https://www.chiefgroup.com.hk/cn/securities/hk-ipo-detail/dp?symbol=06988,
06989,652.06,,10.68,2020-10-19,chiefgroup,https://www.chiefgroup.com.hk/cn/securities/hk-ipo-detail/dp?symbol=06989,
06990,1.27,,60.6,2023-07-11,chiefgroup,https://www.chiefgroup.com.hk/cn/securities/hk-ipo-detail/dp?symbol=06990,
06993,301.33,,13.16,2020-12-16,chiefgroup,https://www.chiefgroup.com.hk/cn/securities/hk-ipo-detail/dp?symbol=06993,
06996,264.76,,18.08,2020-11-20,chiefgroup,https://www.chiefgroup.com.hk/cn/securities/hk-ipo-detail/dp?symbol=06996,
06998,1247.52,,24.0,2020-10-07,chiefgroup,https://www.chiefgroup.com.hk/cn/securities/hk-ipo-detail/dp?symbol=06998,
06999,0.57,,5.69,2020-12-10,chiefgroup,https://www.chiefgroup.com.hk/cn/securities/hk-ipo-detail/dp?symbol=06999,
07618,60.52,,14.1,2025-12-11,chiefgroup,https://www.chiefgroup.com.hk/cn/securities/hk-ipo-detail/dp?symbol=07618,
07656,3646.06,3.08,21.66,2026-07-08,xinguyufu_public,https://xinguyufu.cn/api/ipo,瑞为技术
07687,157.82,10.5,87.92,2026-07-08,xinguyufu_public,https://xinguyufu.cn/api/ipo,易控智驾
08090,3015.69,1.26,8.51,2026-07-08,xinguyufu_public,https://xinguyufu.cn/api/ipo,宝盖新材
08489,35.9,,0.74,2021-01-13,chiefgroup,https://www.chiefgroup.com.hk/cn/securities/hk-ipo-detail/dp?symbol=08489,
08496,16.4,,0.9,2020-05-18,chiefgroup,https://www.chiefgroup.com.hk/cn/securities/hk-ipo-detail/dp?symbol=08496,
08529,2503.03,,0.5,2024-06-03,chiefgroup,https://www.chiefgroup.com.hk/cn/securities/hk-ipo-detail/dp?symbol=08529,
08610,10745.13,,0.6,2026-01-13,chiefgroup,https://www.chiefgroup.com.hk/cn/securities/hk-ipo-detail/dp?symbol=08610,
08616,34.7,,0.24,2020-04-23,chiefgroup,https://www.chiefgroup.com.hk/cn/securities/hk-ipo-detail/dp?symbol=08616,
08620,196.21,,0.5,2020-04-20,chiefgroup,https://www.chiefgroup.com.hk/cn/securities/hk-ipo-detail/dp?symbol=08620,
08623,29.09,,0.3,2020-07-10,chiefgroup,https://www.chiefgroup.com.hk/cn/securities/hk-ipo-detail/dp?symbol=08623,
08629,14.33,,9.9,2024-09-06,chiefgroup,https://www.chiefgroup.com.hk/cn/securities/hk-ipo-detail/dp?symbol=08629,
08637,2480.61,,2.42,2024-07-02,chiefgroup,https://www.chiefgroup.com.hk/cn/securities/hk-ipo-detail/dp?symbol=08637,
08657,13.15,,1.4,2020-10-16,chiefgroup,https://www.chiefgroup.com.hk/cn/securities/hk-ipo-detail/dp?symbol=08657,
08659,11.3,,0.4,2020-07-13,chiefgroup,https://www.chiefgroup.com.hk/cn/securities/hk-ipo-detail/dp?symbol=08659,
09600,446.57,,4.36,2021-01-06,chiefgroup,https://www.chiefgroup.com.hk/cn/securities/hk-ipo-detail/dp?symbol=09600,
09606,115.14,,94.6,2025-04-15,chiefgroup,https://www.chiefgroup.com.hk/cn/securities/hk-ipo-detail/dp?symbol=09606,
09608,25.24,,0.25,2021-01-18,chiefgroup,https://www.chiefgroup.com.hk/cn/securities/hk-ipo-detail/dp?symbol=09608,
09609,5426.27,,14.28,2025-11-28,chiefgroup,https://www.chiefgroup.com.hk/cn/securities/hk-ipo-detail/dp?symbol=09609,
09616,300.07,,6.22,2020-09-29,chiefgroup,https://www.chiefgroup.com.hk/cn/securities/hk-ipo-detail/dp?symbol=09616,
09618,178.9,,226.0,2020-06-18,chiefgroup,https://www.chiefgroup.com.hk/cn/securities/hk-ipo-detail/dp?symbol=09618,
09626,174.19,,808.0,2021-03-29,chiefgroup,https://www.chiefgroup.com.hk/cn/securities/hk-ipo-detail/dp?symbol=09626,
09630,1007.22,27.22,252.73,2026-06-26,xinguyufu_public,https://xinguyufu.cn/api/ipo,芯碁微裝
09633,1148.3,,21.5,2020-09-08,chiefgroup,https://www.chiefgroup.com.hk/cn/securities/hk-ipo-detail/dp?symbol=09633,
09636,2.59,,17.0,2023-03-10,chiefgroup,https://www.chiefgroup.com.hk/cn/securities/hk-ipo-detail/dp?symbol=09636,
09637,963.56,19.77,22.6,2026-06-29,xinguyufu_public,https://xinguyufu.cn/api/ipo,礼邦医药-B
09638,1.07,,22.88,2022-03-31,chiefgroup,https://www.chiefgroup.com.hk/cn/securities/hk-ipo-detail/dp?symbol=09638,
09639,120.6,,0.73,2024-10-09,chiefgroup,https://www.chiefgroup.com.hk/cn/securities/hk-ipo-detail/dp?symbol=09639,
09660,33.83,,3.99,2024-10-24,chiefgroup,https://www.chiefgroup.com.hk/cn/securities/hk-ipo-detail/dp?symbol=09660,
09663,1.18,,19.66,2023-12-05,chiefgroup,https://www.chiefgroup.com.hk/cn/securities/hk-ipo-detail/dp?symbol=09663,
09668,0.59,,4.8,2020-07-16,chiefgroup,https://www.chiefgroup.com.hk/cn/securities/hk-ipo-detail/dp?symbol=09668,
09669,16.57,,29.7,2023-04-13,chiefgroup,https://www.chiefgroup.com.hk/cn/securities/hk-ipo-detail/dp?symbol=09669,
09676,1.31,,15.36,2023-10-12,chiefgroup,https://www.chiefgroup.com.hk/cn/securities/hk-ipo-detail/dp?symbol=09676,
09677,0.61,,3.35,2020-10-12,chiefgroup,https://www.chiefgroup.com.hk/cn/securities/hk-ipo-detail/dp?symbol=09677,
09678,91.66,,205.0,2025-06-30,chiefgroup,https://www.chiefgroup.com.hk/cn/securities/hk-ipo-detail/dp?symbol=09678,
09680,0.6,,35.0,2024-07-10,chiefgroup,https://www.chiefgroup.com.hk/cn/securities/hk-ipo-detail/dp?symbol=09680,
09686,0.9,,4.76,2023-09-28,chiefgroup,https://www.chiefgroup.com.hk/cn/securities/hk-ipo-detail/dp?symbol=09686,
09688,3.43,,562.0,2020-09-28,chiefgroup,https://www.chiefgroup.com.hk/cn/securities/hk-ipo-detail/dp?symbol=09688,
09690,2.67,,28.0,2023-09-26,chiefgroup,https://www.chiefgroup.com.hk/cn/securities/hk-ipo-detail/dp?symbol=09690,
09696,9.3,,82.0,2022-07-13,chiefgroup,https://www.chiefgroup.com.hk/cn/securities/hk-ipo-detail/dp?symbol=09696,
09698,6.42,,80.88,2020-11-02,chiefgroup,https://www.chiefgroup.com.hk/cn/securities/hk-ipo-detail/dp?symbol=09698,
09699,2.93,,16.42,2021-12-14,chiefgroup,https://www.chiefgroup.com.hk/cn/securities/hk-ipo-detail/dp?symbol=09699,
09857,0.81,,27.75,2022-08-10,chiefgroup,https://www.chiefgroup.com.hk/cn/securities/hk-ipo-detail/dp?symbol=09857,
09858,3.73,,6.98,2021-06-18,chiefgroup,https://www.chiefgroup.com.hk/cn/securities/hk-ipo-detail/dp?symbol=09858,
09860,1.06,,12.32,2023-06-30,chiefgroup,https://www.chiefgroup.com.hk/cn/securities/hk-ipo-detail/dp?symbol=09860,
09863,0.16,,48.0,2022-09-29,chiefgroup,https://www.chiefgroup.com.hk/cn/securities/hk-ipo-detail/dp?symbol=09863,
09868,14.73,,165.0,2021-07-07,chiefgroup,https://www.chiefgroup.com.hk/cn/securities/hk-ipo-detail/dp?symbol=09868,
09869,30.8,,19.77,2021-09-10,chiefgroup,https://www.chiefgroup.com.hk/cn/securities/hk-ipo-detail/dp?symbol=09869,
09877,1.52,,27.8,2022-10-10,chiefgroup,https://www.chiefgroup.com.hk/cn/securities/hk-ipo-detail/dp?symbol=09877,
09878,1.67,,43.0,2022-02-18,chiefgroup,https://www.chiefgroup.com.hk/cn/securities/hk-ipo-detail/dp?symbol=09878,
09879,9.79,,4.08,2024-03-21,chiefgroup,https://www.chiefgroup.com.hk/cn/securities/hk-ipo-detail/dp?symbol=09879,
09880,5.16,,90.0,2023-12-29,chiefgroup,https://www.chiefgroup.com.hk/cn/securities/hk-ipo-detail/dp?symbol=09880,
09881,275.96,,10.0,2025-06-10,chiefgroup,https://www.chiefgroup.com.hk/cn/securities/hk-ipo-detail/dp?symbol=09881,
09885,5.6,,20.0,2023-06-28,chiefgroup,https://www.chiefgroup.com.hk/cn/securities/hk-ipo-detail/dp?symbol=09885,
09886,7.2,,12.0,2022-09-14,chiefgroup,https://www.chiefgroup.com.hk/cn/securities/hk-ipo-detail/dp?symbol=09886,
09887,3494.78,,35.0,2025-07-25,chiefgroup,https://www.chiefgroup.com.hk/cn/securities/hk-ipo-detail/dp?symbol=09887,
09888,112.01,,252.0,2021-03-23,chiefgroup,https://www.chiefgroup.com.hk/cn/securities/hk-ipo-detail/dp?symbol=09888,
09889,0.22,,7.92,2021-09-29,chiefgroup,https://www.chiefgroup.com.hk/cn/securities/hk-ipo-detail/dp?symbol=09889,
09890,104.0,,14.0,2023-09-28,chiefgroup,https://www.chiefgroup.com.hk/cn/securities/hk-ipo-detail/dp?symbol=09890,
09896,1.4,,13.8,2022-07-13,chiefgroup,https://www.chiefgroup.com.hk/cn/securities/hk-ipo-detail/dp?symbol=09896,
09898,2.67,,272.8,2021-12-08,chiefgroup,https://www.chiefgroup.com.hk/cn/securities/hk-ipo-detail/dp?symbol=09898,
09899,8.92,,205.0,2021-12-02,chiefgroup,https://www.chiefgroup.com.hk/cn/securities/hk-ipo-detail/dp?symbol=09899,
09901,1.55,,1190.0,2020-11-09,chiefgroup,https://www.chiefgroup.com.hk/cn/securities/hk-ipo-detail/dp?symbol=09901,
09903,414.24,,144.6,2026-01-08,chiefgroup,https://www.chiefgroup.com.hk/cn/securities/hk-ipo-detail/dp?symbol=09903,
09906,14.99,,2.1,2020-07-13,chiefgroup,https://www.chiefgroup.com.hk/cn/securities/hk-ipo-detail/dp?symbol=09906,
09908,6.73,,10.0,2020-07-16,chiefgroup,https://www.chiefgroup.com.hk/cn/securities/hk-ipo-detail/dp?symbol=09908,
09913,19.15,,0.52,2020-08-14,chiefgroup,https://www.chiefgroup.com.hk/cn/securities/hk-ipo-detail/dp?symbol=09913,
09916,1414.06,,1.99,2020-03-09,chiefgroup,https://www.chiefgroup.com.hk/cn/securities/hk-ipo-detail/dp?symbol=09916,
09923,641.38,,16.64,2020-06-01,chiefgroup,https://www.chiefgroup.com.hk/cn/securities/hk-ipo-detail/dp?symbol=09923,
09926,639.2,,16.18,2020-04-24,chiefgroup,https://www.chiefgroup.com.hk/cn/securities/hk-ipo-detail/dp?symbol=09926,
09927,132.68,,131.5,2025-11-05,chiefgroup,https://www.chiefgroup.com.hk/cn/securities/hk-ipo-detail/dp?symbol=09927,
09929,5.57,,0.25,2020-02-14,chiefgroup,https://www.chiefgroup.com.hk/cn/securities/hk-ipo-detail/dp?symbol=09929,
09930,0.12,,4.52,2023-05-25,chiefgroup,https://www.chiefgroup.com.hk/cn/securities/hk-ipo-detail/dp?symbol=09930,
09936,15.74,,2.23,2020-03-12,chiefgroup,https://www.chiefgroup.com.hk/cn/securities/hk-ipo-detail/dp?symbol=09936,
09939,551.32,,20.15,2020-05-22,chiefgroup,https://www.chiefgroup.com.hk/cn/securities/hk-ipo-detail/dp?symbol=09939,
09955,7.89,,30.5,2022-07-06,chiefgroup,https://www.chiefgroup.com.hk/cn/securities/hk-ipo-detail/dp?symbol=09955,
09958,11.65,,2.56,2020-06-22,chiefgroup,https://www.chiefgroup.com.hk/cn/securities/hk-ipo-detail/dp?symbol=09958,
09959,98.46,,17.58,2021-04-09,chiefgroup,https://www.chiefgroup.com.hk/cn/securities/hk-ipo-detail/dp?symbol=09959,
09960,543.03,,9.78,2021-07-16,chiefgroup,https://www.chiefgroup.com.hk/cn/securities/hk-ipo-detail/dp?symbol=09960,
09961,17.78,,268.0,2021-04-19,chiefgroup,https://www.chiefgroup.com.hk/cn/securities/hk-ipo-detail/dp?symbol=09961,
09969,298.75,,8.95,2020-03-23,chiefgroup,https://www.chiefgroup.com.hk/cn/securities/hk-ipo-detail/dp?symbol=09969,
09971,4812.72,2.98,31.62,2026-07-08,xinguyufu_public,https://xinguyufu.cn/api/ipo,基本半导体
09973,308.18,,30.75,2025-09-25,chiefgroup,https://www.chiefgroup.com.hk/cn/securities/hk-ipo-detail/dp?symbol=09973,
09979,11.2,,2.5,2020-07-10,chiefgroup,https://www.chiefgroup.com.hk/cn/securities/hk-ipo-detail/dp?symbol=09979,
09982,4.99,,3.0,2021-05-31,chiefgroup,https://www.chiefgroup.com.hk/cn/securities/hk-ipo-detail/dp?symbol=09982,
09983,142.52,,6.85,2020-05-15,chiefgroup,https://www.chiefgroup.com.hk/cn/securities/hk-ipo-detail/dp?symbol=09983,
09985,15.3,,10.56,2022-12-15,chiefgroup,https://www.chiefgroup.com.hk/cn/securities/hk-ipo-detail/dp?symbol=09985,
09986,4.09,,1.25,2020-07-15,chiefgroup,https://www.chiefgroup.com.hk/cn/securities/hk-ipo-detail/dp?symbol=09986,
09987,52.32,,412.0,2020-09-10,chiefgroup,https://www.chiefgroup.com.hk/cn/securities/hk-ipo-detail/dp?symbol=09987,
09989,69.21,,18.4,2020-07-08,chiefgroup,https://www.chiefgroup.com.hk/cn/securities/hk-ipo-detail/dp?symbol=09989,
09990,123.01,,11.6,2020-07-15,chiefgroup,https://www.chiefgroup.com.hk/cn/securities/hk-ipo-detail/dp?symbol=09990,
09991,3.6,,82.9,2020-09-29,chiefgroup,https://www.chiefgroup.com.hk/cn/securities/hk-ipo-detail/dp?symbol=09991,
09992,356.74,,38.5,2020-12-11,chiefgroup,https://www.chiefgroup.com.hk/cn/securities/hk-ipo-detail/dp?symbol=09992,
09993,1.72,,4.3,2020-10-29,chiefgroup,https://www.chiefgroup.com.hk/cn/securities/hk-ipo-detail/dp?symbol=09993,
09995,53.43,,52.1,2020-11-09,chiefgroup,https://www.chiefgroup.com.hk/cn/securities/hk-ipo-detail/dp?symbol=09995,
09996,1184.41,,15.36,2020-05-15,chiefgroup,https://www.chiefgroup.com.hk/cn/securities/hk-ipo-detail/dp?symbol=09996,
09999,360.53,,123.0,2020-06-11,chiefgroup,https://www.chiefgroup.com.hk/cn/securities/hk-ipo-detail/dp?symbol=09999,
