date,open,close
2019-10-08,3574.3,3590.37
2019-10-09,3569.98,3565.54
2019-10-10,3550.72,3561.86
2019-10-11,3594.53,3648.78
2019-10-14,3681.12,3687.61
2019-10-15,3701.91,3688.41
2019-10-16,3692.96,3705.62
2019-10-17,3724.13,3734.44
2019-10-18,3743.94,3713.67
2019-10-21,3714.63,3730.01
2019-10-22,3749.05,3740.26
2019-10-23,3738.75,3725.12
2019-10-24,3738.36,3760.8
2019-10-25,3758.11,3730.16
2019-10-28,3746.84,3751.44
2019-10-29,3764.17,3730.83
2019-10-30,3735.61,3705.54
2019-10-31,3709.91,3737.9
2019-11-01,3729.3,3772.14
2019-11-04,3803.46,3841.74
2019-11-05,3846.72,3856.36
2019-11-06,3854.51,3859.67
2019-11-07,3867.85,3886.2
2019-11-08,3895.0,3864.38
2019-11-11,3823.32,3762.56
2019-11-12,3779.88,3781.45
2019-11-13,3737.87,3710.46
2019-11-14,3691.99,3680.16
2019-11-15,3703.8,3682.75
2019-11-18,3699.71,3729.95
2019-11-19,3730.58,3779.56
2019-11-20,3756.23,3744.1
2019-11-21,3705.15,3690.12
2019-11-22,3704.46,3706.47
2019-11-25,3742.53,3760.03
2019-11-26,3782.27,3751.92
2019-11-27,3752.93,3760.49
2019-11-28,3739.66,3752.24
2019-11-29,3731.46,3678.58
2019-12-02,3690.31,3690.89
2019-12-03,3671.66,3683.38
2019-12-04,3645.8,3636.2
2019-12-05,3665.3,3652.62
2019-12-06,3662.44,3682.3
2019-12-09,3685.93,3682.7
2019-12-10,3673.14,3681.03
2019-12-11,3672.95,3714.5
2019-12-12,3740.08,3753.48
2019-12-13,3819.17,3854.95
2019-12-16,3827.16,3817.62
2019-12-17,3830.36,3873.46
2019-12-18,3875.3,3877.5
2019-12-19,3881.94,3863.99
2019-12-20,3858.83,3862.44
2019-12-23,3881.48,3850.97
2019-12-24,3846.55,3844.53
2019-12-25,3846.55,3844.53
2019-12-26,3846.55,3844.53
2019-12-27,3865.36,3887.86
2019-12-30,3893.88,3905.99
2019-12-31,3899.03,3889.55
2020-01-02,3898.66,3952.58
2020-01-03,3991.61,3943.95
2020-01-06,3921.59,3913.31
2020-01-07,3930.16,3918.86
2020-01-08,3872.61,3866.89
2020-01-09,3904.11,3932.09
2020-01-10,3944.18,3938.66
2020-01-13,3951.15,3977.34
2020-01-14,4002.99,3969.66
2020-01-15,3973.25,3956.72
2020-01-16,3959.96,3955.64
2020-01-17,3969.88,3986.56
2020-01-20,3979.19,3943.52
2020-01-21,3892.4,3827.62
2020-01-22,3840.71,3869.91
2020-01-23,3849.46,3821.34
2020-02-03,3575.37,3602.47
2020-02-04,3609.74,3639.62
2020-02-05,3648.46,3658.03
2020-02-06,3710.91,3742.1
2020-02-07,3720.93,3726.29
2020-02-10,3689.7,3705.69
2020-02-11,3737.06,3751.74
2020-02-12,3770.85,3784.17
2020-02-13,3799.42,3758.13
2020-02-14,3751.8,3777.23
2020-02-17,3771.89,3799.55
2020-02-18,3776.17,3743.15
2020-02-19,3724.83,3751.41
2020-02-20,3749.38,3755.47
2020-02-21,3737.74,3725.49
2020-02-24,3697.64,3660.28
2020-02-25,3639.7,3650.56
2020-02-26,3591.99,3630.15
2020-02-27,3604.32,3648.88
2020-02-28,3579.73,3569.94
2020-03-02,3561.1,3588.68
2020-03-03,3598.15,3577.03
2020-03-04,3573.56,3549.41
2020-03-05,3569.91,3621.2
2020-03-06,3569.27,3542.46
2020-03-09,3422.34,3398.27
2020-03-10,3417.13,3446.05
2020-03-11,3458.68,3435.9
2020-03-12,3361.88,3322.26
2020-03-13,3084.43,3296.55
2020-03-16,3206.42,3168.04
2020-03-17,3156.0,3200.96
2020-03-18,3176.81,3098.63
2020-03-19,3070.24,3009.36
2020-03-20,3060.51,3157.16
2020-03-23,3010.63,3016.54
2020-03-24,3115.12,3137.19
2020-03-25,3212.11,3246.43
2020-03-26,3242.41,3219.69
2020-03-27,3269.42,3232.77
2020-03-30,3171.6,3198.83
2020-03-31,3253.63,3244.65
2020-04-01,3200.47,3147.63
2020-04-02,3101.28,3144.65
2020-04-03,3105.13,3123.78
2020-04-07,3217.83,3232.93
2020-04-08,3218.59,3199.3
2020-04-09,3220.37,3229.09
2020-04-10,3220.37,3229.09
2020-04-13,3220.37,3229.09
2020-04-14,3234.06,3251.19
2020-04-15,3246.19,3204.65
2020-04-16,3177.42,3161.13
2020-04-17,3209.01,3216.5
2020-04-20,3245.57,3213.48
2020-04-21,3206.96,3151.56
2020-04-22,3117.31,3147.93
2020-04-23,3146.36,3140.87
2020-04-24,3131.35,3133.49
2020-04-27,3157.56,3197.76
2020-04-28,3216.63,3241.58
2020-04-29,3268.89,3263.56
2020-04-30,3268.89,3263.56
2020-05-06,3145.62,3177.25
2020-05-07,3172.32,3162.27
2020-05-08,3185.81,3186.96
2020-05-11,3213.69,3225.41
2020-05-12,3194.62,3185.27
2020-05-13,3166.65,3169.36
2020-05-14,3130.12,3115.34
2020-05-15,3121.53,3124.3
2020-05-18,3117.24,3133.79
2020-05-19,3206.29,3207.23
2020-05-20,3214.9,3196.89
2020-05-21,3225.11,3196.77
2020-05-22,3131.57,3020.28
2020-05-25,2991.74,3024.5
2020-05-26,3052.43,3068.66
2020-05-27,3091.32,3071.82
2020-05-28,3070.47,3077.57
2020-05-29,3027.67,3036.08
2020-06-01,3107.63,3127.71
2020-06-02,3135.58,3171.7
2020-06-03,3211.01,3228.78
2020-06-04,3283.79,3241.68
2020-06-05,3252.48,3303.2
2020-06-08,3336.52,3309.37
2020-06-09,3323.0,3331.29
2020-06-10,3337.07,3325.33
2020-06-11,3311.28,3238.11
2020-06-12,3168.19,3212.33
2020-06-15,3182.04,3151.59
2020-06-16,3210.5,3205.78
2020-06-17,3208.17,3221.85
2020-06-18,3206.7,3210.28
2020-06-19,3194.88,3234.48
2020-06-22,3218.01,3218.98
2020-06-23,3229.84,3261.75
2020-06-24,3277.61,3250.18
2020-06-29,3233.57,3188.4
2020-06-30,3209.35,3196.01
2020-07-01,3209.35,3196.01
2020-07-02,3202.63,3282.23
2020-07-03,3308.63,3318.07
2020-07-06,3345.2,3514.51
2020-07-07,3571.5,3460.13
2020-07-08,3468.51,3474.15
2020-07-09,3510.65,3469.44
2020-07-10,3434.48,3389.8
2020-07-13,3414.73,3393.85
2020-07-14,3377.15,3348.2
2020-07-15,3394.49,3328.21
2020-07-16,3342.6,3279.9
2020-07-17,3300.99,3277.19
2020-07-20,3269.87,3297.73
2020-07-21,3346.13,3341.91
2020-07-22,3339.03,3273.3
2020-07-23,3293.88,3285.97
2020-07-24,3268.41,3216.58
2020-07-27,3245.78,3208.17
2020-07-28,3242.88,3208.26
2020-07-29,3204.81,3234.42
2020-07-30,3242.52,3192.02
2020-07-31,3189.07,3165.7
2020-08-03,3169.61,3133.4
2020-08-04,3156.24,3207.93
2020-08-05,3216.05,3207.7
2020-08-06,3219.87,3195.49
2020-08-07,3192.27,3158.54
2020-08-10,3149.58,3156.48
2020-08-11,3187.69,3208.4
2020-08-12,3210.26,3263.26
2020-08-13,3295.35,3246.79
2020-08-14,3230.77,3249.29
2020-08-17,3249.65,3296.65
2020-08-18,3308.57,3288.17
2020-08-19,3282.75,3269.18
2020-08-20,3249.81,3203.73
2020-08-21,3229.51,3233.58
2020-08-24,3248.12,3271.82
2020-08-25,3279.02,3263.11
2020-08-26,3258.36,3245.77
2020-08-27,3240.57,3218.91
2020-08-28,3235.97,3252.41
2020-08-31,3288.83,3213.37
2020-09-01,3203.69,3211.2
2020-09-02,3210.02,3182.2
2020-09-03,3171.61,3180.4
2020-09-04,3145.22,3151.74
2020-09-07,3149.43,3164.66
2020-09-08,3185.47,3201.84
2020-09-09,3166.82,3178.42
2020-09-10,3185.08,3144.7
2020-09-11,3149.07,3148.57
2020-09-14,3158.06,3148.6
2020-09-15,3152.16,3163.16
2020-09-16,3165.24,3148.27
2020-09-17,3142.03,3103.41
2020-09-18,3122.68,3137.92
2020-09-21,3142.79,3071.66
2020-09-22,3052.43,3042.69
2020-09-23,3037.17,3030.43
2020-09-24,3005.38,2973.78
2020-09-25,2981.01,2967.55
2020-09-28,2970.19,3022.85
2020-09-29,3025.76,2978.61
2020-09-30,3009.57,2983.8
2020-10-09,3088.0,3060.55
2020-10-12,3076.88,3131.49
2020-10-13,3076.88,3131.49
2020-10-14,3140.4,3122.35
2020-10-15,3106.18,3072.98
2020-10-16,3066.73,3132.18
2020-10-19,3156.95,3169.5
2020-10-20,3177.63,3161.5
2020-10-21,3169.78,3180.07
2020-10-22,3175.12,3209.96
2020-10-23,3209.45,3247.23
2020-10-26,3209.45,3247.23
2020-10-27,3234.94,3202.08
2020-10-28,3191.72,3168.34
2020-10-29,3104.35,3141.35
2020-10-30,3138.81,3070.02
2020-11-02,3088.71,3127.05
2020-11-03,3165.01,3207.84
2020-11-04,3228.66,3207.82
2020-11-05,3272.36,3270.59
2020-11-06,3286.94,3289.23
2020-11-09,3343.13,3341.1
2020-11-10,3452.96,3441.81
2020-11-11,3481.73,3496.54
2020-11-12,3494.6,3437.96
2020-11-13,3415.87,3389.88
2020-11-16,3425.91,3440.08
2020-11-17,3468.06,3482.63
2020-11-18,3475.6,3503.46
2020-11-19,3496.08,3467.54
2020-11-20,3472.2,3460.87
2020-11-23,3472.77,3463.38
2020-11-24,3473.53,3468.8
2020-11-25,3515.63,3525.25
2020-11-26,3518.24,3555.83
2020-11-27,3546.56,3589.38
2020-11-30,3599.91,3530.98
2020-12-01,3544.7,3599.6
2020-12-02,3624.82,3616.11
2020-12-03,3627.3,3616.85
2020-12-04,3628.68,3639.16
2020-12-07,3641.79,3577.6
2020-12-08,3560.42,3512.16
2020-12-09,3539.28,3544.58
2020-12-10,3532.6,3532.48
2020-12-11,3550.74,3524.4
2020-12-14,3538.64,3525.34
2020-12-15,3534.36,3503.84
2020-12-16,3533.12,3531.23
2020-12-17,3542.65,3543.26
2020-12-18,3539.35,3507.24
2020-12-21,3494.08,3479.33
2020-12-22,3478.17,3442.4
2020-12-23,3434.98,3448.03
2020-12-24,3462.28,3494.26
2020-12-25,3462.28,3494.26
2020-12-28,3502.21,3561.63
2020-12-29,3571.95,3573.72
2020-12-30,3579.11,3618.94
2020-12-31,3626.86,3621.79
2021-01-04,3604.9,3636.8
2021-01-05,3619.3,3645.89
2021-01-06,3626.54,3642.27
2021-01-07,3696.8,3709.0
2021-01-08,3733.33,3750.48
2021-01-11,3753.3,3756.43
2021-01-12,3754.39,3850.6
2021-01-13,3858.82,3833.59
2021-01-14,3837.71,3818.81
2021-01-15,3829.76,3895.12
2021-01-18,3887.13,3895.95
2021-01-19,3922.75,4004.25
2021-01-20,4011.79,3963.04
2021-01-21,3963.1,3981.25
2021-01-22,3957.05,3865.84
2021-01-25,3895.98,3928.01
2021-01-26,3904.05,3843.29
2021-01-27,3864.09,3845.68
2021-01-28,3794.87,3741.58
2021-01-29,3769.63,3693.29
2021-02-01,3679.01,3721.82
2021-02-02,3760.27,3756.25
2021-02-03,3768.22,3760.33
2021-02-04,3736.04,3749.05
2021-02-05,3782.84,3789.44
2021-02-08,3826.23,3784.2
2021-02-09,3800.78,3801.13
2021-02-10,3840.05,3869.18
2021-02-18,4060.63,3990.19
2021-02-19,3969.46,3983.22
2021-02-22,4042.97,3984.26
2021-02-23,3994.33,4067.3
2021-02-24,4071.89,3938.15
2021-02-25,3988.31,3989.81
2021-02-26,3942.34,3865.47
2021-03-01,3900.96,3879.81
2021-03-02,3885.36,3819.91
2021-03-03,3842.58,3957.19
2021-03-04,3938.19,3936.44
2021-03-05,3876.77,3929.13
2021-03-08,3971.28,3928.32
2021-03-09,3953.48,3952.62
2021-03-10,3966.83,3941.37
2021-03-11,3933.18,3977.17
2021-03-12,3957.37,3888.0
2021-03-15,3908.54,3955.51
2021-03-16,3958.24,3932.81
2021-03-17,3932.57,3926.55
2021-03-18,3954.34,3956.26
2021-03-19,3951.74,3908.08
2021-03-22,3874.5,3908.58
2021-03-23,3916.47,3875.25
2021-03-24,3868.4,3788.71
2021-03-25,3795.07,3824.7
2021-03-26,3851.36,3860.2
2021-03-29,3866.4,3907.76
2021-03-30,3927.7,3901.0
2021-03-31,3932.82,3864.05
2021-04-01,3863.86,3883.65
2021-04-02,3863.86,3883.65
2021-04-06,3863.86,3883.65
2021-04-07,3900.88,3852.92
2021-04-08,3873.5,3922.66
2021-04-09,3939.41,3894.36
2021-04-12,3895.2,3859.6
2021-04-13,3872.55,3894.86
2021-04-14,3911.05,3908.35
2021-04-15,3898.85,3888.7
2021-04-16,3883.26,3888.5
2021-04-19,3896.55,3914.08
2021-04-20,3907.04,3932.52
2021-04-21,3882.93,3876.14
2021-04-22,3873.78,3861.25
2021-04-23,3856.29,3888.03
2021-04-26,3887.03,3874.16
2021-04-27,3881.86,3881.09
2021-04-28,3898.7,3909.48
2021-04-29,3929.54,3956.71
2021-04-30,3956.83,3875.43
2021-05-06,3879.18,3878.1
2021-05-07,3891.47,3900.39
2021-05-10,3923.07,3912.55
2021-05-11,3898.32,3847.87
2021-05-12,3841.76,3832.36
2021-05-13,3804.05,3784.79
2021-05-14,3848.52,3887.85
2021-05-17,3901.14,3894.27
2021-05-18,3923.54,3932.24
2021-05-19,3923.54,3932.24
2021-05-20,3908.0,3882.3
2021-05-21,3905.04,3879.64
2021-05-24,3880.28,3883.3
2021-05-25,3876.41,3956.23
2021-05-26,3966.87,3979.81
2021-05-27,3944.26,3958.24
2021-05-28,3981.75,4006.25
2021-05-31,4002.79,3951.95
2021-06-01,3944.23,3953.79
2021-06-02,3934.28,3926.09
2021-06-03,3938.89,3874.71
2021-06-04,3876.09,3881.97
2021-06-07,3885.08,3862.22
2021-06-08,3877.34,3870.56
2021-06-09,3870.27,3849.01
2021-06-10,3848.31,3822.14
2021-06-11,3829.05,3820.65
2021-06-15,3819.29,3771.83
2021-06-16,3781.0,3796.3
2021-06-17,3776.53,3794.49
2021-06-18,3771.91,3773.51
2021-06-21,3725.11,3709.11
2021-06-22,3727.1,3710.86
2021-06-23,3729.09,3754.05
2021-06-24,3752.5,3755.1
2021-06-25,3763.44,3790.73
2021-06-28,3777.93,3746.62
2021-06-29,3751.72,3710.24
2021-06-30,3721.95,3702.26
2021-07-01,3721.95,3702.26
2021-07-02,3710.86,3672.59
2021-07-05,3647.46,3675.88
2021-07-06,3681.16,3694.54
2021-07-07,3659.29,3670.1
2021-07-08,3677.36,3590.77
2021-07-09,3589.34,3575.14
2021-07-12,3629.82,3589.11
2021-07-13,3618.66,3640.98
2021-07-14,3627.88,3590.46
2021-07-15,3595.48,3636.59
2021-07-16,3635.43,3649.57
2021-07-19,3629.32,3588.53
2021-07-20,3572.07,3558.64
2021-07-21,3571.13,3567.51
2021-07-22,3592.55,3627.29
2021-07-23,3622.97,3589.58
2021-07-26,3557.02,3508.66
2021-07-27,3511.24,3439.6
2021-07-28,3469.04,3452.19
2021-07-29,3510.85,3499.07
2021-07-30,3501.45,3500.13
2021-08-02,3517.97,3541.09
2021-08-03,3541.94,3547.27
2021-08-04,3549.47,3543.67
2021-08-05,3532.85,3532.4
2021-08-06,3524.05,3526.9
2021-08-09,3526.93,3562.84
2021-08-10,3572.93,3564.07
2021-08-11,3556.83,3601.4
2021-08-12,3593.95,3556.14
2021-08-13,3533.54,3558.8
2021-08-16,3572.36,3572.6
2021-08-17,3585.28,3560.44
2021-08-18,3574.74,3601.43
2021-08-19,3587.51,3543.26
2021-08-20,3545.55,3500.76
2021-08-23,3541.6,3535.83
2021-08-24,3543.88,3531.57
2021-08-25,3528.42,3527.57
2021-08-26,3518.64,3495.92
2021-08-27,3488.51,3522.92
2021-08-30,3520.21,3492.63
2021-08-31,3479.31,3481.35
2021-09-01,3475.31,3520.91
2021-09-02,3506.64,3508.89
2021-09-03,3517.87,3507.06
2021-09-06,3504.75,3543.95
2021-09-07,3538.18,3554.3
2021-09-08,3549.29,3535.13
2021-09-09,3525.83,3506.34
2021-09-10,3510.91,3567.84
2021-09-13,3535.96,3560.54
2021-09-14,3562.97,3506.29
2021-09-15,3510.39,3466.32
2021-09-16,3469.91,3424.79
2021-09-17,3408.72,3410.1
2021-09-22,3408.72,3320.54
2021-09-23,3375.2,3351.56
2021-09-24,3355.57,3319.78
2021-09-27,3320.78,3332.99
2021-09-28,3345.99,3346.0
2021-09-29,3339.07,3401.38
2021-09-30,3407.26,3404.23
2021-10-08,3474.89,3458.78
2021-10-11,3475.78,3479.46
2021-10-12,3447.77,3443.4
2021-10-13,3447.77,3443.4
2021-10-14,3447.77,3443.4
2021-10-15,3465.37,3472.99
2021-10-18,3487.33,3460.27
2021-10-19,3465.54,3508.97
2021-10-20,3537.1,3528.44
2021-10-21,3529.11,3541.32
2021-10-22,3554.69,3539.2
2021-10-25,3541.24,3551.45
2021-10-26,3563.36,3549.77
2021-10-27,3533.17,3524.27
2021-10-28,3511.01,3497.11
2021-10-29,3479.17,3469.05
2021-11-01,3458.66,3483.96
2021-11-02,3529.83,3461.5
2021-11-03,3444.47,3437.54
2021-11-04,3436.54,3429.74
2021-11-05,3399.58,3390.88
2021-11-08,3389.34,3420.67
2021-11-09,3431.91,3404.13
2021-11-10,3378.32,3372.45
2021-11-11,3362.03,3413.01
2021-11-12,3431.32,3410.58
2021-11-15,3421.73,3420.21
2021-11-16,3423.65,3443.33
2021-11-17,3426.84,3432.14
2021-11-18,3412.12,3419.73
2021-11-19,3404.77,3419.51
2021-11-22,3422.16,3414.99
2021-11-23,3402.88,3408.22
2021-11-24,3429.44,3428.44
2021-11-25,3435.27,3427.56
2021-11-26,3404.06,3341.63
2021-11-29,3332.01,3314.47
2021-11-30,3308.27,3259.02
2021-12-01,3283.73,3291.4
2021-12-02,3292.57,3334.6
2021-12-03,3333.71,3361.2
2021-12-06,3328.8,3366.45
2021-12-07,3390.71,3417.65
2021-12-08,3429.05,3414.76
2021-12-09,3429.34,3429.41
2021-12-10,3400.22,3404.93
2021-12-13,3429.44,3399.38
2021-12-14,3359.31,3355.34
2021-12-15,3348.81,3348.93
2021-12-16,3343.82,3352.2
2021-12-17,3367.6,3366.18
2021-12-20,3342.54,3320.43
2021-12-21,3342.34,3322.69
2021-12-22,3334.63,3330.01
2021-12-23,3343.67,3353.61
2021-12-24,3367.15,3362.43
2021-12-27,3367.15,3362.43
2021-12-28,3362.85,3388.53
2021-12-29,3394.32,3382.24
2021-12-30,3394.03,3378.99
2021-12-31,3392.17,3375.45
2022-01-04,3402.98,3414.5
2022-01-05,3452.03,3440.46
2022-01-06,3432.97,3437.02
2022-01-07,3463.92,3517.01
2022-01-10,3531.59,3561.24
2022-01-11,3551.15,3554.97
2022-01-12,3577.03,3594.81
2022-01-13,3620.24,3637.32
2022-01-14,3648.56,3647.92
2022-01-17,3652.56,3632.74
2022-01-18,3640.29,3625.48
2022-01-19,3649.99,3656.74
2022-01-20,3675.15,3744.41
2022-01-21,3765.08,3740.71
2022-01-24,3720.97,3730.01
2022-01-25,3672.39,3665.42
2022-01-26,3693.49,3694.05
2022-01-27,3676.65,3674.37
2022-01-28,3682.42,3629.55
2022-02-07,3752.67,3774.11
2022-02-08,3803.83,3799.58
2022-02-09,3823.79,3837.61
2022-02-10,3843.73,3834.32
2022-02-11,3835.27,3870.3
2022-02-14,3870.4,3829.58
2022-02-15,3807.17,3757.75
2022-02-16,3780.62,3809.56
2022-02-17,3814.26,3808.02
2022-02-18,3787.89,3796.08
2022-02-21,3793.17,3812.0
2022-02-22,3751.66,3699.64
2022-02-23,3725.28,3713.96
2022-02-24,3666.83,3597.47
2022-02-25,3553.11,3550.3
2022-02-28,3561.37,3542.25
2022-03-01,3544.37,3539.78
2022-03-02,3484.23,3447.29
2022-03-03,3482.07,3502.13
2022-03-04,3439.14,3444.89
2022-03-07,3346.33,3294.1
2022-03-08,3290.57,3256.71
2022-03-09,3251.75,3234.5
2022-03-10,3300.36,3304.87
2022-03-11,3289.5,3318.98
2022-03-14,3313.63,3296.03
2022-03-15,3256.59,3151.09
2022-03-16,3200.46,3240.61
2022-03-17,3374.2,3419.34
2022-03-18,3403.97,3446.27
2022-03-21,3470.67,3412.89
2022-03-22,3426.96,3467.47
2022-03-23,3466.53,3491.08
2022-03-24,3469.65,3485.14
2022-03-25,3465.97,3448.49
2022-03-28,3436.14,3464.33
2022-03-29,3461.64,3467.41
2022-03-30,3485.6,3518.43
2022-03-31,3530.15,3524.05
2022-04-01,3513.66,3542.17
2022-04-06,3556.21,3533.16
2022-04-07,3518.3,3509.38
2022-04-08,3506.97,3546.64
2022-04-11,3533.55,3483.66
2022-04-12,3481.95,3462.52
2022-04-13,3443.65,3457.29
2022-04-14,3459.76,3471.84
2022-04-15,3459.76,3471.84
2022-04-18,3459.76,3471.84
2022-04-19,3405.5,3409.89
2022-04-20,3399.59,3403.81
2022-04-21,3404.22,3413.5
2022-04-22,3373.71,3400.83
2022-04-25,3347.51,3275.27
2022-04-26,3260.87,3211.99
2022-04-27,3166.04,3198.67
2022-04-28,3212.18,3262.61
2022-04-29,3263.42,3279.52
2022-05-05,3336.05,3285.13
2022-05-06,3229.88,3193.18
2022-05-09,3229.88,3193.18
2022-05-10,3140.38,3166.01
2022-05-11,3153.78,3152.09
2022-05-12,3128.64,3102.16
2022-05-13,3122.46,3150.06
2022-05-16,3154.99,3152.98
2022-05-17,3179.21,3228.55
2022-05-18,3253.55,3230.08
2022-05-19,3192.61,3195.5
2022-05-20,3236.43,3276.4
2022-05-23,3263.72,3250.38
2022-05-24,3247.68,3235.45
2022-05-25,3257.45,3261.57
2022-05-26,3285.38,3268.42
2022-05-27,3304.69,3328.39
2022-05-30,3360.12,3354.33
2022-05-31,3356.48,3369.59
2022-06-01,3371.62,3362.25
2022-06-02,3338.23,3336.98
2022-06-06,3347.44,3384.5
2022-06-07,3370.09,3352.19
2022-06-08,3368.52,3361.21
2022-06-09,3341.31,3347.91
2022-06-10,3313.52,3316.97
2022-06-13,3238.95,3246.23
2022-06-14,3223.91,3260.67
2022-06-15,3248.72,3308.61
2022-06-16,3328.35,3272.43
2022-06-17,3267.33,3300.25
2022-06-20,3283.14,3311.5
2022-06-21,3338.53,3387.07
2022-06-22,3371.77,3326.39
2022-06-23,3332.85,3343.07
2022-06-24,3349.2,3368.89
2022-06-27,3400.93,3435.88
2022-06-28,3428.89,3469.93
2022-06-29,3438.41,3425.46
2022-06-30,3425.18,3423.11
2022-07-01,3425.18,3423.11
2022-07-04,3375.34,3378.76
2022-07-05,3394.35,3377.49
2022-07-06,3348.16,3306.14
2022-07-07,3262.68,3301.11
2022-07-08,3332.21,3308.56
2022-07-11,3283.06,3257.66
2022-07-12,3245.23,3243.75
2022-07-13,3252.01,3222.18
2022-07-14,3218.54,3173.94
2022-07-15,3138.11,3111.26
2022-07-18,3135.74,3190.71
2022-07-19,3163.86,3171.11
2022-07-20,3201.76,3189.66
2022-07-21,3169.5,3115.1
2022-07-22,3129.9,3130.25
2022-07-25,3124.23,3150.98
2022-07-26,3170.27,3202.68
2022-07-27,3179.32,3187.29
2022-07-28,3184.35,3174.18
2022-07-29,3174.09,3142.01
2022-08-01,3128.87,3158.34
2022-08-02,3136.63,3084.24
2022-08-03,3087.5,3071.82
2022-08-04,3093.98,3115.85
2022-08-05,3122.09,3123.42
2022-08-08,3121.76,3133.45
2022-08-09,3129.99,3133.99
2022-08-10,3128.61,3093.77
2022-08-11,3106.77,3142.45
2022-08-12,3144.74,3155.71
2022-08-15,3132.74,3126.85
2022-08-16,3124.18,3110.71
2022-08-17,3135.85,3109.56
2022-08-18,3102.15,3060.48
2022-08-19,3048.28,3065.84
2022-08-22,3041.18,3042.92
2022-08-23,3039.28,3018.63
2022-08-24,3022.83,2995.28
2022-08-25,3021.38,3070.04
2022-08-26,3077.23,3080.08
2022-08-29,3038.11,3057.43
2022-08-30,3054.38,3048.55
2022-08-31,3013.02,3045.61
2022-09-01,3019.26,3020.59
2022-09-02,3010.55,3001.76
2022-09-05,2996.97,2991.83
2022-09-06,2997.98,2998.13
2022-09-07,2961.89,2965.61
2022-09-08,2964.84,2942.19
2022-09-09,2950.51,3014.96
2022-09-13,3022.59,3014.07
2022-09-14,2965.92,2946.56
2022-09-15,2942.08,2952.98
2022-09-16,2933.3,2932.64
2022-09-19,2931.32,2926.15
2022-09-20,2934.46,2937.03
2022-09-21,2919.8,2905.17
2022-09-22,2856.23,2850.16
2022-09-23,2846.74,2845.77
2022-09-26,2806.59,2775.13
2022-09-27,2768.91,2760.33
2022-09-28,2740.3,2664.43
2022-09-29,2695.62,2640.34
2022-09-30,2641.14,2685.13
2022-10-10,2713.49,2695.13
2022-10-11,2695.88,2650.3
2022-10-12,2645.9,2642.09
2022-10-13,2645.92,2601.8
2022-10-14,2657.77,2633.46
2022-10-17,2624.7,2653.9
2022-10-18,2689.9,2687.03
2022-10-19,2675.05,2661.88
2022-10-20,2639.51,2660.97
2022-10-21,2669.98,2649.05
2022-10-24,2628.39,2525.41
2022-10-25,2540.48,2483.1
2022-10-26,2480.38,2500.15
2022-10-27,2530.07,2514.99
2022-10-28,2520.94,2453.11
2022-10-31,2458.32,2421.61
2022-11-01,2442.31,2501.2
2022-11-02,2498.66,2534.66
2022-11-03,2502.65,2477.09
2022-11-04,2482.42,2576.24
2022-11-07,2597.12,2660.7
2022-11-08,2675.09,2670.24
2022-11-09,2672.71,2667.2
2022-11-10,2648.57,2631.26
2022-11-11,2744.77,2789.48
2022-11-14,2876.57,2839.0
2022-11-15,2851.53,2904.02
2022-11-16,2878.97,2883.23
2022-11-17,2866.8,2874.4
2022-11-18,2883.66,2846.58
2022-11-21,2812.72,2822.26
2022-11-22,2823.05,2836.69
2022-11-23,2842.53,2855.92
2022-11-24,2879.97,2885.85
2022-11-25,2898.05,2906.23
2022-11-28,2841.61,2835.87
2022-11-29,2855.67,2962.49
2022-11-30,2975.07,3010.53
2022-12-01,3052.19,3029.22
2022-12-02,3029.43,2996.15
2022-12-05,3058.88,3101.36
2022-12-06,3079.48,3104.45
2022-12-07,3100.03,3014.68
2022-12-08,3021.56,3094.35
2022-12-09,3101.43,3142.17
2022-12-12,3120.53,3115.43
2022-12-13,3116.59,3138.05
2022-12-14,3151.51,3123.22
2022-12-15,3110.31,3097.47
2022-12-16,3105.38,3105.76
2022-12-19,3099.54,3075.72
2022-12-20,3056.16,3067.09
2022-12-21,3086.59,3086.04
2022-12-22,3129.19,3120.16
2022-12-23,3095.02,3133.44
2022-12-26,3095.02,3133.44
2022-12-27,3095.02,3133.44
2022-12-28,3156.25,3190.36
2022-12-29,3162.15,3166.14
2022-12-30,3200.5,3188.99
2023-01-03,3151.13,3225.01
2023-01-04,3251.54,3318.21
2023-01-05,3369.42,3320.57
2023-01-06,3333.01,3331.86
2023-01-09,3365.9,3370.3
2023-01-10,3370.14,3347.81
2023-01-11,3363.41,3359.04
2023-01-12,3379.26,3401.82
2023-01-13,3424.53,3439.82
2023-01-16,3438.37,3458.02
2023-01-17,3445.04,3419.3
2023-01-18,3414.93,3439.37
2023-01-19,3421.14,3444.74
2023-01-20,3458.17,3480.44
2023-01-30,3554.85,3495.8
2023-01-31,3514.66,3466.32
2023-02-01,3469.65,3449.13
2023-02-02,3472.17,3425.29
2023-02-03,3406.03,3370.44
2023-02-06,3356.71,3341.23
2023-02-07,3346.44,3348.69
2023-02-08,3355.11,3376.48
2023-02-09,3359.7,3409.66
2023-02-10,3412.68,3376.98
2023-02-13,3352.11,3366.96
2023-02-14,3381.63,3381.76
2023-02-15,3376.04,3328.69
2023-02-16,3348.45,3349.62
2023-02-17,3339.42,3330.0
2023-02-20,3329.25,3364.92
2023-02-21,3359.36,3338.86
2023-02-22,3384.53,3359.03
2023-02-23,3347.39,3331.85
2023-02-24,3320.85,3305.61
2023-02-27,3277.31,3290.28
2023-02-28,3307.99,3284.76
2023-03-01,3301.57,3387.75
2023-03-02,3352.55,3373.6
2023-03-03,3400.58,3380.95
2023-03-06,3362.28,3380.54
2023-03-07,3379.25,3387.59
2023-03-08,3349.63,3329.01
2023-03-09,3338.81,3317.76
2023-03-10,3288.58,3228.57
2023-03-13,3228.85,3280.11
2023-03-14,3239.95,3181.33
2023-03-15,3227.86,3245.58
2023-03-16,3168.24,3179.28
2023-03-17,3204.82,3225.64
2023-03-20,3190.44,3126.76
2023-03-21,3161.56,3157.25
2023-03-22,3184.27,3229.35
2023-03-23,3222.22,3262.88
2023-03-24,3228.05,3222.03
2023-03-27,3206.62,3178.13
2023-03-28,3210.69,3224.27
2023-03-29,3262.6,3256.83
2023-03-30,3248.95,3254.74
2023-03-31,3277.87,3245.84
2023-04-03,3243.47,3266.2
2023-04-04,3279.85,3269.92
2023-04-06,3263.43,3271.96
2023-04-07,3263.43,3271.96
2023-04-10,3263.43,3271.96
2023-04-11,3305.92,3308.21
2023-04-12,3319.91,3322.41
2023-04-13,3291.21,3324.37
2023-04-14,3338.2,3334.68
2023-04-17,3339.36,3404.08
2023-04-18,3389.13,3401.84
2023-04-19,3397.11,3369.39
2023-04-20,3353.65,3374.32
2023-04-21,3369.12,3333.48
2023-04-24,3328.36,3316.23
2023-04-25,3316.32,3303.34
2023-04-26,3295.3,3308.23
2023-04-27,3329.28,3355.89
2023-04-28,3397.43,3357.79
2023-05-04,3417.25,3440.71
2023-05-05,3443.0,3437.0
2023-05-08,3457.5,3524.28
2023-05-09,3520.34,3467.53
2023-05-10,3469.38,3426.48
2023-05-11,3432.3,3416.1
2023-05-12,3404.36,3362.24
2023-05-15,3349.29,3423.51
2023-05-16,3454.2,3412.42
2023-05-17,3395.57,3345.02
2023-05-18,3362.8,3387.76
2023-05-19,3377.54,3361.16
2023-05-22,3363.31,3382.15
2023-05-23,3384.0,3337.27
2023-05-24,3326.2,3284.7
2023-05-25,3250.18,3235.66
2023-05-26,3250.18,3235.66
2023-05-29,3252.35,3239.68
2023-05-30,3230.6,3230.72
2023-05-31,3216.42,3178.73
2023-06-01,3170.17,3164.73
2023-06-02,3206.33,3239.96
2023-06-05,3263.92,3284.9
2023-06-06,3281.59,3283.58
2023-06-07,3311.77,3310.1
2023-06-08,3317.74,3341.59
2023-06-09,3343.21,3341.21
2023-06-12,3345.5,3343.2
2023-06-13,3329.23,3338.77
2023-06-14,3334.2,3308.84
2023-06-15,3327.21,3319.55
2023-06-16,3326.17,3347.7
2023-06-19,3351.94,3343.27
2023-06-20,3335.27,3320.18
2023-06-21,3285.07,3292.65
2023-06-26,3225.12,3207.18
2023-06-27,3222.28,3262.55
2023-06-28,3270.89,3275.23
2023-06-29,3284.52,3265.85
2023-06-30,3265.99,3265.62
2023-07-03,3281.39,3320.03
2023-07-04,3319.59,3322.46
2023-07-05,3304.82,3264.88
2023-07-06,3192.5,3127.24
2023-07-07,3113.13,3094.2
2023-07-10,3129.5,3092.53
2023-07-11,3109.38,3100.37
2023-07-12,3110.73,3133.23
2023-07-13,3181.38,3190.91
2023-07-14,3214.86,3202.82
2023-07-17,3214.86,3202.82
2023-07-18,3201.3,3160.62
2023-07-19,3144.88,3150.88
2023-07-20,3154.29,3151.28
2023-07-21,3156.18,3180.79
2023-07-24,3153.26,3115.45
2023-07-25,3166.8,3219.68
2023-07-26,3212.79,3211.91
2023-07-27,3226.45,3250.03
2023-07-28,3210.08,3300.21
2023-07-31,3326.79,3316.45
2023-08-01,3326.2,3306.51
2023-08-02,3280.19,3217.93
2023-08-03,3196.45,3204.15
2023-08-04,3238.44,3215.29
2023-08-07,3207.19,3204.14
2023-08-08,3184.61,3169.59
2023-08-09,3147.68,3165.32
2023-08-10,3144.91,3162.84
2023-08-11,3163.47,3129.87
2023-08-14,3073.61,3085.41
2023-08-15,3051.07,3048.63
2023-08-16,3012.55,2998.33
2023-08-17,2957.58,2982.5
2023-08-18,2969.98,2952.96
2023-08-21,2936.12,2891.16
2023-08-22,2889.88,2913.32
2023-08-23,2908.38,2924.5
2023-08-24,2947.12,2944.6
2023-08-25,2929.98,2927.68
2023-08-28,3009.89,2960.81
2023-08-29,2975.58,3009.1
2023-08-30,3038.64,3023.38
2023-08-31,3027.22,3006.48
2023-09-01,3027.22,3006.48
2023-09-04,3018.37,3079.37
2023-09-05,3052.45,3016.15
2023-09-06,3009.07,3025.85
2023-09-07,3019.22,2997.42
2023-09-08,3019.22,2997.42
2023-09-11,2964.86,2984.35
2023-09-12,2971.68,2983.2
2023-09-13,3005.0,2998.79
2023-09-14,3020.83,3005.85
2023-09-15,3030.56,3036.33
2023-09-18,3023.93,3003.58
2023-09-19,3002.51,3018.7
2023-09-20,3008.46,3017.27
2023-09-21,3001.06,2993.24
2023-09-22,2988.14,3044.65
2023-09-25,3041.76,3003.98
2023-09-26,2987.23,2957.37
2023-09-27,2961.51,2994.23
2023-09-28,2988.94,2962.17
2023-10-09,3025.58,3013.66
2023-10-10,3036.33,3026.61
2023-10-11,3068.02,3053.53
2023-10-12,3121.14,3129.36
2023-10-13,3097.46,3080.8
2023-10-16,3072.52,3053.91
2023-10-17,3080.82,3079.78
2023-10-18,3071.26,3073.38
2023-10-19,3037.16,2985.65
2023-10-20,2954.34,2967.27
2023-10-23,2954.34,2967.27
2023-10-24,2932.19,2939.04
2023-10-25,3000.06,2933.61
2023-10-26,2935.64,2922.23
2023-10-27,2950.87,2958.25
2023-10-30,2928.55,2923.15
2023-10-31,2908.18,2895.19
2023-11-01,2899.59,2905.91
2023-11-02,2923.27,2922.06
2023-11-03,2948.36,2984.42
2023-11-06,3022.88,3024.16
2023-11-07,3007.74,2975.16
2023-11-08,2965.48,2939.58
2023-11-09,2933.54,2930.13
2023-11-10,2910.12,2902.46
2023-11-13,2911.77,2932.3
2023-11-14,2953.61,2955.27
2023-11-15,3013.87,3049.52
2023-11-16,3053.37,3017.05
2023-11-17,2993.4,2985.93
2023-11-20,3016.26,3035.58
2023-11-21,3050.57,3018.98
2023-11-22,3013.99,3020.01
2023-11-23,3001.15,3043.15
2023-11-24,3015.94,2997.95
2023-11-27,3012.98,2985.47
2023-11-28,2986.99,2967.3
2023-11-29,2980.9,2927.25
2023-11-30,2928.99,2915.51
2023-12-01,2915.88,2901.73
2023-12-04,2916.84,2887.01
2023-12-05,2877.79,2828.45
2023-12-06,2822.37,2841.82
2023-12-07,2840.83,2830.47
2023-12-08,2837.18,2835.15
2023-12-11,2827.52,2824.94
2023-12-12,2825.23,2848.18
2023-12-13,2846.97,2833.17
2023-12-14,2863.13,2860.11
2023-12-15,2889.87,2917.25
2023-12-18,2893.93,2883.72
2023-12-19,2873.31,2866.31
2023-12-20,2878.14,2882.58
2023-12-21,2858.73,2887.14
2023-12-22,2906.99,2893.58
2023-12-25,2906.99,2893.58
2023-12-26,2906.99,2893.58
2023-12-27,2914.96,2921.95
2023-12-28,2934.98,2979.13
2023-12-29,2976.41,2983.64
2024-01-02,2991.89,2932.26
2024-01-03,2911.15,2925.06
2024-01-04,2916.3,2917.82
2024-01-05,2909.57,2915.73
2024-01-08,2880.11,2874.24
2024-01-09,2887.1,2885.2
2024-01-10,2871.25,2861.13
2024-01-11,2860.38,2880.98
2024-01-12,2858.69,2864.71
2024-01-15,2869.53,2867.29
2024-01-16,2833.05,2797.44
2024-01-17,2784.39,2709.07
2024-01-18,2704.34,2724.28
2024-01-19,2735.42,2731.64
2024-01-22,2734.49,2686.25
2024-01-23,2692.19,2754.52
2024-01-24,2776.14,2835.67
2024-01-25,2856.64,2894.42
2024-01-26,2895.2,2886.8
2024-01-29,2896.42,2907.49
2024-01-30,2884.77,2853.02
2024-01-31,2844.56,2837.9
2024-02-01,2844.64,2829.51
2024-02-02,2838.44,2813.28
2024-02-05,2792.03,2808.8
2024-02-06,2805.03,2898.29
2024-02-07,2930.98,2903.26
2024-02-08,2893.7,2880.42
2024-02-19,2943.98,2924.87
2024-02-20,2929.48,2939.79
2024-02-21,2936.15,2965.01
2024-02-22,2953.59,2985.8
2024-02-23,2971.66,2983.26
2024-02-26,2980.5,2958.01
2024-02-27,2947.62,2965.38
2024-02-28,2968.37,2934.78
2024-02-29,2926.82,2937.24
2024-03-01,2928.13,2942.3
2024-03-04,2942.47,2931.68
2024-03-05,2905.66,2880.68
2024-03-06,2887.09,2902.41
2024-03-07,2882.39,2869.34
2024-03-08,2882.5,2899.61
2024-03-11,2903.66,2914.97
2024-03-12,2922.37,2975.05
2024-03-13,2966.26,2964.63
2024-03-14,2964.74,2931.41
2024-03-15,2906.35,2889.88
2024-03-18,2895.79,2891.12
2024-03-19,2877.19,2853.07
2024-03-20,2854.53,2848.83
2024-03-21,2878.57,2905.33
2024-03-22,2900.05,2867.59
2024-03-25,2865.53,2843.15
2024-03-26,2838.72,2864.61
2024-03-27,2859.47,2828.95
2024-03-28,2817.68,2822.66
2024-03-29,2817.68,2822.66
2024-04-01,2817.68,2822.66
2024-04-02,2854.38,2882.36
2024-04-03,2874.88,2855.97
2024-04-08,2857.68,2872.37
2024-04-09,2887.32,2887.81
2024-04-10,2901.55,2915.38
2024-04-11,2888.34,2905.31
2024-04-12,2875.0,2830.76
2024-04-15,2796.52,2822.09
2024-04-16,2784.23,2771.7
2024-04-17,2762.46,2784.57
2024-04-18,2792.82,2832.68
2024-04-19,2813.02,2812.29
2024-04-22,2851.45,2854.53
2024-04-23,2879.82,2890.52
2024-04-24,2911.96,2936.39
2024-04-25,2932.74,2970.11
2024-04-26,2972.35,2999.5
2024-04-29,3031.23,3069.58
2024-04-30,3076.57,3078.43
2024-05-06,3187.61,3197.98
2024-05-07,3207.61,3201.46
2024-05-08,3210.98,3184.46
2024-05-09,3161.33,3191.34
2024-05-10,3216.03,3304.56
2024-05-13,3307.77,3312.31
2024-05-14,3321.89,3292.46
2024-05-15,3321.89,3292.46
2024-05-16,3312.88,3396.5
2024-05-17,3396.64,3413.71
2024-05-20,3427.95,3419.32
2024-05-21,3394.07,3375.71
2024-05-22,3382.67,3386.88
2024-05-23,3359.77,3342.06
2024-05-24,3320.18,3306.18
2024-05-27,3314.56,3334.31
2024-05-28,3331.68,3329.13
2024-05-29,3303.55,3272.99
2024-05-30,3255.5,3221.34
2024-05-31,3249.42,3214.65
2024-06-03,3244.53,3241.3
2024-06-04,3240.61,3232.68
2024-06-05,3245.16,3227.01
2024-06-06,3248.15,3224.88
2024-06-07,3228.94,3219.59
2024-06-11,3196.43,3173.45
2024-06-12,3140.76,3139.26
2024-06-13,3156.07,3144.38
2024-06-14,3128.61,3125.51
2024-06-17,3114.23,3135.16
2024-06-18,3139.42,3150.71
2024-06-19,3171.4,3224.49
2024-06-20,3229.36,3218.46
2024-06-21,3201.49,3180.41
2024-06-24,3165.07,3182.86
2024-06-25,3195.62,3187.36
2024-06-26,3161.36,3180.22
2024-06-27,3162.57,3146.65
2024-06-28,3129.55,3149.7
2024-07-01,3129.55,3149.7
2024-07-02,3132.37,3165.9
2024-07-03,3171.53,3159.35
2024-07-04,3144.38,3153.04
2024-07-05,3152.79,3085.17
2024-07-08,3044.8,3021.45
2024-07-09,3022.01,3019.81
2024-07-10,3026.15,3029.07
2024-07-11,3059.77,3081.79
2024-07-12,3099.81,3145.79
2024-07-15,3145.4,3116.67
2024-07-16,3089.04,3059.64
2024-07-17,3058.05,3069.05
2024-07-18,3066.37,3082.35
2024-07-19,3057.47,3027.9
2024-07-22,3034.0,3049.7
2024-07-23,3054.29,3052.12
2024-07-24,3054.27,3034.8
2024-07-25,3034.83,2992.62
2024-07-26,3000.15,2998.04
2024-07-29,3023.13,3039.65
2024-07-30,3031.73,3020.44
2024-07-31,3037.54,3080.47
2024-08-01,3072.97,3053.55
2024-08-02,2993.86,2994.74
2024-08-05,2944.28,2922.46
2024-08-06,2946.97,2912.34
2024-08-07,2916.09,2943.23
2024-08-08,2926.33,2944.61
2024-08-09,2973.26,2978.4
2024-08-12,2979.2,2995.75
2024-08-13,3003.65,3003.59
2024-08-14,3010.25,2996.33
2024-08-15,2978.39,3009.44
2024-08-16,3033.56,3051.31
2024-08-19,3062.57,3073.76
2024-08-20,3087.99,3081.68
2024-08-21,3062.55,3050.14
2024-08-22,3054.36,3095.55
2024-08-23,3084.71,3111.03
2024-08-26,3126.11,3134.07
2024-08-27,3130.69,3167.42
2024-08-28,3168.92,3152.09
2024-08-29,3144.7,3128.69
2024-08-30,3125.25,3128.12
2024-09-02,3106.8,3104.39
2024-09-03,3095.93,3070.95
2024-09-04,3042.93,3045.88
2024-09-05,3054.62,3053.24
2024-09-06,3054.62,3053.24
2024-09-09,3022.18,3015.88
2024-09-10,3017.0,3019.85
2024-09-11,2995.03,2980.15
2024-09-12,2985.57,3010.62
2024-09-13,3020.45,3036.26
2024-09-18,3020.45,3081.19
2024-09-19,3071.24,3120.47
2024-09-20,3127.66,3155.52
2024-09-23,3151.2,3171.74
2024-09-24,3214.72,3301.74
2024-09-25,3380.62,3346.44
2024-09-26,3364.04,3442.23
2024-09-27,3510.07,3510.56
2024-09-30,3562.19,3553.13
2024-10-08,3852.21,3533.48
2024-10-09,3576.99,3460.74
2024-10-10,3531.41,3564.82
2024-10-11,3531.41,3564.82
2024-10-14,3578.93,3573.79
2024-10-15,3572.52,3477.7
2024-10-16,3450.69,3495.02
2024-10-17,3524.06,3460.92
2024-10-18,3476.09,3557.13
2024-10-21,3548.45,3510.57
2024-10-22,3500.17,3499.73
2024-10-23,3507.91,3531.54
2024-10-24,3525.12,3527.03
2024-10-25,3528.68,3531.71
2024-10-28,3524.66,3524.51
2024-10-29,3537.02,3552.71
2024-10-30,3550.29,3507.22
2024-10-31,3517.63,3518.0
2024-11-01,3524.21,3542.25
2024-11-04,3547.98,3553.64
2024-11-05,3536.89,3626.04
2024-11-06,3598.52,3564.16
2024-11-07,3546.04,3649.36
2024-11-08,3676.95,3615.09
2024-11-11,3534.83,3536.53
2024-11-12,3527.53,3452.37
2024-11-13,3430.74,3450.64
2024-11-14,3431.96,3410.14
2024-11-15,3423.73,3396.9
2024-11-18,3441.49,3450.38
2024-11-19,3471.27,3465.93
2024-11-20,3459.5,3466.36
2024-11-21,3454.6,3443.54
2024-11-22,3451.32,3386.9
2024-11-25,3397.31,3374.62
2024-11-26,3370.45,3378.94
2024-11-27,3381.06,3426.43
2024-11-28,3414.61,3401.07
2024-11-29,3400.74,3415.72
2024-12-02,3432.12,3435.14
2024-12-03,3437.66,3487.27
2024-12-04,3478.83,3485.59
2024-12-05,3462.08,3469.38
2024-12-06,3479.29,3519.46
2024-12-09,3492.38,3587.87
2024-12-10,3665.27,3577.24
2024-12-11,3583.87,3550.91
2024-12-12,3560.2,3582.78
2024-12-13,3567.28,3521.5
2024-12-16,3517.28,3513.79
2024-12-17,3495.45,3508.11
2024-12-18,3517.68,3523.38
2024-12-19,3479.83,3499.33
2024-12-20,3497.7,3487.97
2024-12-23,3501.81,3550.98
2024-12-24,3545.91,3590.48
2024-12-25,3545.91,3590.48
2024-12-26,3545.91,3590.48
2024-12-27,3595.6,3584.84
2024-12-30,3584.24,3592.33
2024-12-31,3590.9,3596.79
2025-01-02,3557.52,3486.19
2025-01-03,3488.01,3480.93
2025-01-06,3499.92,3485.03
2025-01-07,3471.46,3471.85
2025-01-08,3464.8,3470.7
2025-01-09,3459.71,3444.96
2025-01-10,3460.33,3426.83
2025-01-13,3400.05,3393.75
2025-01-14,3394.33,3439.01
2025-01-15,3431.34,3456.84
2025-01-16,3482.81,3506.56
2025-01-17,3505.84,3497.57
2025-01-20,3528.51,3537.66
2025-01-21,3567.09,3568.83
2025-01-22,3560.59,3538.0
2025-01-23,3549.33,3564.49
2025-01-24,3594.86,3622.65
2025-01-27,3611.62,3636.93
2025-02-05,3659.68,3629.83
2025-02-06,3624.55,3654.8
2025-02-07,3655.54,3675.01
2025-02-10,3671.1,3700.38
2025-02-11,3707.35,3697.63
2025-02-12,3713.26,3780.31
2025-02-13,3799.7,3777.25
2025-02-14,3804.73,3836.45
2025-02-17,3826.87,3859.01
2025-02-18,3866.22,3884.65
2025-02-19,3869.82,3888.11
2025-02-20,3860.19,3850.83
2025-02-21,3870.92,3908.97
2025-02-24,3894.92,3904.44
2025-02-25,3866.61,3876.42
2025-02-26,3915.0,3985.57
2025-02-27,3975.14,3999.97
2025-02-28,3980.47,3921.58
2025-03-03,3956.28,3942.38
2025-03-04,3936.7,3953.7
2025-03-05,3974.42,4018.46
2025-03-06,4022.34,4058.49
2025-03-07,4034.01,4017.52
2025-03-10,4007.83,3991.07
2025-03-11,3926.29,3953.0
2025-03-12,3939.01,3955.06
2025-03-13,3954.94,3955.22
2025-03-14,3965.16,4007.77
2025-03-17,4054.55,4065.96
2025-03-18,4117.19,4123.38
2025-03-19,4136.32,4150.11
2025-03-20,4152.6,4090.92
2025-03-21,4068.9,4030.05
2025-03-24,4031.25,4058.41
2025-03-25,4027.17,3993.36
2025-03-26,4029.26,4001.71
2025-03-27,4000.59,4006.86
2025-03-28,4028.5,3984.84
2025-03-31,3958.57,3963.86
2025-04-01,3970.31,3988.84
2025-04-02,3979.6,4006.15
2025-04-03,3945.33,3947.89
2025-04-07,3604.72,3473.48
2025-04-08,3513.1,3476.47
2025-04-09,3388.33,3443.21
2025-04-10,3512.71,3528.87
2025-04-11,3499.67,3576.9
2025-04-14,3643.85,3688.95
2025-04-15,3697.97,3700.33
2025-04-16,3701.87,3682.64
2025-04-17,3693.71,3733.86
2025-04-18,3693.71,3733.86
2025-04-21,3693.71,3733.86
2025-04-22,3716.97,3772.58
2025-04-23,3820.19,3852.1
2025-04-24,3847.37,3845.26
2025-04-25,3868.73,3846.36
2025-04-28,3857.33,3859.42
2025-04-29,3882.22,3878.35
2025-04-30,3879.27,3858.23
2025-05-06,3922.35,3909.5
2025-05-07,3993.32,3955.62
2025-05-08,3926.64,3948.79
2025-05-09,3964.92,3980.01
2025-05-12,4027.23,4079.68
2025-05-13,4063.83,4059.82
2025-05-14,4083.83,4155.97
2025-05-15,4149.4,4133.98
2025-05-16,4128.49,4130.02
2025-05-19,4104.1,4118.21
2025-05-20,4130.25,4166.09
2025-05-21,4167.66,4176.69
2025-05-22,4165.14,4164.42
2025-05-23,4165.46,4177.99
2025-05-26,4166.75,4161.69
2025-05-27,4174.02,4178.78
2025-05-28,4164.67,4153.69
2025-05-29,4146.13,4191.33
2025-05-30,4169.53,4184.07
2025-06-03,4177.98,4225.79
2025-06-04,4222.53,4248.54
2025-06-05,4262.68,4280.2
2025-06-06,4289.62,4272.39
2025-06-09,4292.74,4344.42
2025-06-10,4343.37,4364.91
2025-06-11,4362.2,4416.11
2025-06-12,4409.45,4384.55
2025-06-13,4374.66,4369.04
2025-06-16,4355.35,4411.49
2025-06-17,4415.87,4383.06
2025-06-18,4361.08,4353.1
2025-06-19,4341.77,4276.93
2025-06-20,4274.12,4357.49
2025-06-23,4318.23,4393.72
2025-06-24,4413.69,4517.64
2025-06-25,4530.17,4601.03
2025-06-26,4584.09,4580.95
2025-06-27,4584.34,4543.75
2025-06-30,4540.45,4494.54
2025-07-01,4540.45,4494.54
2025-07-02,4522.13,4545.16
2025-07-03,4544.55,4519.85
2025-07-04,4494.34,4497.76
2025-07-07,4490.34,4501.47
2025-07-08,4513.24,4547.24
2025-07-09,4531.68,4519.9
2025-07-10,4516.52,4591.32
2025-07-11,4595.67,4612.05
2025-07-14,4596.42,4605.63
2025-07-15,4630.68,4611.84
2025-07-16,4608.8,4592.53
2025-07-17,4602.3,4578.08
2025-07-18,4614.91,4639.38
2025-07-21,4647.62,4645.38
2025-07-22,4656.12,4648.41
2025-07-23,4680.55,4710.99
2025-07-24,4720.29,4767.9
2025-07-25,4736.12,4715.74
2025-07-28,4726.46,4779.31
2025-07-29,4761.93,4751.13
2025-07-30,4748.64,4683.92
2025-07-31,4641.07,4613.79
2025-08-01,4600.9,4539.59
2025-08-04,4533.74,4584.15
2025-08-05,4586.07,4635.65
2025-08-06,4638.08,4625.47
2025-08-07,4644.56,4689.08
2025-08-08,4670.89,4651.29
2025-08-11,4671.93,4664.0
2025-08-12,4661.53,4700.11
2025-08-13,4719.08,4764.68
2025-08-14,4771.11,4764.87
2025-08-15,4745.27,4726.72
2025-08-18,4725.52,4695.59
2025-08-19,4709.16,4680.77
2025-08-20,4666.23,4706.73
2025-08-21,4731.32,4724.76
2025-08-22,4732.81,4732.12
2025-08-25,4768.49,4762.17
2025-08-26,4751.7,4687.72
2025-08-27,4702.64,4629.89
2025-08-28,4618.98,4653.48
2025-08-29,4663.66,4636.8
2025-09-01,4669.26,4648.68
2025-09-02,4635.02,4645.12
2025-09-03,4650.23,4605.71
2025-09-04,4630.08,4585.63
2025-09-05,4597.95,4633.37
2025-09-08,4633.16,4638.46
2025-09-09,4649.86,4696.83
2025-09-10,4708.55,4783.73
2025-09-11,4769.03,4778.19
2025-09-12,4832.51,4801.35
2025-09-15,4777.31,4768.48
2025-09-16,4787.88,4742.22
2025-09-17,4736.68,4762.3
2025-09-18,4755.37,4697.15
2025-09-19,4692.03,4657.45
2025-09-22,4657.89,4621.22
2025-09-23,4643.31,4625.49
2025-09-24,4606.0,4606.91
2025-09-25,4609.99,4563.78
2025-09-26,4531.24,4575.44
2025-09-29,4613.07,4677.82
2025-09-30,4662.55,4688.34
2025-10-09,4644.06,4625.9
2025-10-10,4607.59,4614.89
2025-10-13,4509.51,4560.58
2025-10-14,4564.66,4559.41
2025-10-15,4598.55,4630.3
2025-10-16,4623.85,4660.33
2025-10-17,4645.76,4574.32
2025-10-20,4658.93,4650.23
2025-10-21,4669.53,4700.88
2025-10-22,4688.85,4673.17
2025-10-23,4671.5,4702.12
2025-10-24,4720.59,4722.83
2025-10-27,4763.48,4735.99
2025-10-28,4762.03,4803.61
2025-10-29,4762.03,4803.61
2025-10-30,4864.68,4801.36
2025-10-31,4828.48,4768.52
2025-11-03,4791.04,4852.36
2025-11-04,4850.83,4857.02
2025-11-05,4834.0,4854.34
2025-11-06,4878.19,4947.15
2025-11-07,4938.47,4933.71
2025-11-10,4929.23,4988.47
2025-11-11,5010.4,5026.73
2025-11-12,5038.9,5087.49
2025-11-13,5083.41,5109.66
2025-11-14,5051.89,5038.31
2025-11-17,5018.35,4998.57
2025-11-18,4962.48,4898.44
2025-11-19,4890.29,4874.7
2025-11-20,4913.55,4900.56
2025-11-21,4846.33,4787.71
2025-11-24,4838.51,4855.23
2025-11-25,4867.56,4873.11
2025-11-26,4912.48,4889.41
2025-11-27,4904.66,4919.57
2025-11-28,4921.51,4888.71
2025-12-01,4906.91,4902.66
2025-12-02,4912.02,4910.15
2025-12-03,4891.33,4839.24
2025-12-04,4840.55,4854.51
2025-12-05,4841.33,4894.66
2025-12-08,4891.52,4827.5
2025-12-09,4836.71,4799.89
2025-12-10,4803.15,4823.5
2025-12-11,4867.62,4849.21
2025-12-12,4892.03,4937.51
2025-12-15,4904.87,4934.42
2025-12-16,4930.26,4870.01
2025-12-17,4865.23,4923.52
2025-12-18,4921.95,4963.41
2025-12-19,4986.59,4993.75
2025-12-22,5008.84,5022.47
2025-12-23,5041.94,5049.8
2025-12-24,5055.06,5070.09
2025-12-25,5055.06,5070.09
2025-12-26,5055.06,5070.09
2025-12-29,5081.37,5047.3
2025-12-30,5039.17,5066.4
2025-12-31,5061.31,5032.97
2026-01-05,5127.2,5145.11
2026-01-06,5186.43,5265.96
2026-01-07,5238.1,5225.08
2026-01-08,5177.26,5137.6
2026-01-09,5153.74,5148.86
2026-01-12,5153.16,5150.6
2026-01-13,5198.99,5220.01
2026-01-14,5222.97,5209.28
2026-01-15,5207.99,5233.4
2026-01-16,5252.86,5216.33
2026-01-19,5174.56,5172.47
2026-01-20,5197.13,5195.52
2026-01-21,5183.8,5171.4
2026-01-22,5203.39,5157.03
2026-01-23,5187.94,5155.92
2026-01-26,5167.57,5194.02
2026-01-27,5221.59,5317.65
2026-01-28,5374.53,5443.41
2026-01-29,5402.9,5507.16
2026-01-30,5491.21,5429.39
2026-02-02,5412.41,5344.15
2026-02-03,5415.44,5399.83
2026-02-04,5408.36,5435.99
2026-02-05,5409.78,5412.15
2026-02-06,5305.22,5315.4
2026-02-09,5421.59,5451.43
2026-02-10,5487.32,5477.48
2026-02-11,5486.87,5457.13
2026-02-12,5452.43,5423.41
2026-02-13,5333.77,5297.01
2026-02-24,5383.91,5340.08
2026-02-25,5367.88,5434.54
2026-02-26,5525.01,5416.09
2026-02-27,5446.08,5465.56
2026-03-02,5361.85,5285.94
2026-03-03,5306.8,5248.36
2026-03-04,5184.99,5098.42
2026-03-05,5189.72,5177.06
2026-03-06,5173.14,5227.14
2026-03-09,5046.69,5095.53
2026-03-10,5174.81,5220.04
2026-03-11,5216.84,5173.93
2026-03-12,5103.03,5109.25
2026-03-13,5049.26,4999.29
2026-03-16,4958.82,5067.44
2026-03-17,5086.29,5098.07
2026-03-18,5130.87,5154.01
2026-03-19,5054.53,5062.76
2026-03-20,5083.13,5088.5
2026-03-23,4967.01,4853.29
2026-03-24,4957.67,5022.83
2026-03-25,5063.66,5097.22
2026-03-26,5098.51,5048.23
2026-03-27,5021.25,5052.77
2026-03-30,4978.05,5034.77
2026-03-31,5050.98,5094.26
2026-04-01,5207.65,5203.89
2026-04-02,5215.05,5195.64
2026-04-03,5215.05,5195.64
2026-04-07,5215.05,5195.64
2026-04-08,5365.9,5364.01
2026-04-09,5354.43,5361.44
2026-04-10,5396.25,5398.28
2026-04-13,5348.55,5361.7
2026-04-14,5415.42,5418.57
2026-04-15,5452.06,5404.57
2026-04-16,5415.95,5427.0
2026-04-17,5387.55,5387.56
2026-04-20,5406.45,5452.42
2026-04-21,5454.52,5486.28
2026-04-22,5463.02,5456.39
2026-04-23,5420.81,5404.64
2026-04-24,5374.57,5406.09
2026-04-27,5396.12,5405.02
2026-04-28,5390.55,5394.2
2026-04-29,5415.84,5469.25
2026-04-30,5467.03,5414.72
2026-05-06,5402.37,5478.15
2026-05-07,5514.73,5556.49
2026-05-08,5478.53,5460.12
2026-05-11,5474.37,5514.56
2026-05-12,5528.54,5491.6
2026-05-13,5522.08,5501.43
2026-05-14,5523.73,5496.37
2026-05-15,5506.01,5443.41
2026-05-18,5416.65,5400.16
2026-05-19,5428.51,5438.22
2026-05-20,5404.13,5382.83
2026-05-21,5449.46,5400.57
2026-05-22,5443.61,5444.94
2026-05-25,5443.61,5444.94
2026-05-26,5435.86,5431.5
2026-05-27,5427.08,5415.85
2026-05-28,5395.84,5339.44
2026-05-29,5352.67,5368.33
2026-06-01,5361.33,5391.94
2026-06-02,5351.56,5432.54
2026-06-03,5432.07,5397.7
2026-06-04,5364.87,5324.31
2026-06-05,5284.14,5263.85
2026-06-08,5215.72,5261.52
2026-06-09,5246.31,5239.44
2026-06-10,5188.55,5173.27
2026-06-11,5173.89,5220.42
2026-06-12,5274.59,5362.03
2026-06-15,5413.71,5426.95
2026-06-16,5411.52,5405.7
2026-06-17,5424.33,5374.26
2026-06-18,5359.43,5299.02
2026-06-22,5264.48,5322.4
2026-06-23,5344.58,5302.3
2026-06-24,5319.07,5245.79
2026-06-25,5245.13,5182.13
2026-06-26,5161.84,5130.8
2026-06-29,5119.41,5155.68
2026-06-30,5147.07,5103.4
