date,open,close,source
2019-10-08,25848.73,25893.4,wind.HSI.HI
2019-10-09,25736.88,25682.81,wind.HSI.HI
2019-10-10,25625.57,25707.93,wind.HSI.HI
2019-10-11,25986.82,26308.44,wind.HSI.HI
2019-10-14,26520.93,26521.85,wind.HSI.HI
2019-10-15,26609.13,26503.93,wind.HSI.HI
2019-10-16,26553.9,26664.28,wind.HSI.HI
2019-10-17,26809.04,26848.49,wind.HSI.HI
2019-10-18,26910.55,26719.58,wind.HSI.HI
2019-10-21,26715.22,26725.68,wind.HSI.HI
2019-10-22,26813.81,26786.2,wind.HSI.HI
2019-10-23,26771.98,26566.73,wind.HSI.HI
2019-10-24,26651.03,26797.95,wind.HSI.HI
2019-10-25,26795.64,26667.39,wind.HSI.HI
2019-10-28,26770.11,26891.26,wind.HSI.HI
2019-10-29,27027.56,26786.76,wind.HSI.HI
2019-10-30,26766.98,26667.71,wind.HSI.HI
2019-10-31,26708.45,26906.72,wind.HSI.HI
2019-11-01,26806.44,27100.76,wind.HSI.HI
2019-11-04,27299.88,27547.3,wind.HSI.HI
2019-11-05,27601.1,27683.4,wind.HSI.HI
2019-11-06,27636.33,27688.64,wind.HSI.HI
2019-11-07,27690.6,27847.23,wind.HSI.HI
2019-11-08,27894.56,27651.14,wind.HSI.HI
2019-11-11,27361.41,26926.55,wind.HSI.HI
2019-11-12,27064.26,27065.28,wind.HSI.HI
2019-11-13,26761.16,26571.46,wind.HSI.HI
2019-11-14,26444.23,26323.69,wind.HSI.HI
2019-11-15,26529.95,26326.66,wind.HSI.HI
2019-11-18,26442.39,26681.09,wind.HSI.HI
2019-11-19,26671.32,27093.8,wind.HSI.HI
2019-11-20,26936.79,26889.61,wind.HSI.HI
2019-11-21,26587.59,26466.88,wind.HSI.HI
2019-11-22,26584.88,26595.08,wind.HSI.HI
2019-11-25,26873.35,26993.04,wind.HSI.HI
2019-11-26,27183.9,26913.92,wind.HSI.HI
2019-11-27,26943.52,26954.0,wind.HSI.HI
2019-11-28,26763.63,26893.73,wind.HSI.HI
2019-11-29,26705.38,26346.49,wind.HSI.HI
2019-12-02,26475.34,26444.72,wind.HSI.HI
2019-12-03,26315.97,26391.3,wind.HSI.HI
2019-12-04,26071.39,26062.56,wind.HSI.HI
2019-12-05,26300.51,26217.04,wind.HSI.HI
2019-12-06,26345.2,26498.37,wind.HSI.HI
2019-12-09,26513.97,26494.73,wind.HSI.HI
2019-12-10,26378.99,26436.62,wind.HSI.HI
2019-12-11,26410.09,26645.43,wind.HSI.HI
2019-12-12,26837.94,26994.14,wind.HSI.HI
2019-12-13,27494.51,27687.76,wind.HSI.HI
2019-12-16,27530.5,27508.09,wind.HSI.HI
2019-12-17,27630.69,27843.71,wind.HSI.HI
2019-12-18,27946.74,27884.21,wind.HSI.HI
2019-12-19,27908.78,27800.49,wind.HSI.HI
2019-12-20,27834.55,27871.35,wind.HSI.HI
2019-12-23,28024.62,27906.41,wind.HSI.HI
2019-12-24,27901.51,27864.21,wind.HSI.HI
2019-12-25,27901.51,27864.21,wind.HSI.HI
2019-12-26,27901.51,27864.21,wind.HSI.HI
2019-12-27,28033.66,28225.42,wind.HSI.HI
2019-12-30,28250.48,28319.39,wind.HSI.HI
2019-12-31,28241.43,28189.75,wind.HSI.HI
2020-01-02,28249.37,28543.52,wind.HSI.HI
2020-01-03,28828.36,28451.5,wind.HSI.HI
2020-01-06,28326.5,28226.19,wind.HSI.HI
2020-01-07,28352.68,28322.06,wind.HSI.HI
2020-01-08,27999.58,28087.92,wind.HSI.HI
2020-01-09,28367.65,28561.0,wind.HSI.HI
2020-01-10,28665.14,28638.2,wind.HSI.HI
2020-01-13,28772.37,28954.94,wind.HSI.HI
2020-01-14,29149.53,28885.14,wind.HSI.HI
2020-01-15,28891.07,28773.59,wind.HSI.HI
2020-01-16,28806.12,28883.04,wind.HSI.HI
2020-01-17,28988.16,29056.42,wind.HSI.HI
2020-01-20,29169.12,28795.91,wind.HSI.HI
2020-01-21,28449.38,27985.33,wind.HSI.HI
2020-01-22,28116.5,28341.04,wind.HSI.HI
2020-01-23,28109.75,27909.12,wind.HSI.HI
2020-02-03,26189.61,26356.98,wind.HSI.HI
2020-02-04,26491.66,26675.98,wind.HSI.HI
2020-02-05,26869.32,26786.74,wind.HSI.HI
2020-02-06,27174.53,27493.7,wind.HSI.HI
2020-02-07,27356.28,27404.27,wind.HSI.HI
2020-02-10,27092.15,27241.34,wind.HSI.HI
2020-02-11,27514.25,27583.88,wind.HSI.HI
2020-02-12,27717.22,27823.66,wind.HSI.HI
2020-02-13,27953.65,27730.0,wind.HSI.HI
2020-02-14,27698.56,27815.6,wind.HSI.HI
2020-02-17,27766.71,27959.6,wind.HSI.HI
2020-02-18,27766.5,27530.2,wind.HSI.HI
2020-02-19,27486.46,27655.81,wind.HSI.HI
2020-02-20,27767.28,27609.16,wind.HSI.HI
2020-02-21,27450.46,27308.81,wind.HSI.HI
2020-02-24,27105.35,26820.88,wind.HSI.HI
2020-02-25,26722.39,26893.23,wind.HSI.HI
2020-02-26,26479.9,26696.49,wind.HSI.HI
2020-02-27,26529.17,26778.62,wind.HSI.HI
2020-02-28,26249.06,26129.93,wind.HSI.HI
2020-03-02,26077.73,26291.68,wind.HSI.HI
2020-03-03,26419.13,26284.82,wind.HSI.HI
2020-03-04,26321.56,26222.07,wind.HSI.HI
2020-03-05,26348.16,26767.87,wind.HSI.HI
2020-03-06,26397.78,26146.67,wind.HSI.HI
2020-03-09,25134.02,25040.46,wind.HSI.HI
2020-03-10,25285.68,25392.51,wind.HSI.HI
2020-03-11,25459.96,25231.61,wind.HSI.HI
2020-03-12,24657.67,24309.07,wind.HSI.HI
2020-03-13,22519.32,24032.91,wind.HSI.HI
2020-03-16,23317.81,23063.57,wind.HSI.HI
2020-03-17,23001.76,23263.73,wind.HSI.HI
2020-03-18,23023.34,22291.82,wind.HSI.HI
2020-03-19,22221.38,21709.13,wind.HSI.HI
2020-03-20,22147.34,22805.07,wind.HSI.HI
2020-03-23,21659.55,21696.13,wind.HSI.HI
2020-03-24,22497.57,22663.49,wind.HSI.HI
2020-03-25,23255.91,23527.19,wind.HSI.HI
2020-03-26,23604.83,23352.34,wind.HSI.HI
2020-03-27,23768.41,23484.28,wind.HSI.HI
2020-03-30,23020.85,23175.11,wind.HSI.HI
2020-03-31,23613.27,23603.48,wind.HSI.HI
2020-04-01,23365.9,23085.79,wind.HSI.HI
2020-04-02,22838.67,23280.06,wind.HSI.HI
2020-04-03,23072.95,23236.11,wind.HSI.HI
2020-04-07,24093.05,24253.29,wind.HSI.HI
2020-04-08,24191.32,23970.37,wind.HSI.HI
2020-04-09,24181.32,24300.33,wind.HSI.HI
2020-04-10,24181.32,24300.33,wind.HSI.HI
2020-04-13,24181.32,24300.33,wind.HSI.HI
2020-04-14,24347.61,24435.4,wind.HSI.HI
2020-04-15,24499.86,24145.34,wind.HSI.HI
2020-04-16,24025.45,24006.45,wind.HSI.HI
2020-04-17,24457.83,24380.0,wind.HSI.HI
2020-04-20,24503.56,24330.02,wind.HSI.HI
2020-04-21,24247.84,23793.55,wind.HSI.HI
2020-04-22,23540.54,23893.36,wind.HSI.HI
2020-04-23,23983.65,23977.32,wind.HSI.HI
2020-04-24,23844.55,23831.33,wind.HSI.HI
2020-04-27,24030.66,24280.14,wind.HSI.HI
2020-04-28,24401.12,24575.96,wind.HSI.HI
2020-04-29,24786.02,24643.59,wind.HSI.HI
2020-04-30,24786.02,24643.59,wind.HSI.HI
2020-05-06,23868.02,24137.48,wind.HSI.HI
2020-05-07,24120.81,23980.63,wind.HSI.HI
2020-05-08,24193.36,24230.17,wind.HSI.HI
2020-05-11,24470.18,24602.06,wind.HSI.HI
2020-05-12,24358.0,24245.68,wind.HSI.HI
2020-05-13,24111.67,24180.3,wind.HSI.HI
2020-05-14,24038.07,23829.74,wind.HSI.HI
2020-05-15,23834.68,23797.47,wind.HSI.HI
2020-05-18,23736.67,23934.77,wind.HSI.HI
2020-05-19,24489.55,24388.13,wind.HSI.HI
2020-05-20,24462.9,24399.95,wind.HSI.HI
2020-05-21,24528.91,24280.03,wind.HSI.HI
2020-05-22,23756.91,22930.14,wind.HSI.HI
2020-05-25,22725.7,22952.24,wind.HSI.HI
2020-05-26,23198.34,23384.66,wind.HSI.HI
2020-05-27,23515.14,23301.36,wind.HSI.HI
2020-05-28,23206.75,23132.76,wind.HSI.HI
2020-05-29,22781.11,22961.47,wind.HSI.HI
2020-06-01,23539.91,23732.52,wind.HSI.HI
2020-06-02,23792.24,23995.94,wind.HSI.HI
2020-06-03,24303.56,24325.62,wind.HSI.HI
2020-06-04,24643.84,24366.3,wind.HSI.HI
2020-06-05,24388.18,24770.41,wind.HSI.HI
2020-06-08,25018.05,24776.77,wind.HSI.HI
2020-06-09,24906.01,25057.22,wind.HSI.HI
2020-06-10,25179.03,25049.73,wind.HSI.HI
2020-06-11,24997.84,24480.15,wind.HSI.HI
2020-06-12,23920.7,24301.38,wind.HSI.HI
2020-06-15,23991.38,23776.95,wind.HSI.HI
2020-06-16,24318.15,24344.09,wind.HSI.HI
2020-06-17,24363.39,24481.41,wind.HSI.HI
2020-06-18,24386.31,24464.94,wind.HSI.HI
2020-06-19,24373.36,24643.89,wind.HSI.HI
2020-06-22,24528.53,24511.34,wind.HSI.HI
2020-06-23,24541.44,24907.34,wind.HSI.HI
2020-06-24,25034.87,24781.58,wind.HSI.HI
2020-06-29,24627.64,24301.28,wind.HSI.HI
2020-06-30,24468.24,24427.19,wind.HSI.HI
2020-07-01,24468.24,24427.19,wind.HSI.HI
2020-07-02,24563.57,25124.19,wind.HSI.HI
2020-07-03,25319.28,25373.12,wind.HSI.HI
2020-07-06,25545.54,26339.16,wind.HSI.HI
2020-07-07,26571.08,25975.66,wind.HSI.HI
2020-07-08,26078.61,26129.18,wind.HSI.HI
2020-07-09,26351.13,26210.16,wind.HSI.HI
2020-07-10,25931.78,25727.41,wind.HSI.HI
2020-07-13,25848.8,25772.12,wind.HSI.HI
2020-07-14,25663.16,25477.89,wind.HSI.HI
2020-07-15,25888.78,25481.58,wind.HSI.HI
2020-07-16,25549.4,24970.69,wind.HSI.HI
2020-07-17,25142.06,25089.17,wind.HSI.HI
2020-07-20,25019.6,25057.99,wind.HSI.HI
2020-07-21,25427.06,25635.66,wind.HSI.HI
2020-07-22,25575.25,25057.94,wind.HSI.HI
2020-07-23,25235.9,25263.0,wind.HSI.HI
2020-07-24,25040.76,24705.33,wind.HSI.HI
2020-07-27,24909.96,24603.26,wind.HSI.HI
2020-07-28,24942.74,24772.76,wind.HSI.HI
2020-07-29,24710.51,24883.14,wind.HSI.HI
2020-07-30,24979.24,24710.59,wind.HSI.HI
2020-07-31,24747.29,24595.35,wind.HSI.HI
2020-08-03,24566.81,24458.13,wind.HSI.HI
2020-08-04,24664.6,24946.63,wind.HSI.HI
2020-08-05,25029.39,25102.54,wind.HSI.HI
2020-08-06,25201.44,24930.58,wind.HSI.HI
2020-08-07,24909.37,24531.62,wind.HSI.HI
2020-08-10,24376.82,24377.43,wind.HSI.HI
2020-08-11,24662.04,24890.68,wind.HSI.HI
2020-08-12,24868.63,25244.02,wind.HSI.HI
2020-08-13,25490.02,25230.67,wind.HSI.HI
2020-08-14,25072.45,25183.01,wind.HSI.HI
2020-08-17,25212.28,25347.34,wind.HSI.HI
2020-08-18,25470.97,25367.38,wind.HSI.HI
2020-08-19,25359.03,25178.91,wind.HSI.HI
2020-08-20,25055.35,24791.39,wind.HSI.HI
2020-08-21,25007.13,25113.84,wind.HSI.HI
2020-08-24,25352.79,25551.58,wind.HSI.HI
2020-08-25,25586.99,25486.22,wind.HSI.HI
2020-08-26,25520.41,25491.79,wind.HSI.HI
2020-08-27,25469.77,25281.15,wind.HSI.HI
2020-08-28,25330.77,25422.06,wind.HSI.HI
2020-08-31,25732.49,25177.05,wind.HSI.HI
2020-09-01,25085.67,25184.85,wind.HSI.HI
2020-09-02,25239.86,25120.09,wind.HSI.HI
2020-09-03,25026.99,25007.6,wind.HSI.HI
2020-09-04,24668.8,24695.45,wind.HSI.HI
2020-09-07,24621.02,24589.65,wind.HSI.HI
2020-09-08,24785.26,24624.34,wind.HSI.HI
2020-09-09,24295.42,24468.93,wind.HSI.HI
2020-09-10,24584.94,24313.54,wind.HSI.HI
2020-09-11,24352.63,24503.31,wind.HSI.HI
2020-09-14,24569.03,24640.28,wind.HSI.HI
2020-09-15,24621.65,24732.76,wind.HSI.HI
2020-09-16,24823.96,24725.63,wind.HSI.HI
2020-09-17,24676.41,24340.85,wind.HSI.HI
2020-09-18,24381.13,24455.41,wind.HSI.HI
2020-09-21,24483.91,23950.69,wind.HSI.HI
2020-09-22,23839.67,23716.85,wind.HSI.HI
2020-09-23,23701.12,23742.51,wind.HSI.HI
2020-09-24,23537.83,23311.07,wind.HSI.HI
2020-09-25,23425.75,23235.42,wind.HSI.HI
2020-09-28,23284.09,23476.05,wind.HSI.HI
2020-09-29,23584.61,23275.53,wind.HSI.HI
2020-09-30,23548.89,23459.05,wind.HSI.HI
2020-10-09,24343.81,24119.13,wind.HSI.HI
2020-10-12,24217.25,24649.68,wind.HSI.HI
2020-10-13,24217.25,24649.68,wind.HSI.HI
2020-10-14,24808.85,24667.09,wind.HSI.HI
2020-10-15,24533.75,24158.54,wind.HSI.HI
2020-10-16,24194.41,24386.79,wind.HSI.HI
2020-10-19,24565.43,24542.26,wind.HSI.HI
2020-10-20,24571.64,24569.54,wind.HSI.HI
2020-10-21,24695.54,24754.42,wind.HSI.HI
2020-10-22,24696.31,24786.13,wind.HSI.HI
2020-10-23,24773.12,24918.78,wind.HSI.HI
2020-10-26,24773.12,24918.78,wind.HSI.HI
2020-10-27,24839.97,24787.19,wind.HSI.HI
2020-10-28,24773.54,24708.8,wind.HSI.HI
2020-10-29,24290.01,24586.6,wind.HSI.HI
2020-10-30,24535.9,24107.42,wind.HSI.HI
2020-11-02,24274.83,24460.01,wind.HSI.HI
2020-11-03,24689.56,24939.73,wind.HSI.HI
2020-11-04,24790.0,24886.14,wind.HSI.HI
2020-11-05,25500.91,25695.92,wind.HSI.HI
2020-11-06,25750.78,25712.97,wind.HSI.HI
2020-11-09,26157.77,26016.17,wind.HSI.HI
2020-11-10,26474.04,26301.48,wind.HSI.HI
2020-11-11,26226.8,26226.98,wind.HSI.HI
2020-11-12,26409.34,26169.38,wind.HSI.HI
2020-11-13,26114.6,26156.86,wind.HSI.HI
2020-11-16,26362.07,26381.67,wind.HSI.HI
2020-11-17,26515.09,26415.09,wind.HSI.HI
2020-11-18,26434.24,26544.29,wind.HSI.HI
2020-11-19,26460.61,26356.97,wind.HSI.HI
2020-11-20,26406.87,26451.54,wind.HSI.HI
2020-11-23,26659.79,26486.2,wind.HSI.HI
2020-11-24,26630.34,26588.2,wind.HSI.HI
2020-11-25,26819.96,26669.75,wind.HSI.HI
2020-11-26,26695.25,26819.45,wind.HSI.HI
2020-11-27,26758.49,26894.68,wind.HSI.HI
2020-11-30,26853.39,26341.49,wind.HSI.HI
2020-12-01,26422.71,26567.68,wind.HSI.HI
2020-12-02,26670.12,26532.58,wind.HSI.HI
2020-12-03,26623.42,26728.5,wind.HSI.HI
2020-12-04,26811.59,26835.92,wind.HSI.HI
2020-12-07,26870.58,26506.85,wind.HSI.HI
2020-12-08,26460.35,26304.56,wind.HSI.HI
2020-12-09,26510.42,26502.84,wind.HSI.HI
2020-12-10,26335.26,26410.59,wind.HSI.HI
2020-12-11,26634.21,26505.87,wind.HSI.HI
2020-12-14,26522.1,26389.52,wind.HSI.HI
2020-12-15,26418.93,26207.29,wind.HSI.HI
2020-12-16,26421.21,26460.29,wind.HSI.HI
2020-12-17,26608.44,26678.38,wind.HSI.HI
2020-12-18,26650.49,26498.6,wind.HSI.HI
2020-12-21,26422.62,26306.68,wind.HSI.HI
2020-12-22,26260.78,26119.25,wind.HSI.HI
2020-12-23,26083.11,26343.1,wind.HSI.HI
2020-12-24,26342.87,26386.56,wind.HSI.HI
2020-12-25,26342.87,26386.56,wind.HSI.HI
2020-12-28,26288.37,26314.63,wind.HSI.HI
2020-12-29,26490.45,26568.49,wind.HSI.HI
2020-12-30,26695.11,27147.11,wind.HSI.HI
2020-12-31,27194.79,27231.13,wind.HSI.HI
2021-01-04,27087.13,27472.81,wind.HSI.HI
2021-01-05,27281.34,27649.86,wind.HSI.HI
2021-01-06,27613.34,27692.3,wind.HSI.HI
2021-01-07,27715.94,27548.52,wind.HSI.HI
2021-01-08,27630.03,27878.22,wind.HSI.HI
2021-01-11,28003.98,27908.22,wind.HSI.HI
2021-01-12,27894.29,28276.75,wind.HSI.HI
2021-01-13,28309.32,28235.6,wind.HSI.HI
2021-01-14,28408.12,28496.86,wind.HSI.HI
2021-01-15,28394.37,28573.86,wind.HSI.HI
2021-01-18,28454.59,28862.77,wind.HSI.HI
2021-01-19,29100.17,29642.28,wind.HSI.HI
2021-01-20,29794.41,29962.47,wind.HSI.HI
2021-01-21,29951.78,29927.76,wind.HSI.HI
2021-01-22,29809.23,29447.85,wind.HSI.HI
2021-01-25,29677.3,30159.01,wind.HSI.HI
2021-01-26,29892.85,29391.26,wind.HSI.HI
2021-01-27,29556.58,29297.53,wind.HSI.HI
2021-01-28,28914.85,28550.77,wind.HSI.HI
2021-01-29,28826.18,28283.71,wind.HSI.HI
2021-02-01,28555.86,28892.86,wind.HSI.HI
2021-02-02,29378.12,29248.7,wind.HSI.HI
2021-02-03,29305.41,29307.46,wind.HSI.HI
2021-02-04,29093.54,29113.5,wind.HSI.HI
2021-02-05,29305.09,29288.68,wind.HSI.HI
2021-02-08,29629.08,29319.47,wind.HSI.HI
2021-02-09,29442.5,29476.19,wind.HSI.HI
2021-02-10,29796.19,30038.72,wind.HSI.HI
2021-02-18,31183.36,30595.27,wind.HSI.HI
2021-02-19,30483.46,30644.73,wind.HSI.HI
2021-02-22,31071.61,30319.83,wind.HSI.HI
2021-02-23,30189.97,30632.64,wind.HSI.HI
2021-02-24,30702.65,29718.24,wind.HSI.HI
2021-02-25,30174.22,30074.17,wind.HSI.HI
2021-02-26,29412.13,28980.21,wind.HSI.HI
2021-03-01,29457.89,29452.57,wind.HSI.HI
2021-03-02,29708.39,29095.86,wind.HSI.HI
2021-03-03,29249.43,29880.42,wind.HSI.HI
2021-03-04,29525.48,29236.79,wind.HSI.HI
2021-03-05,28667.14,29098.29,wind.HSI.HI
2021-03-08,29362.59,28540.83,wind.HSI.HI
2021-03-09,28665.26,28773.23,wind.HSI.HI
2021-03-10,29255.37,28907.52,wind.HSI.HI
2021-03-11,28909.98,29385.61,wind.HSI.HI
2021-03-12,29550.37,28739.72,wind.HSI.HI
2021-03-15,28923.95,28833.76,wind.HSI.HI
2021-03-16,29036.82,29027.69,wind.HSI.HI
2021-03-17,28992.24,29034.12,wind.HSI.HI
2021-03-18,29317.61,29405.72,wind.HSI.HI
2021-03-19,29158.48,28990.94,wind.HSI.HI
2021-03-22,28801.09,28885.34,wind.HSI.HI
2021-03-23,29008.02,28497.38,wind.HSI.HI
2021-03-24,28437.49,27918.14,wind.HSI.HI
2021-03-25,27628.08,27899.61,wind.HSI.HI
2021-03-26,28043.65,28336.43,wind.HSI.HI
2021-03-29,28317.32,28338.3,wind.HSI.HI
2021-03-30,28552.77,28577.5,wind.HSI.HI
2021-03-31,28802.53,28378.35,wind.HSI.HI
2021-04-01,28594.55,28938.74,wind.HSI.HI
2021-04-02,28594.55,28938.74,wind.HSI.HI
2021-04-06,28594.55,28938.74,wind.HSI.HI
2021-04-07,29101.4,28674.8,wind.HSI.HI
2021-04-08,28604.12,29008.07,wind.HSI.HI
2021-04-09,29152.44,28698.8,wind.HSI.HI
2021-04-12,28791.97,28453.28,wind.HSI.HI
2021-04-13,28557.84,28497.25,wind.HSI.HI
2021-04-14,28796.55,28900.83,wind.HSI.HI
2021-04-15,28872.82,28793.14,wind.HSI.HI
2021-04-16,28827.17,28969.71,wind.HSI.HI
2021-04-19,28960.13,29106.15,wind.HSI.HI
2021-04-20,28962.8,29135.73,wind.HSI.HI
2021-04-21,28702.27,28621.92,wind.HSI.HI
2021-04-22,28716.98,28755.34,wind.HSI.HI
2021-04-23,28798.45,29078.75,wind.HSI.HI
2021-04-26,29106.45,28952.83,wind.HSI.HI
2021-04-27,28895.38,28941.54,wind.HSI.HI
2021-04-28,28991.94,29071.34,wind.HSI.HI
2021-04-29,29268.21,29303.26,wind.HSI.HI
2021-04-30,29143.43,28724.88,wind.HSI.HI
2021-05-06,28647.97,28637.46,wind.HSI.HI
2021-05-07,28721.13,28610.65,wind.HSI.HI
2021-05-10,28776.99,28595.66,wind.HSI.HI
2021-05-11,28286.56,28013.81,wind.HSI.HI
2021-05-12,28073.92,28231.04,wind.HSI.HI
2021-05-13,27920.01,27718.67,wind.HSI.HI
2021-05-14,27872.69,28027.57,wind.HSI.HI
2021-05-17,28130.51,28194.09,wind.HSI.HI
2021-05-18,28438.03,28593.81,wind.HSI.HI
2021-05-19,28438.03,28593.81,wind.HSI.HI
2021-05-20,28413.49,28450.29,wind.HSI.HI
2021-05-21,28584.34,28458.44,wind.HSI.HI
2021-05-24,28417.99,28412.26,wind.HSI.HI
2021-05-25,28461.5,28910.86,wind.HSI.HI
2021-05-26,29056.28,29166.01,wind.HSI.HI
2021-05-27,28998.39,29113.2,wind.HSI.HI
2021-05-28,29219.46,29124.41,wind.HSI.HI
2021-05-31,29225.46,29151.8,wind.HSI.HI
2021-06-01,29159.06,29468.0,wind.HSI.HI
2021-06-02,29414.64,29297.62,wind.HSI.HI
2021-06-03,29365.32,28966.03,wind.HSI.HI
2021-06-04,28837.95,28918.1,wind.HSI.HI
2021-06-07,28985.6,28787.28,wind.HSI.HI
2021-06-08,28900.52,28781.38,wind.HSI.HI
2021-06-09,28771.14,28742.63,wind.HSI.HI
2021-06-10,28792.02,28738.88,wind.HSI.HI
2021-06-11,28864.9,28842.13,wind.HSI.HI
2021-06-15,28946.44,28638.53,wind.HSI.HI
2021-06-16,28609.37,28436.84,wind.HSI.HI
2021-06-17,28240.88,28558.59,wind.HSI.HI
2021-06-18,28586.04,28801.27,wind.HSI.HI
2021-06-21,28501.64,28489.0,wind.HSI.HI
2021-06-22,28575.16,28309.76,wind.HSI.HI
2021-06-23,28468.24,28817.07,wind.HSI.HI
2021-06-24,28865.46,28882.46,wind.HSI.HI
2021-06-25,29002.67,29288.22,wind.HSI.HI
2021-06-28,29366.49,29268.3,wind.HSI.HI
2021-06-29,29291.89,28994.1,wind.HSI.HI
2021-06-30,29107.9,28827.95,wind.HSI.HI
2021-07-01,29107.9,28827.95,wind.HSI.HI
2021-07-02,28859.02,28310.42,wind.HSI.HI
2021-07-05,28098.91,28143.5,wind.HSI.HI
2021-07-06,28136.63,28072.86,wind.HSI.HI
2021-07-07,27777.81,27960.62,wind.HSI.HI
2021-07-08,27881.5,27153.13,wind.HSI.HI
2021-07-09,27131.57,27344.54,wind.HSI.HI
2021-07-12,27672.7,27515.24,wind.HSI.HI
2021-07-13,27694.03,27963.41,wind.HSI.HI
2021-07-14,27965.39,27787.46,wind.HSI.HI
2021-07-15,27801.4,27996.27,wind.HSI.HI
2021-07-16,27972.56,28004.68,wind.HSI.HI
2021-07-19,27786.54,27489.78,wind.HSI.HI
2021-07-20,27395.83,27259.25,wind.HSI.HI
2021-07-21,27339.22,27224.58,wind.HSI.HI
2021-07-22,27464.28,27723.84,wind.HSI.HI
2021-07-23,27740.95,27321.98,wind.HSI.HI
2021-07-26,26825.73,26192.32,wind.HSI.HI
2021-07-27,26011.51,25086.43,wind.HSI.HI
2021-07-28,25356.74,25473.88,wind.HSI.HI
2021-07-29,26221.36,26315.32,wind.HSI.HI
2021-07-30,26042.84,25961.03,wind.HSI.HI
2021-08-02,26054.81,26235.8,wind.HSI.HI
2021-08-03,26289.06,26194.82,wind.HSI.HI
2021-08-04,26161.83,26426.55,wind.HSI.HI
2021-08-05,26390.01,26204.69,wind.HSI.HI
2021-08-06,26262.97,26179.4,wind.HSI.HI
2021-08-09,25969.23,26283.4,wind.HSI.HI
2021-08-10,26456.61,26605.62,wind.HSI.HI
2021-08-11,26491.74,26660.16,wind.HSI.HI
2021-08-12,26623.77,26517.82,wind.HSI.HI
2021-08-13,26296.19,26391.62,wind.HSI.HI
2021-08-16,26365.19,26181.46,wind.HSI.HI
2021-08-17,26137.9,25745.87,wind.HSI.HI
2021-08-18,25800.03,25867.01,wind.HSI.HI
2021-08-19,25787.84,25316.33,wind.HSI.HI
2021-08-20,25241.32,24849.72,wind.HSI.HI
2021-08-23,25169.45,25109.59,wind.HSI.HI
2021-08-24,25428.68,25727.92,wind.HSI.HI
2021-08-25,25930.05,25693.95,wind.HSI.HI
2021-08-26,25673.78,25415.69,wind.HSI.HI
2021-08-27,25337.55,25407.89,wind.HSI.HI
2021-08-30,25406.49,25539.54,wind.HSI.HI
2021-08-31,25524.23,25878.99,wind.HSI.HI
2021-09-01,25871.82,26028.29,wind.HSI.HI
2021-09-02,26203.52,26090.43,wind.HSI.HI
2021-09-03,26022.67,25901.99,wind.HSI.HI
2021-09-06,25827.17,26163.63,wind.HSI.HI
2021-09-07,26207.22,26353.63,wind.HSI.HI
2021-09-08,26396.11,26320.93,wind.HSI.HI
2021-09-09,26076.93,25716.0,wind.HSI.HI
2021-09-10,25870.71,26205.91,wind.HSI.HI
2021-09-13,25885.3,25813.81,wind.HSI.HI
2021-09-14,25827.7,25502.23,wind.HSI.HI
2021-09-15,25310.03,25033.21,wind.HSI.HI
2021-09-16,25042.03,24667.85,wind.HSI.HI
2021-09-17,24589.17,24920.76,wind.HSI.HI
2021-09-22,24589.17,24221.54,wind.HSI.HI
2021-09-23,24614.14,24510.98,wind.HSI.HI
2021-09-24,24487.24,24192.16,wind.HSI.HI
2021-09-27,24131.42,24208.78,wind.HSI.HI
2021-09-28,24323.0,24500.39,wind.HSI.HI
2021-09-29,24276.71,24663.5,wind.HSI.HI
2021-09-30,24494.26,24575.64,wind.HSI.HI
2021-10-08,25064.8,24837.85,wind.HSI.HI
2021-10-11,25161.8,25325.09,wind.HSI.HI
2021-10-12,24995.95,24962.59,wind.HSI.HI
2021-10-13,24995.95,24962.59,wind.HSI.HI
2021-10-14,24995.95,24962.59,wind.HSI.HI
2021-10-15,25187.05,25330.96,wind.HSI.HI
2021-10-18,25425.32,25409.75,wind.HSI.HI
2021-10-19,25476.29,25787.21,wind.HSI.HI
2021-10-20,26074.2,26136.02,wind.HSI.HI
2021-10-21,26141.85,26017.53,wind.HSI.HI
2021-10-22,26114.84,26126.93,wind.HSI.HI
2021-10-25,26020.78,26132.03,wind.HSI.HI
2021-10-26,26234.94,26038.27,wind.HSI.HI
2021-10-27,25795.17,25628.74,wind.HSI.HI
2021-10-28,25648.42,25555.73,wind.HSI.HI
2021-10-29,25466.86,25377.24,wind.HSI.HI
2021-11-01,25268.35,25154.32,wind.HSI.HI
2021-11-02,25609.01,25099.67,wind.HSI.HI
2021-11-03,25060.93,25024.75,wind.HSI.HI
2021-11-04,25141.1,25225.19,wind.HSI.HI
2021-11-05,24950.68,24870.51,wind.HSI.HI
2021-11-08,24743.54,24763.77,wind.HSI.HI
2021-11-09,24952.82,24813.13,wind.HSI.HI
2021-11-10,24787.44,24996.14,wind.HSI.HI
2021-11-11,24856.11,25247.99,wind.HSI.HI
2021-11-12,25522.83,25327.97,wind.HSI.HI
2021-11-15,25437.99,25390.91,wind.HSI.HI
2021-11-16,25446.65,25713.78,wind.HSI.HI
2021-11-17,25667.81,25650.08,wind.HSI.HI
2021-11-18,25369.88,25319.72,wind.HSI.HI
2021-11-19,24934.4,25049.97,wind.HSI.HI
2021-11-22,25057.06,24951.34,wind.HSI.HI
2021-11-23,24688.99,24651.58,wind.HSI.HI
2021-11-24,24672.1,24685.5,wind.HSI.HI
2021-11-25,24699.69,24740.16,wind.HSI.HI
2021-11-26,24502.68,24080.52,wind.HSI.HI
2021-11-29,23910.49,23852.24,wind.HSI.HI
2021-11-30,23782.86,23475.26,wind.HSI.HI
2021-12-01,23595.57,23658.92,wind.HSI.HI
2021-12-02,23524.05,23788.93,wind.HSI.HI
2021-12-03,23675.26,23766.69,wind.HSI.HI
2021-12-06,23420.44,23349.38,wind.HSI.HI
2021-12-07,23704.51,23983.66,wind.HSI.HI
2021-12-08,24090.02,23996.87,wind.HSI.HI
2021-12-09,24168.41,24254.86,wind.HSI.HI
2021-12-10,24070.56,23995.72,wind.HSI.HI
2021-12-13,24242.26,23954.58,wind.HSI.HI
2021-12-14,23693.73,23635.95,wind.HSI.HI
2021-12-15,23658.04,23420.76,wind.HSI.HI
2021-12-16,23287.93,23475.5,wind.HSI.HI
2021-12-17,23463.78,23192.63,wind.HSI.HI
2021-12-20,23079.83,22744.86,wind.HSI.HI
2021-12-21,22795.57,22971.33,wind.HSI.HI
2021-12-22,23221.13,23102.33,wind.HSI.HI
2021-12-23,23141.79,23193.64,wind.HSI.HI
2021-12-24,23375.99,23223.76,wind.HSI.HI
2021-12-27,23375.99,23223.76,wind.HSI.HI
2021-12-28,23282.35,23280.56,wind.HSI.HI
2021-12-29,23253.98,23086.54,wind.HSI.HI
2021-12-30,23130.45,23112.01,wind.HSI.HI
2021-12-31,23553.79,23397.67,wind.HSI.HI
2022-01-04,23400.62,23289.84,wind.HSI.HI
2022-01-05,23323.77,22907.25,wind.HSI.HI
2022-01-06,22843.2,23072.86,wind.HSI.HI
2022-01-07,23318.92,23493.38,wind.HSI.HI
2022-01-10,23523.9,23746.54,wind.HSI.HI
2022-01-11,23678.69,23739.06,wind.HSI.HI
2022-01-12,24069.52,24402.17,wind.HSI.HI
2022-01-13,24561.48,24429.77,wind.HSI.HI
2022-01-14,24185.86,24383.32,wind.HSI.HI
2022-01-17,24390.29,24218.03,wind.HSI.HI
2022-01-18,24274.75,24112.78,wind.HSI.HI
2022-01-19,24229.78,24127.85,wind.HSI.HI
2022-01-20,24263.15,24952.35,wind.HSI.HI
2022-01-21,24897.59,24965.55,wind.HSI.HI
2022-01-24,24693.43,24656.46,wind.HSI.HI
2022-01-25,24251.52,24243.61,wind.HSI.HI
2022-01-26,24342.9,24289.9,wind.HSI.HI
2022-01-27,23952.01,23807.0,wind.HSI.HI
2022-01-28,23818.94,23550.08,wind.HSI.HI
2022-02-07,24609.43,24579.55,wind.HSI.HI
2022-02-08,24548.05,24329.49,wind.HSI.HI
2022-02-09,24727.34,24829.99,wind.HSI.HI
2022-02-10,25050.59,24924.35,wind.HSI.HI
2022-02-11,24837.2,24906.66,wind.HSI.HI
2022-02-14,24725.1,24556.57,wind.HSI.HI
2022-02-15,24458.5,24355.71,wind.HSI.HI
2022-02-16,24618.3,24718.9,wind.HSI.HI
2022-02-17,24722.88,24792.77,wind.HSI.HI
2022-02-18,24633.66,24327.71,wind.HSI.HI
2022-02-21,24109.59,24170.07,wind.HSI.HI
2022-02-22,23692.54,23520.0,wind.HSI.HI
2022-02-23,23617.97,23660.28,wind.HSI.HI
2022-02-24,23268.03,22901.56,wind.HSI.HI
2022-02-25,22908.1,22767.18,wind.HSI.HI
2022-02-28,22818.17,22713.02,wind.HSI.HI
2022-03-01,22739.84,22761.71,wind.HSI.HI
2022-03-02,22568.36,22343.92,wind.HSI.HI
2022-03-03,22434.26,22467.34,wind.HSI.HI
2022-03-04,21879.13,21905.29,wind.HSI.HI
2022-03-07,21308.9,21057.63,wind.HSI.HI
2022-03-08,21082.39,20765.87,wind.HSI.HI
2022-03-09,20820.02,20627.71,wind.HSI.HI
2022-03-10,21106.57,20890.26,wind.HSI.HI
2022-03-11,20460.03,20553.79,wind.HSI.HI
2022-03-14,20203.84,19531.66,wind.HSI.HI
2022-03-15,18931.18,18415.08,wind.HSI.HI
2022-03-16,18956.02,20087.5,wind.HSI.HI
2022-03-17,21430.71,21501.23,wind.HSI.HI
2022-03-18,21232.88,21412.4,wind.HSI.HI
2022-03-21,21823.07,21221.34,wind.HSI.HI
2022-03-22,21319.19,21889.28,wind.HSI.HI
2022-03-23,22088.79,22154.08,wind.HSI.HI
2022-03-24,22002.87,21945.95,wind.HSI.HI
2022-03-25,21735.61,21404.88,wind.HSI.HI
2022-03-28,21422.2,21684.97,wind.HSI.HI
2022-03-29,21771.29,21927.63,wind.HSI.HI
2022-03-30,22101.63,22232.03,wind.HSI.HI
2022-03-31,22262.16,21996.85,wind.HSI.HI
2022-04-01,21693.1,22039.55,wind.HSI.HI
2022-04-06,22220.21,22080.52,wind.HSI.HI
2022-04-07,21910.4,21808.98,wind.HSI.HI
2022-04-08,21667.53,21872.01,wind.HSI.HI
2022-04-11,21688.03,21208.3,wind.HSI.HI
2022-04-12,21279.18,21319.13,wind.HSI.HI
2022-04-13,21192.62,21374.37,wind.HSI.HI
2022-04-14,21463.35,21518.08,wind.HSI.HI
2022-04-15,21463.35,21518.08,wind.HSI.HI
2022-04-18,21463.35,21518.08,wind.HSI.HI
2022-04-19,21106.0,21027.76,wind.HSI.HI
2022-04-20,20972.84,20944.67,wind.HSI.HI
2022-04-21,20780.86,20682.22,wind.HSI.HI
2022-04-22,20261.61,20638.52,wind.HSI.HI
2022-04-25,20284.6,19869.34,wind.HSI.HI
2022-04-26,19989.04,19934.71,wind.HSI.HI
2022-04-27,19723.46,19946.36,wind.HSI.HI
2022-04-28,20118.79,20276.17,wind.HSI.HI
2022-04-29,20271.4,21089.39,wind.HSI.HI
2022-05-05,21163.15,20793.4,wind.HSI.HI
2022-05-06,20287.06,20001.96,wind.HSI.HI
2022-05-09,20287.06,20001.96,wind.HSI.HI
2022-05-10,19300.68,19633.69,wind.HSI.HI
2022-05-11,19511.8,19824.57,wind.HSI.HI
2022-05-12,19556.89,19380.34,wind.HSI.HI
2022-05-13,19615.99,19898.77,wind.HSI.HI
2022-05-16,20131.53,19950.21,wind.HSI.HI
2022-05-17,20193.6,20602.52,wind.HSI.HI
2022-05-18,20674.23,20644.28,wind.HSI.HI
2022-05-19,20146.96,20120.68,wind.HSI.HI
2022-05-20,20470.95,20717.24,wind.HSI.HI
2022-05-23,20608.65,20470.06,wind.HSI.HI
2022-05-24,20420.14,20112.1,wind.HSI.HI
2022-05-25,20115.56,20171.27,wind.HSI.HI
2022-05-26,20272.22,20116.2,wind.HSI.HI
2022-05-27,20646.06,20697.36,wind.HSI.HI
2022-05-30,20933.5,21123.93,wind.HSI.HI
2022-05-31,21106.41,21415.2,wind.HSI.HI
2022-06-01,21407.79,21294.94,wind.HSI.HI
2022-06-02,21057.04,21082.13,wind.HSI.HI
2022-06-06,21282.51,21653.9,wind.HSI.HI
2022-06-07,21577.48,21531.67,wind.HSI.HI
2022-06-08,21788.89,22014.59,wind.HSI.HI
2022-06-09,22121.53,21869.05,wind.HSI.HI
2022-06-10,21522.5,21806.18,wind.HSI.HI
2022-06-13,21162.53,21067.58,wind.HSI.HI
2022-06-14,20783.54,21067.99,wind.HSI.HI
2022-06-15,21111.32,21308.21,wind.HSI.HI
2022-06-16,21515.64,20845.43,wind.HSI.HI
2022-06-17,20716.74,21075.0,wind.HSI.HI
2022-06-20,20948.8,21163.91,wind.HSI.HI
2022-06-21,21264.98,21559.59,wind.HSI.HI
2022-06-22,21469.74,21008.34,wind.HSI.HI
2022-06-23,21157.58,21273.87,wind.HSI.HI
2022-06-24,21450.68,21719.06,wind.HSI.HI
2022-06-27,22104.06,22229.52,wind.HSI.HI
2022-06-28,22144.63,22418.97,wind.HSI.HI
2022-06-29,22125.61,21996.89,wind.HSI.HI
2022-06-30,21917.45,21859.79,wind.HSI.HI
2022-07-01,21917.45,21859.79,wind.HSI.HI
2022-07-04,21690.68,21830.35,wind.HSI.HI
2022-07-05,22053.16,21853.07,wind.HSI.HI
2022-07-06,21777.64,21586.66,wind.HSI.HI
2022-07-07,21352.7,21643.58,wind.HSI.HI
2022-07-08,21961.75,21725.78,wind.HSI.HI
2022-07-11,21470.77,21124.2,wind.HSI.HI
2022-07-12,20905.07,20844.74,wind.HSI.HI
2022-07-13,20911.53,20797.95,wind.HSI.HI
2022-07-14,20818.27,20751.21,wind.HSI.HI
2022-07-15,20522.11,20297.72,wind.HSI.HI
2022-07-18,20479.58,20846.18,wind.HSI.HI
2022-07-19,20719.2,20661.06,wind.HSI.HI
2022-07-20,20968.42,20890.22,wind.HSI.HI
2022-07-21,20811.6,20574.63,wind.HSI.HI
2022-07-22,20717.47,20609.14,wind.HSI.HI
2022-07-25,20516.34,20562.94,wind.HSI.HI
2022-07-26,20676.68,20905.88,wind.HSI.HI
2022-07-27,20684.48,20670.04,wind.HSI.HI
2022-07-28,20705.46,20622.68,wind.HSI.HI
2022-07-29,20647.45,20156.51,wind.HSI.HI
2022-08-01,20026.6,20165.84,wind.HSI.HI
2022-08-02,19943.16,19689.21,wind.HSI.HI
2022-08-03,19865.69,19767.09,wind.HSI.HI
2022-08-04,20011.25,20174.04,wind.HSI.HI
2022-08-05,20283.59,20201.94,wind.HSI.HI
2022-08-08,20065.35,20045.77,wind.HSI.HI
2022-08-09,20039.3,20003.44,wind.HSI.HI
2022-08-10,19956.51,19610.84,wind.HSI.HI
2022-08-11,19840.57,20082.43,wind.HSI.HI
2022-08-12,20158.29,20175.62,wind.HSI.HI
2022-08-15,20038.48,20040.86,wind.HSI.HI
2022-08-16,20107.14,19830.52,wind.HSI.HI
2022-08-17,19995.77,19922.45,wind.HSI.HI
2022-08-18,19991.94,19763.91,wind.HSI.HI
2022-08-19,19656.8,19773.03,wind.HSI.HI
2022-08-22,19572.42,19656.98,wind.HSI.HI
2022-08-23,19644.23,19503.25,wind.HSI.HI
2022-08-24,19542.24,19268.74,wind.HSI.HI
2022-08-25,19516.9,19968.38,wind.HSI.HI
2022-08-26,20138.69,20170.04,wind.HSI.HI
2022-08-29,19960.29,20023.22,wind.HSI.HI
2022-08-30,20062.73,19949.03,wind.HSI.HI
2022-08-31,19589.85,19954.39,wind.HSI.HI
2022-09-01,19761.72,19597.31,wind.HSI.HI
2022-09-02,19572.47,19452.09,wind.HSI.HI
2022-09-05,19299.09,19225.7,wind.HSI.HI
2022-09-06,19261.7,19202.73,wind.HSI.HI
2022-09-07,18915.87,19044.3,wind.HSI.HI
2022-09-08,19043.84,18854.62,wind.HSI.HI
2022-09-09,18893.65,19362.25,wind.HSI.HI
2022-09-13,19404.64,19326.86,wind.HSI.HI
2022-09-14,18933.3,18847.1,wind.HSI.HI
2022-09-15,18833.9,18930.38,wind.HSI.HI
2022-09-16,18732.44,18761.69,wind.HSI.HI
2022-09-19,18695.35,18565.97,wind.HSI.HI
2022-09-20,18700.68,18781.42,wind.HSI.HI
2022-09-21,18638.85,18444.62,wind.HSI.HI
2022-09-22,18080.93,18147.95,wind.HSI.HI
2022-09-23,18055.59,17933.27,wind.HSI.HI
2022-09-26,17781.87,17855.14,wind.HSI.HI
2022-09-27,17838.65,17860.31,wind.HSI.HI
2022-09-28,17703.39,17250.88,wind.HSI.HI
2022-09-29,17570.17,17165.87,wind.HSI.HI
2022-09-30,17165.93,17222.83,wind.HSI.HI
2022-10-10,17449.36,17216.66,wind.HSI.HI
2022-10-11,17194.73,16832.36,wind.HSI.HI
2022-10-12,16758.27,16701.03,wind.HSI.HI
2022-10-13,16700.65,16389.11,wind.HSI.HI
2022-10-14,16671.68,16587.69,wind.HSI.HI
2022-10-17,16479.74,16612.9,wind.HSI.HI
2022-10-18,16860.2,16914.58,wind.HSI.HI
2022-10-19,16805.91,16511.28,wind.HSI.HI
2022-10-20,16230.79,16280.22,wind.HSI.HI
2022-10-21,16331.11,16211.12,wind.HSI.HI
2022-10-24,15894.75,15180.69,wind.HSI.HI
2022-10-25,15242.1,15165.59,wind.HSI.HI
2022-10-26,15096.32,15317.67,wind.HSI.HI
2022-10-27,15721.27,15427.94,wind.HSI.HI
2022-10-28,15424.94,14863.06,wind.HSI.HI
2022-10-31,14830.69,14687.02,wind.HSI.HI
2022-11-01,14859.92,15455.27,wind.HSI.HI
2022-11-02,15389.55,15827.17,wind.HSI.HI
2022-11-03,15477.74,15339.49,wind.HSI.HI
2022-11-04,15442.76,16161.14,wind.HSI.HI
2022-11-07,16031.79,16595.91,wind.HSI.HI
2022-11-08,16640.6,16557.31,wind.HSI.HI
2022-11-09,16552.8,16358.52,wind.HSI.HI
2022-11-10,16138.22,16081.04,wind.HSI.HI
2022-11-11,17120.05,17325.66,wind.HSI.HI
2022-11-14,17999.26,17619.71,wind.HSI.HI
2022-11-15,17665.8,18343.12,wind.HSI.HI
2022-11-16,18169.21,18256.48,wind.HSI.HI
2022-11-17,18071.6,18045.66,wind.HSI.HI
2022-11-18,18316.36,17992.54,wind.HSI.HI
2022-11-21,17654.15,17655.91,wind.HSI.HI
2022-11-22,17625.19,17424.41,wind.HSI.HI
2022-11-23,17460.9,17523.81,wind.HSI.HI
2022-11-24,17684.53,17660.9,wind.HSI.HI
2022-11-25,17673.2,17573.58,wind.HSI.HI
2022-11-28,17000.23,17297.94,wind.HSI.HI
2022-11-29,17558.6,18204.68,wind.HSI.HI
2022-11-30,18141.56,18597.23,wind.HSI.HI
2022-12-01,19058.9,18736.44,wind.HSI.HI
2022-12-02,18785.28,18675.35,wind.HSI.HI
2022-12-05,19221.68,19518.29,wind.HSI.HI
2022-12-06,19211.7,19441.18,wind.HSI.HI
2022-12-07,19380.8,18814.82,wind.HSI.HI
2022-12-08,18965.05,19450.23,wind.HSI.HI
2022-12-09,19484.23,19900.87,wind.HSI.HI
2022-12-12,19594.52,19463.63,wind.HSI.HI
2022-12-13,19458.02,19596.2,wind.HSI.HI
2022-12-14,19775.33,19673.45,wind.HSI.HI
2022-12-15,19612.67,19368.59,wind.HSI.HI
2022-12-16,19343.7,19450.67,wind.HSI.HI
2022-12-19,19472.21,19352.81,wind.HSI.HI
2022-12-20,19156.94,19094.8,wind.HSI.HI
2022-12-21,19190.91,19160.49,wind.HSI.HI
2022-12-22,19537.45,19679.22,wind.HSI.HI
2022-12-23,19382.23,19593.06,wind.HSI.HI
2022-12-26,19382.23,19593.06,wind.HSI.HI
2022-12-27,19382.23,19593.06,wind.HSI.HI
2022-12-28,19787.94,19898.91,wind.HSI.HI
2022-12-29,19648.4,19741.14,wind.HSI.HI
2022-12-30,20030.85,19781.41,wind.HSI.HI
2023-01-03,19570.43,20145.29,wind.HSI.HI
2023-01-04,20319.98,20793.11,wind.HSI.HI
2023-01-05,21295.87,21052.17,wind.HSI.HI
2023-01-06,21220.89,20991.64,wind.HSI.HI
2023-01-09,21295.94,21388.34,wind.HSI.HI
2023-01-10,21370.42,21331.46,wind.HSI.HI
2023-01-11,21463.82,21436.05,wind.HSI.HI
2023-01-12,21599.82,21514.1,wind.HSI.HI
2023-01-13,21605.07,21738.66,wind.HSI.HI
2023-01-16,21818.65,21746.72,wind.HSI.HI
2023-01-17,21678.05,21577.64,wind.HSI.HI
2023-01-18,21514.8,21678.0,wind.HSI.HI
2023-01-19,21452.26,21650.98,wind.HSI.HI
2023-01-20,21812.46,22044.65,wind.HSI.HI
2023-01-30,22579.88,22069.73,wind.HSI.HI
2023-01-31,22190.27,21842.33,wind.HSI.HI
2023-02-01,21920.8,22072.18,wind.HSI.HI
2023-02-02,22276.23,21958.36,wind.HSI.HI
2023-02-03,21811.08,21660.47,wind.HSI.HI
2023-02-06,21349.17,21222.16,wind.HSI.HI
2023-02-07,21288.39,21298.7,wind.HSI.HI
2023-02-08,21283.9,21283.52,wind.HSI.HI
2023-02-09,21154.25,21624.36,wind.HSI.HI
2023-02-10,21559.44,21190.42,wind.HSI.HI
2023-02-13,20910.08,21164.42,wind.HSI.HI
2023-02-14,21235.92,21113.76,wind.HSI.HI
2023-02-15,21116.84,20812.17,wind.HSI.HI
2023-02-16,20947.07,20987.67,wind.HSI.HI
2023-02-17,20958.63,20719.81,wind.HSI.HI
2023-02-20,20681.47,20886.96,wind.HSI.HI
2023-02-21,20859.5,20529.49,wind.HSI.HI
2023-02-22,20512.49,20423.84,wind.HSI.HI
2023-02-23,20339.15,20351.35,wind.HSI.HI
2023-02-24,20223.67,20010.04,wind.HSI.HI
2023-02-27,19821.03,19943.51,wind.HSI.HI
2023-02-28,20020.17,19785.94,wind.HSI.HI
2023-03-01,19849.97,20619.71,wind.HSI.HI
2023-03-02,20390.02,20429.46,wind.HSI.HI
2023-03-03,20703.14,20567.54,wind.HSI.HI
2023-03-06,20437.87,20603.19,wind.HSI.HI
2023-03-07,20606.83,20534.48,wind.HSI.HI
2023-03-08,20256.89,20051.25,wind.HSI.HI
2023-03-09,20082.42,19925.74,wind.HSI.HI
2023-03-10,19580.78,19319.92,wind.HSI.HI
2023-03-13,19411.88,19695.97,wind.HSI.HI
2023-03-14,19524.51,19247.96,wind.HSI.HI
2023-03-15,19523.49,19539.87,wind.HSI.HI
2023-03-16,19197.97,19203.91,wind.HSI.HI
2023-03-17,19439.84,19518.59,wind.HSI.HI
2023-03-20,19352.9,19000.71,wind.HSI.HI
2023-03-21,19118.87,19258.76,wind.HSI.HI
2023-03-22,19428.36,19591.43,wind.HSI.HI
2023-03-23,19619.74,20049.64,wind.HSI.HI
2023-03-24,19919.65,19915.68,wind.HSI.HI
2023-03-27,19851.79,19567.69,wind.HSI.HI
2023-03-28,19688.31,19784.65,wind.HSI.HI
2023-03-29,20348.64,20192.4,wind.HSI.HI
2023-03-30,20216.79,20309.13,wind.HSI.HI
2023-03-31,20583.88,20400.11,wind.HSI.HI
2023-04-03,20379.5,20409.18,wind.HSI.HI
2023-04-04,20364.36,20274.59,wind.HSI.HI
2023-04-06,20146.22,20331.2,wind.HSI.HI
2023-04-07,20146.22,20331.2,wind.HSI.HI
2023-04-10,20146.22,20331.2,wind.HSI.HI
2023-04-11,20566.59,20485.24,wind.HSI.HI
2023-04-12,20481.53,20309.86,wind.HSI.HI
2023-04-13,19977.96,20344.48,wind.HSI.HI
2023-04-14,20422.72,20438.81,wind.HSI.HI
2023-04-17,20374.51,20782.45,wind.HSI.HI
2023-04-18,20643.41,20650.51,wind.HSI.HI
2023-04-19,20633.0,20367.76,wind.HSI.HI
2023-04-20,20354.83,20396.97,wind.HSI.HI
2023-04-21,20330.15,20075.73,wind.HSI.HI
2023-04-24,20049.87,19959.94,wind.HSI.HI
2023-04-25,19903.53,19617.88,wind.HSI.HI
2023-04-26,19520.97,19757.27,wind.HSI.HI
2023-04-27,19736.35,19840.28,wind.HSI.HI
2023-04-28,20086.07,19894.57,wind.HSI.HI
2023-05-04,19926.23,19948.73,wind.HSI.HI
2023-05-05,20061.0,20049.31,wind.HSI.HI
2023-05-08,20128.18,20297.03,wind.HSI.HI
2023-05-09,20252.13,19867.58,wind.HSI.HI
2023-05-10,19860.5,19762.2,wind.HSI.HI
2023-05-11,19842.98,19743.79,wind.HSI.HI
2023-05-12,19850.84,19627.24,wind.HSI.HI
2023-05-15,19525.06,19971.13,wind.HSI.HI
2023-05-16,20183.28,19978.25,wind.HSI.HI
2023-05-17,19956.13,19560.57,wind.HSI.HI
2023-05-18,19702.73,19727.25,wind.HSI.HI
2023-05-19,19535.49,19450.57,wind.HSI.HI
2023-05-22,19479.06,19678.17,wind.HSI.HI
2023-05-23,19713.46,19431.25,wind.HSI.HI
2023-05-24,19279.39,19115.93,wind.HSI.HI
2023-05-25,18930.23,18746.92,wind.HSI.HI
2023-05-26,18930.23,18746.92,wind.HSI.HI
2023-05-29,18827.08,18551.11,wind.HSI.HI
2023-05-30,18574.19,18595.78,wind.HSI.HI
2023-05-31,18415.0,18234.27,wind.HSI.HI
2023-06-01,18190.27,18216.91,wind.HSI.HI
2023-06-02,18566.81,18949.94,wind.HSI.HI
2023-06-05,19014.96,19108.5,wind.HSI.HI
2023-06-06,19117.11,19099.28,wind.HSI.HI
2023-06-07,19327.15,19252.0,wind.HSI.HI
2023-06-08,19227.84,19299.18,wind.HSI.HI
2023-06-09,19333.43,19389.95,wind.HSI.HI
2023-06-12,19440.99,19404.31,wind.HSI.HI
2023-06-13,19355.65,19521.42,wind.HSI.HI
2023-06-14,19547.58,19408.42,wind.HSI.HI
2023-06-15,19626.8,19828.92,wind.HSI.HI
2023-06-16,19915.44,20040.37,wind.HSI.HI
2023-06-19,19983.4,19912.89,wind.HSI.HI
2023-06-20,19863.86,19607.08,wind.HSI.HI
2023-06-21,19305.24,19218.35,wind.HSI.HI
2023-06-26,18845.9,18794.13,wind.HSI.HI
2023-06-27,18851.66,19148.13,wind.HSI.HI
2023-06-28,19099.39,19172.05,wind.HSI.HI
2023-06-29,19180.28,18934.36,wind.HSI.HI
2023-06-30,18881.43,18916.43,wind.HSI.HI
2023-07-03,19002.55,19306.59,wind.HSI.HI
2023-07-04,19289.06,19415.68,wind.HSI.HI
2023-07-05,19355.06,19110.38,wind.HSI.HI
2023-07-06,18840.41,18533.05,wind.HSI.HI
2023-07-07,18435.46,18365.7,wind.HSI.HI
2023-07-10,18747.5,18479.72,wind.HSI.HI
2023-07-11,18671.42,18659.83,wind.HSI.HI
2023-07-12,18797.01,18860.95,wind.HSI.HI
2023-07-13,19181.31,19350.62,wind.HSI.HI
2023-07-14,19534.82,19413.78,wind.HSI.HI
2023-07-17,19534.82,19413.78,wind.HSI.HI
2023-07-18,19324.34,19015.72,wind.HSI.HI
2023-07-19,18826.59,18952.31,wind.HSI.HI
2023-07-20,19003.28,18928.02,wind.HSI.HI
2023-07-21,18918.7,19075.26,wind.HSI.HI
2023-07-24,18867.61,18668.15,wind.HSI.HI
2023-07-25,19172.28,19434.4,wind.HSI.HI
2023-07-26,19340.77,19365.14,wind.HSI.HI
2023-07-27,19502.09,19639.11,wind.HSI.HI
2023-07-28,19418.48,19916.56,wind.HSI.HI
2023-07-31,20237.53,20078.94,wind.HSI.HI
2023-08-01,20211.2,20011.12,wind.HSI.HI
2023-08-02,19902.77,19517.38,wind.HSI.HI
2023-08-03,19404.14,19420.87,wind.HSI.HI
2023-08-04,19671.13,19539.46,wind.HSI.HI
2023-08-07,19474.66,19537.92,wind.HSI.HI
2023-08-08,19308.55,19184.17,wind.HSI.HI
2023-08-09,19059.58,19246.03,wind.HSI.HI
2023-08-10,19125.0,19248.26,wind.HSI.HI
2023-08-11,19319.91,19075.19,wind.HSI.HI
2023-08-14,18697.33,18773.55,wind.HSI.HI
2023-08-15,18599.2,18581.11,wind.HSI.HI
2023-08-16,18356.65,18329.3,wind.HSI.HI
2023-08-17,18023.11,18326.63,wind.HSI.HI
2023-08-18,18208.98,17950.85,wind.HSI.HI
2023-08-21,17798.47,17623.29,wind.HSI.HI
2023-08-22,17641.86,17791.01,wind.HSI.HI
2023-08-23,17762.76,17845.92,wind.HSI.HI
2023-08-24,17992.73,18212.17,wind.HSI.HI
2023-08-25,18037.6,17956.38,wind.HSI.HI
2023-08-28,18519.08,18130.74,wind.HSI.HI
2023-08-29,18261.69,18484.03,wind.HSI.HI
2023-08-30,18659.96,18482.86,wind.HSI.HI
2023-08-31,18580.47,18382.06,wind.HSI.HI
2023-09-01,18580.47,18382.06,wind.HSI.HI
2023-09-04,18592.53,18844.16,wind.HSI.HI
2023-09-05,18717.42,18456.91,wind.HSI.HI
2023-09-06,18405.09,18449.98,wind.HSI.HI
2023-09-07,18437.48,18202.07,wind.HSI.HI
2023-09-08,18437.48,18202.07,wind.HSI.HI
2023-09-11,17941.65,18096.45,wind.HSI.HI
2023-09-12,18015.56,18025.89,wind.HSI.HI
2023-09-13,18131.1,18009.22,wind.HSI.HI
2023-09-14,18101.96,18047.92,wind.HSI.HI
2023-09-15,18154.01,18182.89,wind.HSI.HI
2023-09-18,18069.04,17930.55,wind.HSI.HI
2023-09-19,17942.07,17997.17,wind.HSI.HI
2023-09-20,17939.25,17885.6,wind.HSI.HI
2023-09-21,17795.8,17655.41,wind.HSI.HI
2023-09-22,17578.26,18057.45,wind.HSI.HI
2023-09-25,18046.89,17729.29,wind.HSI.HI
2023-09-26,17661.85,17466.9,wind.HSI.HI
2023-09-27,17472.11,17611.87,wind.HSI.HI
2023-09-28,17587.08,17373.03,wind.HSI.HI
2023-10-09,17500.37,17517.4,wind.HSI.HI
2023-10-10,17726.63,17664.73,wind.HSI.HI
2023-10-11,17956.83,17893.1,wind.HSI.HI
2023-10-12,18258.26,18238.21,wind.HSI.HI
2023-10-13,17946.77,17813.45,wind.HSI.HI
2023-10-16,17803.31,17640.36,wind.HSI.HI
2023-10-17,17806.23,17773.34,wind.HSI.HI
2023-10-18,17728.25,17732.52,wind.HSI.HI
2023-10-19,17540.46,17295.89,wind.HSI.HI
2023-10-20,17127.26,17172.13,wind.HSI.HI
2023-10-23,17127.26,17172.13,wind.HSI.HI
2023-10-24,17053.15,16991.53,wind.HSI.HI
2023-10-25,17465.43,17085.33,wind.HSI.HI
2023-10-26,17085.12,17044.61,wind.HSI.HI
2023-10-27,17160.23,17398.73,wind.HSI.HI
2023-10-30,17225.65,17406.36,wind.HSI.HI
2023-10-31,17337.7,17112.48,wind.HSI.HI
2023-11-01,17139.4,17101.78,wind.HSI.HI
2023-11-02,17282.39,17230.59,wind.HSI.HI
2023-11-03,17405.91,17664.12,wind.HSI.HI
2023-11-06,17913.54,17966.59,wind.HSI.HI
2023-11-07,17850.59,17670.16,wind.HSI.HI
2023-11-08,17650.51,17568.46,wind.HSI.HI
2023-11-09,17553.26,17511.29,wind.HSI.HI
2023-11-10,17350.87,17203.26,wind.HSI.HI
2023-11-13,17263.0,17426.21,wind.HSI.HI
2023-11-14,17495.1,17396.86,wind.HSI.HI
2023-11-15,17836.65,18079.0,wind.HSI.HI
2023-11-16,18174.69,17832.82,wind.HSI.HI
2023-11-17,17584.32,17454.19,wind.HSI.HI
2023-11-20,17625.84,17778.07,wind.HSI.HI
2023-11-21,17932.54,17733.89,wind.HSI.HI
2023-11-22,17736.4,17734.6,wind.HSI.HI
2023-11-23,17680.05,17910.84,wind.HSI.HI
2023-11-24,17771.75,17559.42,wind.HSI.HI
2023-11-27,17677.52,17525.06,wind.HSI.HI
2023-11-28,17541.48,17354.14,wind.HSI.HI
2023-11-29,17359.08,16993.44,wind.HSI.HI
2023-11-30,16985.18,17042.88,wind.HSI.HI
2023-12-01,17019.17,16830.3,wind.HSI.HI
2023-12-04,16919.08,16646.05,wind.HSI.HI
2023-12-05,16606.54,16327.86,wind.HSI.HI
2023-12-06,16311.96,16463.26,wind.HSI.HI
2023-12-07,16376.44,16345.89,wind.HSI.HI
2023-12-08,16373.44,16334.37,wind.HSI.HI
2023-12-11,16149.06,16201.49,wind.HSI.HI
2023-12-12,16236.06,16374.5,wind.HSI.HI
2023-12-13,16311.71,16228.75,wind.HSI.HI
2023-12-14,16419.74,16402.19,wind.HSI.HI
2023-12-15,16610.7,16792.19,wind.HSI.HI
2023-12-18,16669.82,16629.23,wind.HSI.HI
2023-12-19,16551.44,16505.0,wind.HSI.HI
2023-12-20,16647.95,16613.81,wind.HSI.HI
2023-12-21,16455.14,16621.13,wind.HSI.HI
2023-12-22,16743.06,16340.41,wind.HSI.HI
2023-12-25,16743.06,16340.41,wind.HSI.HI
2023-12-26,16743.06,16340.41,wind.HSI.HI
2023-12-27,16561.78,16624.84,wind.HSI.HI
2023-12-28,16678.23,17043.53,wind.HSI.HI
2023-12-29,17066.52,17047.39,wind.HSI.HI
2024-01-02,17135.12,16788.55,wind.HSI.HI
2024-01-03,16624.92,16646.41,wind.HSI.HI
2024-01-04,16673.4,16645.98,wind.HSI.HI
2024-01-05,16573.12,16535.33,wind.HSI.HI
2024-01-08,16205.88,16224.45,wind.HSI.HI
2024-01-09,16256.1,16190.02,wind.HSI.HI
2024-01-10,16143.97,16097.28,wind.HSI.HI
2024-01-11,16154.17,16302.04,wind.HSI.HI
2024-01-12,16216.97,16244.58,wind.HSI.HI
2024-01-15,16258.28,16216.33,wind.HSI.HI
2024-01-16,16030.25,15865.92,wind.HSI.HI
2024-01-17,15764.38,15276.9,wind.HSI.HI
2024-01-18,15301.19,15391.79,wind.HSI.HI
2024-01-19,15404.69,15308.69,wind.HSI.HI
2024-01-22,15349.05,14961.18,wind.HSI.HI
2024-01-23,15038.33,15353.98,wind.HSI.HI
2024-01-24,15602.45,15899.87,wind.HSI.HI
2024-01-25,15989.94,16211.96,wind.HSI.HI
2024-01-26,16158.72,15952.23,wind.HSI.HI
2024-01-29,16046.25,16077.24,wind.HSI.HI
2024-01-30,15896.66,15703.45,wind.HSI.HI
2024-01-31,15652.05,15485.07,wind.HSI.HI
2024-02-01,15522.86,15566.21,wind.HSI.HI
2024-02-02,15756.12,15533.56,wind.HSI.HI
2024-02-05,15336.86,15510.01,wind.HSI.HI
2024-02-06,15541.23,16136.87,wind.HSI.HI
2024-02-07,16282.39,16081.89,wind.HSI.HI
2024-02-08,15988.62,15878.07,wind.HSI.HI
2024-02-19,16334.47,16155.61,wind.HSI.HI
2024-02-20,16222.09,16247.51,wind.HSI.HI
2024-02-21,16182.93,16503.1,wind.HSI.HI
2024-02-22,16489.84,16742.95,wind.HSI.HI
2024-02-23,16654.68,16725.86,wind.HSI.HI
2024-02-26,16684.96,16634.74,wind.HSI.HI
2024-02-27,16645.63,16790.8,wind.HSI.HI
2024-02-28,16833.61,16536.85,wind.HSI.HI
2024-02-29,16429.57,16511.44,wind.HSI.HI
2024-03-01,16390.89,16589.44,wind.HSI.HI
2024-03-04,16629.55,16595.97,wind.HSI.HI
2024-03-05,16343.95,16162.64,wind.HSI.HI
2024-03-06,16167.45,16438.09,wind.HSI.HI
2024-03-07,16417.77,16229.78,wind.HSI.HI
2024-03-08,16275.39,16353.39,wind.HSI.HI
2024-03-11,16416.17,16587.57,wind.HSI.HI
2024-03-12,16701.95,17093.5,wind.HSI.HI
2024-03-13,17059.11,17082.11,wind.HSI.HI
2024-03-14,17120.54,16961.66,wind.HSI.HI
2024-03-15,16758.36,16720.89,wind.HSI.HI
2024-03-18,16690.26,16737.12,wind.HSI.HI
2024-03-19,16628.07,16529.48,wind.HSI.HI
2024-03-20,16559.01,16543.07,wind.HSI.HI
2024-03-21,16762.83,16863.1,wind.HSI.HI
2024-03-22,16745.27,16499.47,wind.HSI.HI
2024-03-25,16531.95,16473.64,wind.HSI.HI
2024-03-26,16548.5,16618.32,wind.HSI.HI
2024-03-27,16530.44,16392.84,wind.HSI.HI
2024-03-28,16378.4,16541.42,wind.HSI.HI
2024-03-29,16378.4,16541.42,wind.HSI.HI
2024-04-01,16378.4,16541.42,wind.HSI.HI
2024-04-02,16811.74,16931.52,wind.HSI.HI
2024-04-03,16926.85,16725.1,wind.HSI.HI
2024-04-08,16650.83,16732.85,wind.HSI.HI
2024-04-09,16819.18,16828.07,wind.HSI.HI
2024-04-10,16926.02,17139.17,wind.HSI.HI
2024-04-11,16856.19,17095.03,wind.HSI.HI
2024-04-12,16978.7,16721.69,wind.HSI.HI
2024-04-15,16487.36,16600.46,wind.HSI.HI
2024-04-16,16367.69,16248.97,wind.HSI.HI
2024-04-17,16225.54,16251.84,wind.HSI.HI
2024-04-18,16253.24,16385.87,wind.HSI.HI
2024-04-19,16246.34,16224.14,wind.HSI.HI
2024-04-22,16410.83,16511.69,wind.HSI.HI
2024-04-23,16679.39,16828.93,wind.HSI.HI
2024-04-24,16993.17,17201.27,wind.HSI.HI
2024-04-25,17144.12,17284.54,wind.HSI.HI
2024-04-26,17336.2,17651.15,wind.HSI.HI
2024-04-29,17737.93,17746.91,wind.HSI.HI
2024-04-30,17843.44,17763.03,wind.HSI.HI
2024-05-06,18488.55,18578.3,wind.HSI.HI
2024-05-07,18577.55,18479.37,wind.HSI.HI
2024-05-08,18510.54,18313.86,wind.HSI.HI
2024-05-09,18306.25,18537.81,wind.HSI.HI
2024-05-10,18669.43,18963.68,wind.HSI.HI
2024-05-13,18904.58,19115.06,wind.HSI.HI
2024-05-14,19203.82,19073.71,wind.HSI.HI
2024-05-15,19203.82,19073.71,wind.HSI.HI
2024-05-16,19262.79,19376.53,wind.HSI.HI
2024-05-17,19525.12,19553.61,wind.HSI.HI
2024-05-20,19621.43,19636.22,wind.HSI.HI
2024-05-21,19473.67,19220.62,wind.HSI.HI
2024-05-22,19225.26,19195.6,wind.HSI.HI
2024-05-23,19024.41,18868.71,wind.HSI.HI
2024-05-24,18742.28,18608.94,wind.HSI.HI
2024-05-27,18606.02,18827.35,wind.HSI.HI
2024-05-28,18814.01,18821.16,wind.HSI.HI
2024-05-29,18659.41,18477.01,wind.HSI.HI
2024-05-30,18423.78,18230.19,wind.HSI.HI
2024-05-31,18409.62,18079.61,wind.HSI.HI
2024-06-03,18283.56,18403.04,wind.HSI.HI
2024-06-04,18335.45,18444.11,wind.HSI.HI
2024-06-05,18489.78,18424.96,wind.HSI.HI
2024-06-06,18577.58,18476.8,wind.HSI.HI
2024-06-07,18562.48,18366.95,wind.HSI.HI
2024-06-11,18163.12,18176.34,wind.HSI.HI
2024-06-12,18032.4,17937.84,wind.HSI.HI
2024-06-13,18104.13,18112.63,wind.HSI.HI
2024-06-14,18028.07,17941.78,wind.HSI.HI
2024-06-17,17848.87,17936.12,wind.HSI.HI
2024-06-18,17961.89,17915.55,wind.HSI.HI
2024-06-19,18056.22,18430.39,wind.HSI.HI
2024-06-20,18453.63,18335.32,wind.HSI.HI
2024-06-21,18199.14,18028.52,wind.HSI.HI
2024-06-24,17906.36,18027.71,wind.HSI.HI
2024-06-25,18088.02,18072.9,wind.HSI.HI
2024-06-26,17934.63,18089.93,wind.HSI.HI
2024-06-27,17946.0,17716.47,wind.HSI.HI
2024-06-28,17583.19,17718.61,wind.HSI.HI
2024-07-01,17583.19,17718.61,wind.HSI.HI
2024-07-02,17669.42,17769.14,wind.HSI.HI
2024-07-03,17841.77,17978.57,wind.HSI.HI
2024-07-04,18079.72,18028.28,wind.HSI.HI
2024-07-05,18035.77,17799.61,wind.HSI.HI
2024-07-08,17667.97,17524.06,wind.HSI.HI
2024-07-09,17481.0,17523.23,wind.HSI.HI
2024-07-10,17613.5,17471.67,wind.HSI.HI
2024-07-11,17629.13,17832.33,wind.HSI.HI
2024-07-12,18020.17,18293.38,wind.HSI.HI
2024-07-15,18201.48,18015.94,wind.HSI.HI
2024-07-16,17845.06,17727.98,wind.HSI.HI
2024-07-17,17741.77,17739.41,wind.HSI.HI
2024-07-18,17653.23,17778.41,wind.HSI.HI
2024-07-19,17603.8,17417.68,wind.HSI.HI
2024-07-22,17465.13,17635.88,wind.HSI.HI
2024-07-23,17679.55,17469.36,wind.HSI.HI
2024-07-24,17454.43,17311.05,wind.HSI.HI
2024-07-25,17260.83,17004.97,wind.HSI.HI
2024-07-26,17079.67,17021.31,wind.HSI.HI
2024-07-29,17196.45,17238.34,wind.HSI.HI
2024-07-30,17194.37,17002.91,wind.HSI.HI
2024-07-31,17070.86,17344.6,wind.HSI.HI
2024-08-01,17327.85,17304.96,wind.HSI.HI
2024-08-02,17025.26,16945.51,wind.HSI.HI
2024-08-05,16676.82,16698.36,wind.HSI.HI
2024-08-06,16861.3,16647.34,wind.HSI.HI
2024-08-07,16684.78,16877.86,wind.HSI.HI
2024-08-08,16773.04,16891.83,wind.HSI.HI
2024-08-09,17097.36,17090.23,wind.HSI.HI
2024-08-12,17102.98,17111.65,wind.HSI.HI
2024-08-13,17160.21,17174.06,wind.HSI.HI
2024-08-14,17233.68,17113.36,wind.HSI.HI
2024-08-15,17008.21,17109.14,wind.HSI.HI
2024-08-16,17286.04,17430.16,wind.HSI.HI
2024-08-19,17569.66,17569.57,wind.HSI.HI
2024-08-20,17661.69,17511.08,wind.HSI.HI
2024-08-21,17313.86,17391.01,wind.HSI.HI
2024-08-22,17497.63,17641.0,wind.HSI.HI
2024-08-23,17521.18,17612.1,wind.HSI.HI
2024-08-26,17709.27,17798.73,wind.HSI.HI
2024-08-27,17663.8,17874.67,wind.HSI.HI
2024-08-28,17847.99,17692.45,wind.HSI.HI
2024-08-29,17614.41,17786.32,wind.HSI.HI
2024-08-30,17794.41,17989.07,wind.HSI.HI
2024-09-02,17862.59,17691.97,wind.HSI.HI
2024-09-03,17665.93,17651.49,wind.HSI.HI
2024-09-04,17474.74,17457.34,wind.HSI.HI
2024-09-05,17469.96,17444.3,wind.HSI.HI
2024-09-06,17469.96,17444.3,wind.HSI.HI
2024-09-09,17261.89,17196.96,wind.HSI.HI
2024-09-10,17205.42,17234.09,wind.HSI.HI
2024-09-11,17051.84,17108.71,wind.HSI.HI
2024-09-12,17177.3,17240.39,wind.HSI.HI
2024-09-13,17298.35,17369.09,wind.HSI.HI
2024-09-18,17298.35,17660.02,wind.HSI.HI
2024-09-19,17633.93,18013.16,wind.HSI.HI
2024-09-20,18069.33,18258.57,wind.HSI.HI
2024-09-23,18237.41,18247.11,wind.HSI.HI
2024-09-24,18573.92,19000.56,wind.HSI.HI
2024-09-25,19592.43,19129.1,wind.HSI.HI
2024-09-26,19302.57,19924.58,wind.HSI.HI
2024-09-27,20446.74,20632.3,wind.HSI.HI
2024-09-30,21175.41,21133.68,wind.HSI.HI
2024-10-08,22849.23,20926.79,wind.HSI.HI
2024-10-09,21290.04,20637.24,wind.HSI.HI
2024-10-10,21046.0,21251.98,wind.HSI.HI
2024-10-11,21046.0,21251.98,wind.HSI.HI
2024-10-14,21228.65,21092.87,wind.HSI.HI
2024-10-15,21046.19,20318.79,wind.HSI.HI
2024-10-16,20144.75,20286.85,wind.HSI.HI
2024-10-17,20471.99,20079.1,wind.HSI.HI
2024-10-18,20106.65,20804.11,wind.HSI.HI
2024-10-21,20730.95,20478.46,wind.HSI.HI
2024-10-22,20433.49,20498.95,wind.HSI.HI
2024-10-23,20525.44,20760.15,wind.HSI.HI
2024-10-24,20576.05,20489.62,wind.HSI.HI
2024-10-25,20521.95,20590.15,wind.HSI.HI
2024-10-28,20592.74,20599.36,wind.HSI.HI
2024-10-29,20729.98,20701.14,wind.HSI.HI
2024-10-30,20586.55,20380.64,wind.HSI.HI
2024-10-31,20414.2,20317.33,wind.HSI.HI
2024-11-01,20427.88,20506.43,wind.HSI.HI
2024-11-04,20584.45,20567.52,wind.HSI.HI
2024-11-05,20409.94,21006.97,wind.HSI.HI
2024-11-06,20791.8,20538.38,wind.HSI.HI
2024-11-07,20386.36,20953.34,wind.HSI.HI
2024-11-08,21199.96,20728.19,wind.HSI.HI
2024-11-11,20258.14,20426.93,wind.HSI.HI
2024-11-12,20334.09,19846.88,wind.HSI.HI
2024-11-13,19671.92,19823.45,wind.HSI.HI
2024-11-14,19626.26,19435.81,wind.HSI.HI
2024-11-15,19503.03,19426.34,wind.HSI.HI
2024-11-18,19595.5,19576.61,wind.HSI.HI
2024-11-19,19699.81,19663.67,wind.HSI.HI
2024-11-20,19623.39,19705.01,wind.HSI.HI
2024-11-21,19646.04,19601.11,wind.HSI.HI
2024-11-22,19613.55,19229.97,wind.HSI.HI
2024-11-25,19307.34,19150.99,wind.HSI.HI
2024-11-26,19054.4,19159.2,wind.HSI.HI
2024-11-27,19187.05,19603.13,wind.HSI.HI
2024-11-28,19558.18,19366.96,wind.HSI.HI
2024-11-29,19346.62,19423.61,wind.HSI.HI
2024-12-02,19442.31,19550.29,wind.HSI.HI
2024-12-03,19585.35,19746.32,wind.HSI.HI
2024-12-04,19722.15,19742.46,wind.HSI.HI
2024-12-05,19578.66,19560.44,wind.HSI.HI
2024-12-06,19611.62,19865.85,wind.HSI.HI
2024-12-09,19732.28,20414.09,wind.HSI.HI
2024-12-10,21070.05,20311.28,wind.HSI.HI
2024-12-11,20404.5,20155.05,wind.HSI.HI
2024-12-12,20213.24,20397.05,wind.HSI.HI
2024-12-13,20238.21,19971.24,wind.HSI.HI
2024-12-16,19947.23,19795.49,wind.HSI.HI
2024-12-17,19678.03,19700.48,wind.HSI.HI
2024-12-18,19884.54,19864.55,wind.HSI.HI
2024-12-19,19610.1,19752.51,wind.HSI.HI
2024-12-20,19697.06,19720.7,wind.HSI.HI
2024-12-23,19843.65,19883.13,wind.HSI.HI
2024-12-24,19911.5,20098.29,wind.HSI.HI
2024-12-25,19911.5,20098.29,wind.HSI.HI
2024-12-26,19911.5,20098.29,wind.HSI.HI
2024-12-27,20083.44,20090.46,wind.HSI.HI
2024-12-30,20124.75,20041.42,wind.HSI.HI
2024-12-31,20003.36,20059.95,wind.HSI.HI
2025-01-02,19932.8,19623.32,wind.HSI.HI
2025-01-03,19708.74,19760.27,wind.HSI.HI
2025-01-06,19848.71,19688.29,wind.HSI.HI
2025-01-07,19501.45,19447.58,wind.HSI.HI
2025-01-08,19390.76,19279.84,wind.HSI.HI
2025-01-09,19254.38,19240.89,wind.HSI.HI
2025-01-10,19328.07,19064.29,wind.HSI.HI
2025-01-13,18918.15,18874.14,wind.HSI.HI
2025-01-14,18901.56,19219.78,wind.HSI.HI
2025-01-15,19149.94,19286.07,wind.HSI.HI
2025-01-16,19454.92,19522.89,wind.HSI.HI
2025-01-17,19499.1,19584.06,wind.HSI.HI
2025-01-20,19804.64,19925.81,wind.HSI.HI
2025-01-21,20128.34,20106.55,wind.HSI.HI
2025-01-22,19997.09,19778.77,wind.HSI.HI
2025-01-23,19881.32,19700.56,wind.HSI.HI
2025-01-24,19842.85,20066.19,wind.HSI.HI
2025-01-27,20118.02,20197.77,wind.HSI.HI
2025-02-05,20827.77,20597.09,wind.HSI.HI
2025-02-06,20598.98,20891.62,wind.HSI.HI
2025-02-07,20858.52,21133.54,wind.HSI.HI
2025-02-10,21223.61,21521.98,wind.HSI.HI
2025-02-11,21656.82,21294.86,wind.HSI.HI
2025-02-12,21526.41,21857.92,wind.HSI.HI
2025-02-13,21958.69,21814.37,wind.HSI.HI
2025-02-14,22027.07,22620.33,wind.HSI.HI
2025-02-17,22755.06,22616.23,wind.HSI.HI
2025-02-18,22664.73,22976.81,wind.HSI.HI
2025-02-19,22777.46,22944.24,wind.HSI.HI
2025-02-20,22716.71,22576.98,wind.HSI.HI
2025-02-21,23090.03,23477.92,wind.HSI.HI
2025-02-24,23472.14,23341.61,wind.HSI.HI
2025-02-25,22716.48,23034.02,wind.HSI.HI
2025-02-26,23238.34,23787.93,wind.HSI.HI
2025-02-27,23783.75,23718.29,wind.HSI.HI
2025-02-28,23616.18,22941.32,wind.HSI.HI
2025-03-03,23135.12,23006.27,wind.HSI.HI
2025-03-04,22678.25,22941.77,wind.HSI.HI
2025-03-05,23200.42,23594.21,wind.HSI.HI
2025-03-06,23987.09,24369.71,wind.HSI.HI
2025-03-07,24182.02,24231.3,wind.HSI.HI
2025-03-10,24115.98,23783.49,wind.HSI.HI
2025-03-11,23274.86,23782.14,wind.HSI.HI
2025-03-12,23859.23,23600.31,wind.HSI.HI
2025-03-13,23616.33,23462.65,wind.HSI.HI
2025-03-14,23653.33,23959.98,wind.HSI.HI
2025-03-17,24226.0,24145.57,wind.HSI.HI
2025-03-18,24679.35,24740.57,wind.HSI.HI
2025-03-19,24697.63,24771.14,wind.HSI.HI
2025-03-20,24753.15,24219.95,wind.HSI.HI
2025-03-21,24109.07,23689.72,wind.HSI.HI
2025-03-24,23749.58,23905.56,wind.HSI.HI
2025-03-25,23643.32,23344.25,wind.HSI.HI
2025-03-26,23460.31,23483.32,wind.HSI.HI
2025-03-27,23543.86,23578.8,wind.HSI.HI
2025-03-28,23672.82,23426.6,wind.HSI.HI
2025-03-31,23207.07,23119.58,wind.HSI.HI
2025-04-01,23217.11,23206.84,wind.HSI.HI
2025-04-02,23167.31,23202.53,wind.HSI.HI
2025-04-03,22638.21,22849.81,wind.HSI.HI
2025-04-07,20730.05,19828.3,wind.HSI.HI
2025-04-08,20157.52,20127.68,wind.HSI.HI
2025-04-09,19494.92,20264.49,wind.HSI.HI
2025-04-10,20810.43,20681.78,wind.HSI.HI
2025-04-11,20557.49,20914.69,wind.HSI.HI
2025-04-14,21363.88,21417.4,wind.HSI.HI
2025-04-15,21603.52,21466.27,wind.HSI.HI
2025-04-16,21316.47,21056.98,wind.HSI.HI
2025-04-17,21066.81,21395.14,wind.HSI.HI
2025-04-18,21066.81,21395.14,wind.HSI.HI
2025-04-21,21066.81,21395.14,wind.HSI.HI
2025-04-22,21303.51,21562.32,wind.HSI.HI
2025-04-23,22080.19,22072.62,wind.HSI.HI
2025-04-24,22030.15,21909.76,wind.HSI.HI
2025-04-25,22080.44,21980.74,wind.HSI.HI
2025-04-28,22072.35,21971.96,wind.HSI.HI
2025-04-29,22073.36,22008.11,wind.HSI.HI
2025-04-30,22038.73,22119.41,wind.HSI.HI
2025-05-06,22576.56,22662.71,wind.HSI.HI
2025-05-07,23169.83,22691.88,wind.HSI.HI
2025-05-08,22589.13,22775.92,wind.HSI.HI
2025-05-09,22856.21,22867.74,wind.HSI.HI
2025-05-12,23183.81,23549.46,wind.HSI.HI
2025-05-13,23494.44,23108.27,wind.HSI.HI
2025-05-14,23316.45,23640.65,wind.HSI.HI
2025-05-15,23644.4,23453.16,wind.HSI.HI
2025-05-16,23249.16,23345.05,wind.HSI.HI
2025-05-19,23156.27,23332.72,wind.HSI.HI
2025-05-20,23398.35,23681.48,wind.HSI.HI
2025-05-21,23736.43,23827.78,wind.HSI.HI
2025-05-22,23748.58,23544.31,wind.HSI.HI
2025-05-23,23557.38,23601.26,wind.HSI.HI
2025-05-26,23505.9,23282.33,wind.HSI.HI
2025-05-27,23216.87,23381.99,wind.HSI.HI
2025-05-28,23385.18,23258.31,wind.HSI.HI
2025-05-29,23240.71,23573.38,wind.HSI.HI
2025-05-30,23339.64,23289.77,wind.HSI.HI
2025-06-03,23281.1,23512.49,wind.HSI.HI
2025-06-04,23499.78,23654.03,wind.HSI.HI
2025-06-05,23828.69,23906.97,wind.HSI.HI
2025-06-06,23941.57,23792.54,wind.HSI.HI
2025-06-09,23977.54,24181.43,wind.HSI.HI
2025-06-10,24231.31,24162.87,wind.HSI.HI
2025-06-11,24191.32,24366.94,wind.HSI.HI
2025-06-12,24223.12,24035.38,wind.HSI.HI
2025-06-13,23959.81,23892.56,wind.HSI.HI
2025-06-16,23791.79,24060.99,wind.HSI.HI
2025-06-17,24107.34,23980.3,wind.HSI.HI
2025-06-18,23859.55,23710.69,wind.HSI.HI
2025-06-19,23620.02,23237.74,wind.HSI.HI
2025-06-20,23291.4,23530.48,wind.HSI.HI
2025-06-23,23335.51,23689.13,wind.HSI.HI
2025-06-24,23832.73,24177.07,wind.HSI.HI
2025-06-25,24327.82,24474.67,wind.HSI.HI
2025-06-26,24345.29,24325.4,wind.HSI.HI
2025-06-27,24451.19,24284.15,wind.HSI.HI
2025-06-30,24274.91,24072.28,wind.HSI.HI
2025-07-01,24274.91,24072.28,wind.HSI.HI
2025-07-02,24304.31,24221.41,wind.HSI.HI
2025-07-03,24234.28,24069.94,wind.HSI.HI
2025-07-04,23900.69,23916.06,wind.HSI.HI
2025-07-07,23828.85,23887.83,wind.HSI.HI
2025-07-08,23927.53,24148.07,wind.HSI.HI
2025-07-09,24061.08,23892.32,wind.HSI.HI
2025-07-10,23865.64,24028.37,wind.HSI.HI
2025-07-11,24033.12,24139.57,wind.HSI.HI
2025-07-14,24100.57,24203.32,wind.HSI.HI
2025-07-15,24281.94,24590.12,wind.HSI.HI
2025-07-16,24704.05,24517.76,wind.HSI.HI
2025-07-17,24547.08,24498.95,wind.HSI.HI
2025-07-18,24757.83,24825.66,wind.HSI.HI
2025-07-21,24991.14,24994.14,wind.HSI.HI
2025-07-22,25024.93,25130.03,wind.HSI.HI
2025-07-23,25348.3,25538.07,wind.HSI.HI
2025-07-24,25528.22,25667.18,wind.HSI.HI
2025-07-25,25531.59,25388.35,wind.HSI.HI
2025-07-28,25458.87,25562.13,wind.HSI.HI
2025-07-29,25454.83,25524.45,wind.HSI.HI
2025-07-30,25335.21,25176.93,wind.HSI.HI
2025-07-31,24982.87,24773.33,wind.HSI.HI
2025-08-01,24744.34,24507.81,wind.HSI.HI
2025-08-04,24431.88,24733.45,wind.HSI.HI
2025-08-05,24746.81,24902.53,wind.HSI.HI
2025-08-06,24864.15,24910.63,wind.HSI.HI
2025-08-07,24982.5,25081.63,wind.HSI.HI
2025-08-08,24968.31,24858.82,wind.HSI.HI
2025-08-11,24946.55,24906.81,wind.HSI.HI
2025-08-12,24824.07,24969.68,wind.HSI.HI
2025-08-13,25176.52,25613.67,wind.HSI.HI
2025-08-14,25766.62,25519.32,wind.HSI.HI
2025-08-15,25322.1,25270.07,wind.HSI.HI
2025-08-18,25293.34,25176.85,wind.HSI.HI
2025-08-19,25241.29,25122.9,wind.HSI.HI
2025-08-20,24968.57,25165.94,wind.HSI.HI
2025-08-21,25216.42,25104.61,wind.HSI.HI
2025-08-22,25205.04,25339.14,wind.HSI.HI
2025-08-25,25606.88,25829.91,wind.HSI.HI
2025-08-26,25714.91,25524.92,wind.HSI.HI
2025-08-27,25626.17,25201.76,wind.HSI.HI
2025-08-28,25030.54,24998.82,wind.HSI.HI
2025-08-29,25095.45,25077.62,wind.HSI.HI
2025-09-01,25508.21,25617.42,wind.HSI.HI
2025-09-02,25587.97,25496.55,wind.HSI.HI
2025-09-03,25660.65,25343.43,wind.HSI.HI
2025-09-04,25489.13,25058.51,wind.HSI.HI
2025-09-05,25136.24,25417.98,wind.HSI.HI
2025-09-08,25440.01,25633.91,wind.HSI.HI
2025-09-09,25711.07,25938.13,wind.HSI.HI
2025-09-10,26042.41,26200.26,wind.HSI.HI
2025-09-11,25987.49,26086.32,wind.HSI.HI
2025-09-12,26539.44,26388.16,wind.HSI.HI
2025-09-15,26308.91,26446.56,wind.HSI.HI
2025-09-16,26536.63,26438.51,wind.HSI.HI
2025-09-17,26554.19,26908.39,wind.HSI.HI
2025-09-18,26863.69,26544.85,wind.HSI.HI
2025-09-19,26583.03,26545.1,wind.HSI.HI
2025-09-22,26459.52,26344.14,wind.HSI.HI
2025-09-23,26435.58,26159.12,wind.HSI.HI
2025-09-24,26073.69,26518.65,wind.HSI.HI
2025-09-25,26536.13,26484.68,wind.HSI.HI
2025-09-26,26272.3,26128.2,wind.HSI.HI
2025-09-29,26321.57,26622.88,wind.HSI.HI
2025-09-30,26674.16,26855.56,wind.HSI.HI
2025-10-09,26862.03,26752.59,wind.HSI.HI
2025-10-10,26523.89,26290.32,wind.HSI.HI
2025-10-13,25634.0,25889.48,wind.HSI.HI
2025-10-14,25969.21,25441.35,wind.HSI.HI
2025-10-15,25714.89,25910.6,wind.HSI.HI
2025-10-16,25890.01,25888.51,wind.HSI.HI
2025-10-17,25851.94,25247.1,wind.HSI.HI
2025-10-20,25884.46,25858.83,wind.HSI.HI
2025-10-21,26160.24,26027.55,wind.HSI.HI
2025-10-22,25897.62,25781.77,wind.HSI.HI
2025-10-23,25718.53,25967.98,wind.HSI.HI
2025-10-24,26177.11,26160.15,wind.HSI.HI
2025-10-27,26495.97,26433.7,wind.HSI.HI
2025-10-28,26508.75,26346.14,wind.HSI.HI
2025-10-29,26508.75,26346.14,wind.HSI.HI
2025-10-30,26545.92,26282.69,wind.HSI.HI
2025-10-31,26263.01,25906.65,wind.HSI.HI
2025-11-03,25999.17,26158.36,wind.HSI.HI
2025-11-04,26148.07,25952.4,wind.HSI.HI
2025-11-05,25701.63,25935.41,wind.HSI.HI
2025-11-06,26061.58,26485.9,wind.HSI.HI
2025-11-07,26350.74,26241.83,wind.HSI.HI
2025-11-10,26319.4,26649.06,wind.HSI.HI
2025-11-11,26748.09,26696.41,wind.HSI.HI
2025-11-12,26754.93,26922.73,wind.HSI.HI
2025-11-13,26779.48,27073.03,wind.HSI.HI
2025-11-14,26660.31,26572.46,wind.HSI.HI
2025-11-17,26441.7,26384.28,wind.HSI.HI
2025-11-18,26172.27,25930.03,wind.HSI.HI
2025-11-19,25954.23,25830.65,wind.HSI.HI
2025-11-20,25999.78,25835.57,wind.HSI.HI
2025-11-21,25460.42,25220.02,wind.HSI.HI
2025-11-24,25452.87,25716.5,wind.HSI.HI
2025-11-25,25948.9,25894.55,wind.HSI.HI
2025-11-26,26046.74,25928.08,wind.HSI.HI
2025-11-27,25945.54,25945.93,wind.HSI.HI
2025-11-28,26011.06,25858.89,wind.HSI.HI
2025-12-01,25945.87,26033.26,wind.HSI.HI
2025-12-02,26188.55,26095.05,wind.HSI.HI
2025-12-03,25980.89,25760.73,wind.HSI.HI
2025-12-04,25804.01,25935.9,wind.HSI.HI
2025-12-05,25833.11,26085.08,wind.HSI.HI
2025-12-08,26067.86,25765.36,wind.HSI.HI
2025-12-09,25780.97,25434.23,wind.HSI.HI
2025-12-10,25435.49,25540.78,wind.HSI.HI
2025-12-11,25710.61,25530.51,wind.HSI.HI
2025-12-12,25761.41,25976.79,wind.HSI.HI
2025-12-15,25718.14,25628.88,wind.HSI.HI
2025-12-16,25547.92,25235.41,wind.HSI.HI
2025-12-17,25243.59,25468.78,wind.HSI.HI
2025-12-18,25330.83,25498.13,wind.HSI.HI
2025-12-19,25634.22,25690.53,wind.HSI.HI
2025-12-22,25795.94,25801.77,wind.HSI.HI
2025-12-23,25875.85,25774.14,wind.HSI.HI
2025-12-24,25780.09,25818.93,wind.HSI.HI
2025-12-25,25780.09,25818.93,wind.HSI.HI
2025-12-26,25780.09,25818.93,wind.HSI.HI
2025-12-29,25928.89,25635.23,wind.HSI.HI
2025-12-30,25636.4,25854.6,wind.HSI.HI
2025-12-31,25801.49,25630.54,wind.HSI.HI
2026-01-05,26361.44,26347.24,wind.HSI.HI
2026-01-06,26502.4,26710.45,wind.HSI.HI
2026-01-07,26601.83,26458.95,wind.HSI.HI
2026-01-08,26302.78,26149.31,wind.HSI.HI
2026-01-09,26272.54,26231.79,wind.HSI.HI
2026-01-12,26376.84,26608.48,wind.HSI.HI
2026-01-13,26958.52,26848.47,wind.HSI.HI
2026-01-14,26971.97,26999.81,wind.HSI.HI
2026-01-15,26972.36,26923.62,wind.HSI.HI
2026-01-16,27094.85,26844.96,wind.HSI.HI
2026-01-19,26641.6,26563.9,wind.HSI.HI
2026-01-20,26544.9,26487.51,wind.HSI.HI
2026-01-21,26397.04,26585.06,wind.HSI.HI
2026-01-22,26750.51,26629.96,wind.HSI.HI
2026-01-23,26861.36,26749.51,wind.HSI.HI
2026-01-26,26844.04,26765.52,wind.HSI.HI
2026-01-27,26863.15,27126.95,wind.HSI.HI
2026-01-28,27325.89,27826.91,wind.HSI.HI
2026-01-29,27627.11,27968.09,wind.HSI.HI
2026-01-30,27785.98,27387.11,wind.HSI.HI
2026-02-02,27097.34,26775.57,wind.HSI.HI
2026-02-03,26995.76,26834.77,wind.HSI.HI
2026-02-04,26797.05,26847.32,wind.HSI.HI
2026-02-05,26627.95,26885.24,wind.HSI.HI
2026-02-06,26354.34,26559.95,wind.HSI.HI
2026-02-09,26982.49,27027.16,wind.HSI.HI
2026-02-10,27202.96,27183.15,wind.HSI.HI
2026-02-11,27246.18,27266.38,wind.HSI.HI
2026-02-12,27210.56,27032.54,wind.HSI.HI
2026-02-13,26640.16,26567.12,wind.HSI.HI
2026-02-24,26913.68,26590.32,wind.HSI.HI
2026-02-25,26745.2,26765.72,wind.HSI.HI
2026-02-26,27019.74,26381.02,wind.HSI.HI
2026-02-27,26447.05,26630.54,wind.HSI.HI
2026-03-02,26305.58,26059.85,wind.HSI.HI
2026-03-03,26190.24,25768.08,wind.HSI.HI
2026-03-04,25469.34,25249.48,wind.HSI.HI
2026-03-05,25583.65,25321.34,wind.HSI.HI
2026-03-06,25358.56,25757.29,wind.HSI.HI
2026-03-09,25075.74,25408.46,wind.HSI.HI
2026-03-10,25740.29,25959.9,wind.HSI.HI
2026-03-11,26112.08,25898.76,wind.HSI.HI
2026-03-12,25719.47,25716.76,wind.HSI.HI
2026-03-13,25583.55,25465.6,wind.HSI.HI
2026-03-16,25436.27,25834.02,wind.HSI.HI
2026-03-17,25938.43,25868.54,wind.HSI.HI
2026-03-18,25923.03,26025.42,wind.HSI.HI
2026-03-19,25550.56,25500.58,wind.HSI.HI
2026-03-20,25337.28,25277.32,wind.HSI.HI
2026-03-23,24789.14,24382.47,wind.HSI.HI
2026-03-24,24759.82,25063.71,wind.HSI.HI
2026-03-25,25280.52,25335.95,wind.HSI.HI
2026-03-26,25267.16,24856.43,wind.HSI.HI
2026-03-27,24768.66,24951.88,wind.HSI.HI
2026-03-30,24532.85,24750.79,wind.HSI.HI
2026-03-31,24818.2,24788.14,wind.HSI.HI
2026-04-01,25357.23,25294.03,wind.HSI.HI
2026-04-02,25254.49,25116.53,wind.HSI.HI
2026-04-03,25254.49,25116.53,wind.HSI.HI
2026-04-07,25254.49,25116.53,wind.HSI.HI
2026-04-08,25772.56,25893.02,wind.HSI.HI
2026-04-09,25756.41,25752.4,wind.HSI.HI
2026-04-10,25891.88,25893.54,wind.HSI.HI
2026-04-13,25708.64,25660.85,wind.HSI.HI
2026-04-14,25929.4,25872.32,wind.HSI.HI
2026-04-15,26168.25,25947.32,wind.HSI.HI
2026-04-16,26122.8,26394.26,wind.HSI.HI
2026-04-17,26210.97,26160.33,wind.HSI.HI
2026-04-20,26204.61,26361.07,wind.HSI.HI
2026-04-21,26442.29,26487.48,wind.HSI.HI
2026-04-22,26303.6,26163.24,wind.HSI.HI
2026-04-23,26098.81,25915.2,wind.HSI.HI
2026-04-24,25733.61,25978.07,wind.HSI.HI
2026-04-27,25976.97,25925.65,wind.HSI.HI
2026-04-28,25814.37,25679.78,wind.HSI.HI
2026-04-29,25842.63,26111.84,wind.HSI.HI
2026-04-30,26008.32,25776.53,wind.HSI.HI
2026-05-06,26029.65,26213.78,wind.HSI.HI
2026-05-07,26531.35,26626.28,wind.HSI.HI
2026-05-08,26359.79,26393.71,wind.HSI.HI
2026-05-11,26310.87,26406.84,wind.HSI.HI
2026-05-12,26497.03,26347.91,wind.HSI.HI
2026-05-13,26369.99,26388.44,wind.HSI.HI
2026-05-14,26836.66,26389.04,wind.HSI.HI
2026-05-15,26391.02,25962.73,wind.HSI.HI
2026-05-18,25838.96,25675.18,wind.HSI.HI
2026-05-19,25693.37,25797.85,wind.HSI.HI
2026-05-20,25709.62,25651.12,wind.HSI.HI
2026-05-21,25833.24,25386.52,wind.HSI.HI
2026-05-22,25641.8,25606.03,wind.HSI.HI
2026-05-25,25641.8,25606.03,wind.HSI.HI
2026-05-26,25622.36,25599.45,wind.HSI.HI
2026-05-27,25608.78,25328.23,wind.HSI.HI
2026-05-28,25230.58,25006.16,wind.HSI.HI
2026-05-29,25161.52,25182.39,wind.HSI.HI
2026-06-01,25180.05,25398.18,wind.HSI.HI
2026-06-02,25395.07,26038.32,wind.HSI.HI
2026-06-03,25953.01,25633.21,wind.HSI.HI
2026-06-04,25465.3,25253.4,wind.HSI.HI
2026-06-05,25186.12,24961.95,wind.HSI.HI
2026-06-08,24582.91,24657.06,wind.HSI.HI
2026-06-09,24551.93,24565.9,wind.HSI.HI
2026-06-10,24442.52,24407.96,wind.HSI.HI
2026-06-11,24380.02,24249.29,wind.HSI.HI
2026-06-12,24501.5,24718.1,wind.HSI.HI
2026-06-15,25001.42,24842.67,wind.HSI.HI
2026-06-16,24826.19,24493.95,wind.HSI.HI
2026-06-17,24495.85,24312.16,wind.HSI.HI
2026-06-18,24145.19,23924.81,wind.HSI.HI
2026-06-22,23811.76,23768.52,wind.HSI.HI
2026-06-23,23800.02,23336.28,wind.HSI.HI
2026-06-24,23420.7,23412.18,wind.HSI.HI
2026-06-25,23388.5,23076.91,wind.HSI.HI
2026-06-26,22952.09,22671.86,wind.HSI.HI
2026-06-29,22827.65,23026.68,wind.HSI.HI
2026-06-30,23007.87,22881.02,wind.HSI.HI
