date,open,high,low,close,volume,source
2021-03-18,0.0,20.85,20.22,22.39,0,akshare.stock_hk_index_daily_sina(VHSI)
2021-03-19,0.0,21.51,20.86,21.38,0,akshare.stock_hk_index_daily_sina(VHSI)
2021-03-22,0.0,21.64,20.83,20.77,0,akshare.stock_hk_index_daily_sina(VHSI)
2021-03-23,0.0,21.54,20.21,21.01,0,akshare.stock_hk_index_daily_sina(VHSI)
2021-03-24,0.0,22.06,20.52,21.04,0,akshare.stock_hk_index_daily_sina(VHSI)
2021-03-25,0.0,23.1,19.98,21.61,0,akshare.stock_hk_index_daily_sina(VHSI)
2021-03-26,0.0,19.99,18.8,20.04,0,akshare.stock_hk_index_daily_sina(VHSI)
2021-03-29,0.0,20.41,19.24,19.17,0,akshare.stock_hk_index_daily_sina(VHSI)
2021-03-30,0.0,19.25,18.43,19.4,0,akshare.stock_hk_index_daily_sina(VHSI)
2021-03-31,0.0,18.81,18.04,18.54,0,akshare.stock_hk_index_daily_sina(VHSI)
2021-04-01,0.0,18.45,17.56,18.32,0,akshare.stock_hk_index_daily_sina(VHSI)
2021-04-07,0.0,18.76,18.03,17.79,0,akshare.stock_hk_index_daily_sina(VHSI)
2021-04-08,0.0,17.7,17.17,18.3,0,akshare.stock_hk_index_daily_sina(VHSI)
2021-04-09,0.0,17.83,17.1,17.25,0,akshare.stock_hk_index_daily_sina(VHSI)
2021-04-12,0.0,18.38,17.61,17.1,0,akshare.stock_hk_index_daily_sina(VHSI)
2021-04-13,0.0,18.19,17.23,17.72,0,akshare.stock_hk_index_daily_sina(VHSI)
2021-04-14,0.0,18.36,17.69,18.08,0,akshare.stock_hk_index_daily_sina(VHSI)
2021-04-15,0.0,18.9,18.17,18.04,0,akshare.stock_hk_index_daily_sina(VHSI)
2021-04-16,0.0,19.08,18.08,18.47,0,akshare.stock_hk_index_daily_sina(VHSI)
2021-04-19,0.0,19.64,19.16,18.79,0,akshare.stock_hk_index_daily_sina(VHSI)
2021-04-20,0.0,20.13,19.06,19.41,0,akshare.stock_hk_index_daily_sina(VHSI)
2021-04-21,0.0,20.49,19.52,19.08,0,akshare.stock_hk_index_daily_sina(VHSI)
2021-04-22,0.0,19.09,18.36,19.7,0,akshare.stock_hk_index_daily_sina(VHSI)
2021-04-23,0.0,18.39,17.65,18.37,0,akshare.stock_hk_index_daily_sina(VHSI)
2021-04-26,0.0,18.2,17.51,17.8,0,akshare.stock_hk_index_daily_sina(VHSI)
2021-04-27,0.0,17.71,17.07,17.54,0,akshare.stock_hk_index_daily_sina(VHSI)
2021-04-28,0.0,17.09,16.21,17.08,0,akshare.stock_hk_index_daily_sina(VHSI)
2021-04-29,0.0,16.8,16.11,16.22,0,akshare.stock_hk_index_daily_sina(VHSI)
2021-04-30,0.0,17.22,16.71,16.46,0,akshare.stock_hk_index_daily_sina(VHSI)
2021-05-03,0.0,18.52,17.82,16.89,0,akshare.stock_hk_index_daily_sina(VHSI)
2021-05-04,0.0,18.12,17.29,18.04,0,akshare.stock_hk_index_daily_sina(VHSI)
2021-05-05,0.0,17.96,17.07,17.32,0,akshare.stock_hk_index_daily_sina(VHSI)
2021-05-06,0.0,17.8,17.38,17.8,0,akshare.stock_hk_index_daily_sina(VHSI)
2021-05-07,0.0,17.51,17.03,17.52,0,akshare.stock_hk_index_daily_sina(VHSI)
2021-05-10,0.0,17.7,17.07,17.34,0,akshare.stock_hk_index_daily_sina(VHSI)
2021-05-11,0.0,19.38,18.0,17.28,0,akshare.stock_hk_index_daily_sina(VHSI)
2021-05-12,0.0,19.8,18.41,18.55,0,akshare.stock_hk_index_daily_sina(VHSI)
2021-05-13,0.0,20.45,18.98,18.53,0,akshare.stock_hk_index_daily_sina(VHSI)
2021-05-14,0.0,19.93,18.8,20.41,0,akshare.stock_hk_index_daily_sina(VHSI)
2021-05-17,0.0,18.97,18.14,18.87,0,akshare.stock_hk_index_daily_sina(VHSI)
2021-05-18,0.0,18.05,17.51,18.38,0,akshare.stock_hk_index_daily_sina(VHSI)
2021-05-20,0.0,18.62,17.81,17.51,0,akshare.stock_hk_index_daily_sina(VHSI)
2021-05-21,0.0,18.09,17.07,17.99,0,akshare.stock_hk_index_daily_sina(VHSI)
2021-05-24,0.0,17.78,16.99,17.15,0,akshare.stock_hk_index_daily_sina(VHSI)
2021-05-25,0.0,16.74,16.16,16.59,0,akshare.stock_hk_index_daily_sina(VHSI)
2021-05-26,0.0,17.01,16.59,16.72,0,akshare.stock_hk_index_daily_sina(VHSI)
2021-05-27,0.0,16.67,16.32,16.4,0,akshare.stock_hk_index_daily_sina(VHSI)
2021-05-28,0.0,17.01,16.11,16.25,0,akshare.stock_hk_index_daily_sina(VHSI)
2021-05-31,0.0,17.04,16.31,16.55,0,akshare.stock_hk_index_daily_sina(VHSI)
2021-06-01,0.0,17.23,16.73,17.16,0,akshare.stock_hk_index_daily_sina(VHSI)
2021-06-02,0.0,17.6,16.78,16.9,0,akshare.stock_hk_index_daily_sina(VHSI)
2021-06-03,0.0,17.31,16.6,16.92,0,akshare.stock_hk_index_daily_sina(VHSI)
2021-06-04,0.0,17.18,16.35,16.44,0,akshare.stock_hk_index_daily_sina(VHSI)
2021-06-07,0.0,17.6,16.68,16.86,0,akshare.stock_hk_index_daily_sina(VHSI)
2021-06-08,0.0,16.95,16.4,16.44,0,akshare.stock_hk_index_daily_sina(VHSI)
2021-06-09,0.0,16.72,16.32,16.38,0,akshare.stock_hk_index_daily_sina(VHSI)
2021-06-10,0.0,16.5,16.21,16.41,0,akshare.stock_hk_index_daily_sina(VHSI)
2021-06-11,0.0,16.07,15.51,15.75,0,akshare.stock_hk_index_daily_sina(VHSI)
2021-06-15,0.0,17.38,16.15,16.94,0,akshare.stock_hk_index_daily_sina(VHSI)
2021-06-16,0.0,17.44,16.95,17.34,0,akshare.stock_hk_index_daily_sina(VHSI)
2021-06-17,0.0,17.39,16.62,16.97,0,akshare.stock_hk_index_daily_sina(VHSI)
2021-06-18,0.0,17.07,16.57,16.81,0,akshare.stock_hk_index_daily_sina(VHSI)
2021-06-21,0.0,19.27,18.08,18.08,0,akshare.stock_hk_index_daily_sina(VHSI)
2021-06-22,0.0,18.23,17.53,18.22,0,akshare.stock_hk_index_daily_sina(VHSI)
2021-06-23,0.0,17.92,17.05,17.5,0,akshare.stock_hk_index_daily_sina(VHSI)
2021-06-24,0.0,17.68,16.77,16.78,0,akshare.stock_hk_index_daily_sina(VHSI)
2021-06-25,0.0,16.76,16.33,16.51,0,akshare.stock_hk_index_daily_sina(VHSI)
2021-06-28,0.0,16.94,16.34,16.39,0,akshare.stock_hk_index_daily_sina(VHSI)
2021-06-29,0.0,16.46,16.08,16.2,0,akshare.stock_hk_index_daily_sina(VHSI)
2021-06-30,0.0,16.17,15.82,16.07,0,akshare.stock_hk_index_daily_sina(VHSI)
2021-07-02,0.0,17.61,16.48,17.39,0,akshare.stock_hk_index_daily_sina(VHSI)
2021-07-05,0.0,18.2,17.29,17.79,0,akshare.stock_hk_index_daily_sina(VHSI)
2021-07-06,0.0,18.28,17.28,17.4,0,akshare.stock_hk_index_daily_sina(VHSI)
2021-07-07,0.0,18.54,17.68,17.98,0,akshare.stock_hk_index_daily_sina(VHSI)
2021-07-08,0.0,21.27,18.1,21.22,0,akshare.stock_hk_index_daily_sina(VHSI)
2021-07-09,0.0,22.23,18.89,19.35,0,akshare.stock_hk_index_daily_sina(VHSI)
2021-07-12,0.0,18.96,17.88,18.26,0,akshare.stock_hk_index_daily_sina(VHSI)
2021-07-13,0.0,17.52,16.81,17.17,0,akshare.stock_hk_index_daily_sina(VHSI)
2021-07-14,0.0,17.53,17.01,17.2,0,akshare.stock_hk_index_daily_sina(VHSI)
2021-07-15,17.19,17.27,16.51,16.94,0,akshare.stock_hk_index_daily_sina(VHSI)
2021-07-16,17.17,17.23,16.45,16.53,0,akshare.stock_hk_index_daily_sina(VHSI)
2021-07-19,18.49,19.51,18.32,19.11,0,akshare.stock_hk_index_daily_sina(VHSI)
2021-07-20,19.49,20.51,18.88,19.95,0,akshare.stock_hk_index_daily_sina(VHSI)
2021-07-21,18.88,20.67,18.88,19.83,0,akshare.stock_hk_index_daily_sina(VHSI)
2021-07-22,18.86,18.86,17.96,18.48,0,akshare.stock_hk_index_daily_sina(VHSI)
2021-07-23,18.26,20.07,18.22,19.98,0,akshare.stock_hk_index_daily_sina(VHSI)
2021-07-26,23.09,25.38,22.02,25.11,0,akshare.stock_hk_index_daily_sina(VHSI)
2021-07-27,24.64,36.49,23.56,33.68,0,akshare.stock_hk_index_daily_sina(VHSI)
2021-07-28,29.07,31.98,28.34,28.42,0,akshare.stock_hk_index_daily_sina(VHSI)
2021-07-29,24.3,25.93,22.61,23.95,0,akshare.stock_hk_index_daily_sina(VHSI)
2021-07-30,26.13,26.91,23.96,25.13,0,akshare.stock_hk_index_daily_sina(VHSI)
2021-08-02,24.52,26.32,23.06,23.55,0,akshare.stock_hk_index_daily_sina(VHSI)
2021-08-03,23.14,25.4,23.14,23.78,0,akshare.stock_hk_index_daily_sina(VHSI)
2021-08-04,23.17,24.1,21.81,21.81,0,akshare.stock_hk_index_daily_sina(VHSI)
2021-08-05,22.53,23.49,21.41,23.0,0,akshare.stock_hk_index_daily_sina(VHSI)
2021-08-06,23.59,24.23,22.52,22.79,0,akshare.stock_hk_index_daily_sina(VHSI)
2021-08-09,24.44,24.97,21.7,22.67,0,akshare.stock_hk_index_daily_sina(VHSI)
2021-08-10,21.65,23.07,20.97,21.01,0,akshare.stock_hk_index_daily_sina(VHSI)
2021-08-11,21.52,21.52,19.86,19.98,0,akshare.stock_hk_index_daily_sina(VHSI)
2021-08-12,20.2,20.49,19.13,19.78,0,akshare.stock_hk_index_daily_sina(VHSI)
2021-08-13,20.82,20.85,19.33,19.79,0,akshare.stock_hk_index_daily_sina(VHSI)
2021-08-16,20.25,21.59,19.45,20.66,0,akshare.stock_hk_index_daily_sina(VHSI)
2021-08-17,20.54,23.48,20.25,22.89,0,akshare.stock_hk_index_daily_sina(VHSI)
2021-08-18,21.58,22.75,21.37,22.11,0,akshare.stock_hk_index_daily_sina(VHSI)
2021-08-19,22.62,25.35,22.04,24.72,0,akshare.stock_hk_index_daily_sina(VHSI)
2021-08-20,25.18,28.96,24.67,27.2,0,akshare.stock_hk_index_daily_sina(VHSI)
2021-08-23,25.38,25.91,24.32,25.33,0,akshare.stock_hk_index_daily_sina(VHSI)
2021-08-24,23.98,24.35,22.96,23.0,0,akshare.stock_hk_index_daily_sina(VHSI)
2021-08-25,22.77,24.17,22.34,23.1,0,akshare.stock_hk_index_daily_sina(VHSI)
2021-08-26,23.38,24.18,22.72,23.56,0,akshare.stock_hk_index_daily_sina(VHSI)
2021-08-27,23.86,24.3,22.7,23.91,0,akshare.stock_hk_index_daily_sina(VHSI)
2021-08-30,23.68,24.61,23.16,23.24,0,akshare.stock_hk_index_daily_sina(VHSI)
2021-08-31,22.71,24.38,21.93,22.13,0,akshare.stock_hk_index_daily_sina(VHSI)
2021-09-01,22.25,22.53,20.21,20.43,0,akshare.stock_hk_index_daily_sina(VHSI)
2021-09-02,19.92,20.36,19.41,19.76,0,akshare.stock_hk_index_daily_sina(VHSI)
2021-09-03,20.05,20.89,19.88,20.21,0,akshare.stock_hk_index_daily_sina(VHSI)
2021-09-06,20.88,20.9,19.53,19.53,0,akshare.stock_hk_index_daily_sina(VHSI)
2021-09-07,19.47,19.6,18.61,18.7,0,akshare.stock_hk_index_daily_sina(VHSI)
2021-09-08,18.85,19.8,18.42,19.71,0,akshare.stock_hk_index_daily_sina(VHSI)
2021-09-09,20.69,21.82,20.5,21.8,0,akshare.stock_hk_index_daily_sina(VHSI)
2021-09-10,20.88,20.88,19.72,19.73,0,akshare.stock_hk_index_daily_sina(VHSI)
2021-09-13,21.52,22.0,21.09,21.11,0,akshare.stock_hk_index_daily_sina(VHSI)
2021-09-14,20.68,22.44,20.63,22.04,0,akshare.stock_hk_index_daily_sina(VHSI)
2021-09-15,22.85,23.65,22.21,23.65,0,akshare.stock_hk_index_daily_sina(VHSI)
2021-09-16,23.83,26.08,23.77,25.18,0,akshare.stock_hk_index_daily_sina(VHSI)
2021-09-17,25.19,26.31,24.13,24.14,0,akshare.stock_hk_index_daily_sina(VHSI)
2021-09-20,26.34,31.27,26.34,29.84,0,akshare.stock_hk_index_daily_sina(VHSI)
2021-09-21,31.81,32.3,28.55,28.7,0,akshare.stock_hk_index_daily_sina(VHSI)
2021-09-23,26.61,27.6,25.18,26.55,0,akshare.stock_hk_index_daily_sina(VHSI)
2021-09-24,26.59,28.31,25.24,27.75,0,akshare.stock_hk_index_daily_sina(VHSI)
2021-09-27,27.28,27.28,25.56,26.54,0,akshare.stock_hk_index_daily_sina(VHSI)
2021-09-28,26.21,26.51,24.26,25.51,0,akshare.stock_hk_index_daily_sina(VHSI)
2021-09-29,27.37,27.53,24.72,24.99,0,akshare.stock_hk_index_daily_sina(VHSI)
2021-09-30,25.32,25.65,24.0,24.67,0,akshare.stock_hk_index_daily_sina(VHSI)
2021-10-04,26.67,28.28,26.36,27.51,0,akshare.stock_hk_index_daily_sina(VHSI)
2021-10-05,29.08,29.26,26.35,26.88,0,akshare.stock_hk_index_daily_sina(VHSI)
2021-10-06,26.52,28.16,26.04,26.53,0,akshare.stock_hk_index_daily_sina(VHSI)
2021-10-07,25.01,25.1,24.04,24.26,0,akshare.stock_hk_index_daily_sina(VHSI)
2021-10-08,23.74,24.59,23.72,24.07,0,akshare.stock_hk_index_daily_sina(VHSI)
2021-10-11,23.67,23.97,23.26,23.45,0,akshare.stock_hk_index_daily_sina(VHSI)
2021-10-12,24.17,24.54,23.29,24.07,0,akshare.stock_hk_index_daily_sina(VHSI)
2021-10-15,22.97,23.39,21.71,21.71,0,akshare.stock_hk_index_daily_sina(VHSI)
2021-10-18,22.5,23.06,21.28,21.33,0,akshare.stock_hk_index_daily_sina(VHSI)
2021-10-19,20.8,20.81,20.29,20.49,0,akshare.stock_hk_index_daily_sina(VHSI)
2021-10-20,20.49,20.63,20.06,20.22,0,akshare.stock_hk_index_daily_sina(VHSI)
2021-10-21,20.49,21.18,19.94,20.17,0,akshare.stock_hk_index_daily_sina(VHSI)
2021-10-22,20.12,20.31,19.31,19.37,0,akshare.stock_hk_index_daily_sina(VHSI)
2021-10-25,19.86,20.35,18.69,18.75,0,akshare.stock_hk_index_daily_sina(VHSI)
2021-10-26,18.84,18.99,18.39,18.58,0,akshare.stock_hk_index_daily_sina(VHSI)
2021-10-27,19.85,20.25,19.12,19.13,0,akshare.stock_hk_index_daily_sina(VHSI)
2021-10-28,19.01,19.44,18.58,19.08,0,akshare.stock_hk_index_daily_sina(VHSI)
2021-10-29,19.44,19.98,19.1,19.36,0,akshare.stock_hk_index_daily_sina(VHSI)
2021-11-01,20.36,21.08,19.92,20.03,0,akshare.stock_hk_index_daily_sina(VHSI)
2021-11-02,19.06,20.66,19.02,20.33,0,akshare.stock_hk_index_daily_sina(VHSI)
2021-11-03,20.12,20.76,19.84,20.24,0,akshare.stock_hk_index_daily_sina(VHSI)
2021-11-04,19.91,20.15,19.1,19.15,0,akshare.stock_hk_index_daily_sina(VHSI)
2021-11-05,20.14,20.58,19.41,19.99,0,akshare.stock_hk_index_daily_sina(VHSI)
2021-11-08,21.05,21.41,20.73,20.79,0,akshare.stock_hk_index_daily_sina(VHSI)
2021-11-09,20.54,20.92,20.03,20.06,0,akshare.stock_hk_index_daily_sina(VHSI)
2021-11-10,20.59,21.28,20.0,20.18,0,akshare.stock_hk_index_daily_sina(VHSI)
2021-11-11,20.36,20.39,19.65,19.99,0,akshare.stock_hk_index_daily_sina(VHSI)
2021-11-12,19.75,19.99,19.41,19.67,0,akshare.stock_hk_index_daily_sina(VHSI)
2021-11-15,20.26,20.27,19.6,19.6,0,akshare.stock_hk_index_daily_sina(VHSI)
2021-11-16,19.4,19.43,18.78,18.95,0,akshare.stock_hk_index_daily_sina(VHSI)
2021-11-17,19.13,19.23,18.6,18.67,0,akshare.stock_hk_index_daily_sina(VHSI)
2021-11-18,19.13,19.49,18.81,19.07,0,akshare.stock_hk_index_daily_sina(VHSI)
2021-11-19,20.11,20.14,19.32,19.34,0,akshare.stock_hk_index_daily_sina(VHSI)
2021-11-22,19.89,19.97,19.6,19.61,0,akshare.stock_hk_index_daily_sina(VHSI)
2021-11-23,20.31,20.49,19.95,20.46,0,akshare.stock_hk_index_daily_sina(VHSI)
2021-11-24,20.29,20.44,19.75,20.03,0,akshare.stock_hk_index_daily_sina(VHSI)
2021-11-25,20.21,20.39,19.31,19.37,0,akshare.stock_hk_index_daily_sina(VHSI)
2021-11-26,20.65,23.98,20.56,23.89,0,akshare.stock_hk_index_daily_sina(VHSI)
2021-11-29,25.04,25.4,23.53,24.93,0,akshare.stock_hk_index_daily_sina(VHSI)
2021-11-30,22.85,26.99,22.59,24.26,0,akshare.stock_hk_index_daily_sina(VHSI)
2021-12-01,23.38,23.45,22.24,23.33,0,akshare.stock_hk_index_daily_sina(VHSI)
2021-12-02,24.25,24.25,22.91,23.47,0,akshare.stock_hk_index_daily_sina(VHSI)
2021-12-03,24.19,24.85,23.03,23.05,0,akshare.stock_hk_index_daily_sina(VHSI)
2021-12-06,25.07,25.66,24.6,25.44,0,akshare.stock_hk_index_daily_sina(VHSI)
2021-12-07,23.26,23.81,22.3,22.61,0,akshare.stock_hk_index_daily_sina(VHSI)
2021-12-08,21.67,21.84,21.15,21.3,0,akshare.stock_hk_index_daily_sina(VHSI)
2021-12-09,20.02,20.22,19.79,19.86,0,akshare.stock_hk_index_daily_sina(VHSI)
2021-12-10,20.71,20.71,19.66,19.87,0,akshare.stock_hk_index_daily_sina(VHSI)
2021-12-13,19.46,19.58,19.11,19.46,0,akshare.stock_hk_index_daily_sina(VHSI)
2021-12-14,20.24,20.74,19.49,20.61,0,akshare.stock_hk_index_daily_sina(VHSI)
2021-12-15,20.63,21.16,20.01,20.86,0,akshare.stock_hk_index_daily_sina(VHSI)
2021-12-16,20.58,21.21,19.89,20.01,0,akshare.stock_hk_index_daily_sina(VHSI)
2021-12-17,20.38,21.56,20.33,21.38,0,akshare.stock_hk_index_daily_sina(VHSI)
2021-12-20,22.47,24.32,22.26,23.82,0,akshare.stock_hk_index_daily_sina(VHSI)
2021-12-21,22.98,23.03,21.4,21.7,0,akshare.stock_hk_index_daily_sina(VHSI)
2021-12-22,21.08,21.27,20.66,20.67,0,akshare.stock_hk_index_daily_sina(VHSI)
2021-12-23,20.25,20.53,19.76,19.92,0,akshare.stock_hk_index_daily_sina(VHSI)
2021-12-24,19.56,20.11,19.54,19.89,0,akshare.stock_hk_index_daily_sina(VHSI)
2021-12-28,20.37,20.74,20.21,20.38,0,akshare.stock_hk_index_daily_sina(VHSI)
2021-12-29,20.09,21.07,20.09,20.89,0,akshare.stock_hk_index_daily_sina(VHSI)
2021-12-30,20.28,20.46,19.82,20.16,0,akshare.stock_hk_index_daily_sina(VHSI)
2021-12-31,19.25,19.67,19.24,19.55,0,akshare.stock_hk_index_daily_sina(VHSI)
2022-01-03,19.4,19.98,19.35,19.42,0,akshare.stock_hk_index_daily_sina(VHSI)
2022-01-04,18.99,19.2,18.46,18.72,0,akshare.stock_hk_index_daily_sina(VHSI)
2022-01-05,18.69,20.12,18.68,20.06,0,akshare.stock_hk_index_daily_sina(VHSI)
2022-01-06,19.79,20.41,19.08,19.42,0,akshare.stock_hk_index_daily_sina(VHSI)
2022-01-07,19.2,19.41,18.5,18.63,0,akshare.stock_hk_index_daily_sina(VHSI)
2022-01-10,19.2,19.22,18.49,18.65,0,akshare.stock_hk_index_daily_sina(VHSI)
2022-01-11,19.09,19.09,18.22,18.54,0,akshare.stock_hk_index_daily_sina(VHSI)
2022-01-12,18.07,18.9,17.91,18.68,0,akshare.stock_hk_index_daily_sina(VHSI)
2022-01-13,18.14,18.45,18.1,18.14,0,akshare.stock_hk_index_daily_sina(VHSI)
2022-01-14,18.68,18.73,18.19,18.41,0,akshare.stock_hk_index_daily_sina(VHSI)
2022-01-17,19.1,19.25,18.8,18.84,0,akshare.stock_hk_index_daily_sina(VHSI)
2022-01-18,18.43,18.95,18.26,18.7,0,akshare.stock_hk_index_daily_sina(VHSI)
2022-01-19,18.96,19.81,18.81,19.18,0,akshare.stock_hk_index_daily_sina(VHSI)
2022-01-20,18.94,19.28,18.94,19.13,0,akshare.stock_hk_index_daily_sina(VHSI)
2022-01-21,19.95,20.99,19.69,20.42,0,akshare.stock_hk_index_daily_sina(VHSI)
2022-01-24,21.82,21.97,21.3,21.89,0,akshare.stock_hk_index_daily_sina(VHSI)
2022-01-25,23.4,25.02,23.23,24.23,0,akshare.stock_hk_index_daily_sina(VHSI)
2022-01-26,23.74,24.0,23.29,23.81,0,akshare.stock_hk_index_daily_sina(VHSI)
2022-01-27,24.95,27.02,24.67,25.77,0,akshare.stock_hk_index_daily_sina(VHSI)
2022-01-28,24.82,25.45,24.35,25.33,0,akshare.stock_hk_index_daily_sina(VHSI)
2022-01-31,25.39,25.83,24.0,24.24,0,akshare.stock_hk_index_daily_sina(VHSI)
2022-02-04,23.18,23.57,22.58,22.92,0,akshare.stock_hk_index_daily_sina(VHSI)
2022-02-07,23.47,23.92,23.19,23.19,0,akshare.stock_hk_index_daily_sina(VHSI)
2022-02-08,22.87,23.29,22.53,22.54,0,akshare.stock_hk_index_daily_sina(VHSI)
2022-02-09,22.21,22.28,21.98,22.23,0,akshare.stock_hk_index_daily_sina(VHSI)
2022-02-10,22.05,22.44,21.77,22.11,0,akshare.stock_hk_index_daily_sina(VHSI)
2022-02-11,23.16,23.53,22.56,23.2,0,akshare.stock_hk_index_daily_sina(VHSI)
2022-02-14,25.06,25.76,24.83,25.23,0,akshare.stock_hk_index_daily_sina(VHSI)
2022-02-15,25.03,25.94,24.81,25.34,0,akshare.stock_hk_index_daily_sina(VHSI)
2022-02-16,23.98,24.1,23.35,23.63,0,akshare.stock_hk_index_daily_sina(VHSI)
2022-02-17,23.59,24.6,23.22,23.62,0,akshare.stock_hk_index_daily_sina(VHSI)
2022-02-18,25.02,25.09,24.15,25.01,0,akshare.stock_hk_index_daily_sina(VHSI)
2022-02-21,25.62,25.66,24.35,24.43,0,akshare.stock_hk_index_daily_sina(VHSI)
2022-02-22,27.15,28.67,26.37,27.52,0,akshare.stock_hk_index_daily_sina(VHSI)
2022-02-23,26.01,26.1,25.12,25.33,0,akshare.stock_hk_index_daily_sina(VHSI)
2022-02-24,27.97,31.59,27.23,29.48,0,akshare.stock_hk_index_daily_sina(VHSI)
2022-02-25,25.9,27.1,25.82,26.57,0,akshare.stock_hk_index_daily_sina(VHSI)
2022-02-28,27.16,28.65,26.86,26.99,0,akshare.stock_hk_index_daily_sina(VHSI)
2022-03-01,26.45,26.45,25.12,25.47,0,akshare.stock_hk_index_daily_sina(VHSI)
2022-03-02,26.97,28.29,26.43,27.81,0,akshare.stock_hk_index_daily_sina(VHSI)
2022-03-03,26.44,26.85,25.76,25.95,0,akshare.stock_hk_index_daily_sina(VHSI)
2022-03-04,28.53,28.87,27.19,27.94,0,akshare.stock_hk_index_daily_sina(VHSI)
2022-03-07,33.16,35.8,31.81,33.29,0,akshare.stock_hk_index_daily_sina(VHSI)
2022-03-08,32.49,34.83,31.46,33.91,0,akshare.stock_hk_index_daily_sina(VHSI)
2022-03-09,32.11,36.38,31.45,32.6,0,akshare.stock_hk_index_daily_sina(VHSI)
2022-03-10,30.72,31.32,29.84,30.45,0,akshare.stock_hk_index_daily_sina(VHSI)
2022-03-11,32.27,34.1,30.86,31.75,0,akshare.stock_hk_index_daily_sina(VHSI)
2022-03-14,34.28,38.51,34.28,38.02,0,akshare.stock_hk_index_daily_sina(VHSI)
2022-03-15,41.95,50.83,40.45,49.44,0,akshare.stock_hk_index_daily_sina(VHSI)
2022-03-16,41.91,45.16,39.72,41.1,0,akshare.stock_hk_index_daily_sina(VHSI)
2022-03-17,43.26,43.26,36.93,37.58,0,akshare.stock_hk_index_daily_sina(VHSI)
2022-03-18,37.25,37.25,33.17,33.21,0,akshare.stock_hk_index_daily_sina(VHSI)
2022-03-21,33.96,34.81,33.64,33.89,0,akshare.stock_hk_index_daily_sina(VHSI)
2022-03-22,33.05,33.06,29.74,30.07,0,akshare.stock_hk_index_daily_sina(VHSI)
2022-03-23,29.21,29.38,27.93,28.28,0,akshare.stock_hk_index_daily_sina(VHSI)
2022-03-24,28.87,28.89,27.29,28.71,0,akshare.stock_hk_index_daily_sina(VHSI)
2022-03-25,29.26,32.36,28.42,31.56,0,akshare.stock_hk_index_daily_sina(VHSI)
2022-03-28,32.06,32.48,29.98,30.16,0,akshare.stock_hk_index_daily_sina(VHSI)
2022-03-29,28.9,28.91,28.0,28.17,0,akshare.stock_hk_index_daily_sina(VHSI)
2022-03-30,27.18,27.28,26.02,26.76,0,akshare.stock_hk_index_daily_sina(VHSI)
2022-03-31,26.76,27.65,25.75,25.82,0,akshare.stock_hk_index_daily_sina(VHSI)
2022-04-01,27.66,27.79,25.65,25.81,0,akshare.stock_hk_index_daily_sina(VHSI)
2022-04-04,25.79,25.95,24.95,25.1,0,akshare.stock_hk_index_daily_sina(VHSI)
2022-04-06,25.56,27.01,25.56,26.97,0,akshare.stock_hk_index_daily_sina(VHSI)
2022-04-07,27.53,28.29,26.7,27.83,0,akshare.stock_hk_index_daily_sina(VHSI)
2022-04-08,27.61,28.08,27.05,27.07,0,akshare.stock_hk_index_daily_sina(VHSI)
2022-04-11,28.33,32.01,28.33,31.5,0,akshare.stock_hk_index_daily_sina(VHSI)
2022-04-12,30.82,31.7,29.8,30.58,0,akshare.stock_hk_index_daily_sina(VHSI)
2022-04-13,30.37,30.52,27.94,28.72,0,akshare.stock_hk_index_daily_sina(VHSI)
2022-04-14,28.04,28.28,27.53,27.69,0,akshare.stock_hk_index_daily_sina(VHSI)
2022-04-19,29.24,30.45,28.59,29.27,0,akshare.stock_hk_index_daily_sina(VHSI)
2022-04-20,28.63,28.72,26.88,27.76,0,akshare.stock_hk_index_daily_sina(VHSI)
2022-04-21,28.26,29.75,27.36,28.91,0,akshare.stock_hk_index_daily_sina(VHSI)
2022-04-22,30.47,30.83,28.48,28.95,0,akshare.stock_hk_index_daily_sina(VHSI)
2022-04-25,33.6,36.19,32.1,35.13,0,akshare.stock_hk_index_daily_sina(VHSI)
2022-04-26,34.61,34.78,31.63,34.06,0,akshare.stock_hk_index_daily_sina(VHSI)
2022-04-27,35.08,35.08,30.41,33.7,0,akshare.stock_hk_index_daily_sina(VHSI)
2022-04-28,32.87,33.24,28.95,31.44,0,akshare.stock_hk_index_daily_sina(VHSI)
2022-04-29,31.07,31.89,29.68,31.51,0,akshare.stock_hk_index_daily_sina(VHSI)
2022-05-03,31.99,32.76,31.19,31.32,0,akshare.stock_hk_index_daily_sina(VHSI)
2022-05-04,30.73,31.01,30.3,30.46,0,akshare.stock_hk_index_daily_sina(VHSI)
2022-05-05,28.96,29.73,28.81,29.61,0,akshare.stock_hk_index_daily_sina(VHSI)
2022-05-06,32.17,33.62,31.89,32.95,0,akshare.stock_hk_index_daily_sina(VHSI)
2022-05-10,36.11,37.96,34.61,35.55,0,akshare.stock_hk_index_daily_sina(VHSI)
2022-05-11,35.85,35.85,34.23,34.38,0,akshare.stock_hk_index_daily_sina(VHSI)
2022-05-12,34.91,35.76,33.84,35.37,0,akshare.stock_hk_index_daily_sina(VHSI)
2022-05-13,34.23,34.3,32.96,33.19,0,akshare.stock_hk_index_daily_sina(VHSI)
2022-05-16,32.61,33.55,32.61,32.93,0,akshare.stock_hk_index_daily_sina(VHSI)
2022-05-17,31.57,32.33,31.13,31.9,0,akshare.stock_hk_index_daily_sina(VHSI)
2022-05-18,31.53,31.79,30.85,30.85,0,akshare.stock_hk_index_daily_sina(VHSI)
2022-05-19,33.44,33.51,32.19,32.71,0,akshare.stock_hk_index_daily_sina(VHSI)
2022-05-20,31.33,31.74,31.02,31.5,0,akshare.stock_hk_index_daily_sina(VHSI)
2022-05-23,26.42,32.48,26.42,31.62,0,akshare.stock_hk_index_daily_sina(VHSI)
2022-05-24,31.54,32.34,31.12,31.96,0,akshare.stock_hk_index_daily_sina(VHSI)
2022-05-25,32.25,33.32,30.44,31.33,0,akshare.stock_hk_index_daily_sina(VHSI)
2022-05-26,31.09,32.51,30.45,30.52,0,akshare.stock_hk_index_daily_sina(VHSI)
2022-05-27,28.81,29.21,28.25,28.36,0,akshare.stock_hk_index_daily_sina(VHSI)
2022-05-30,28.37,28.48,27.61,27.74,0,akshare.stock_hk_index_daily_sina(VHSI)
2022-05-31,27.69,27.74,27.21,27.47,0,akshare.stock_hk_index_daily_sina(VHSI)
2022-06-01,27.43,27.68,27.03,27.06,0,akshare.stock_hk_index_daily_sina(VHSI)
2022-06-02,27.39,27.71,27.27,27.61,0,akshare.stock_hk_index_daily_sina(VHSI)
2022-06-06,28.06,28.56,27.59,28.26,0,akshare.stock_hk_index_daily_sina(VHSI)
2022-06-07,28.27,28.43,27.86,27.99,0,akshare.stock_hk_index_daily_sina(VHSI)
2022-06-08,27.89,28.11,27.71,27.81,0,akshare.stock_hk_index_daily_sina(VHSI)
2022-06-09,27.49,28.02,27.44,27.44,0,akshare.stock_hk_index_daily_sina(VHSI)
2022-06-10,28.46,28.46,27.29,27.68,0,akshare.stock_hk_index_daily_sina(VHSI)
2022-06-13,30.8,31.6,29.04,31.54,0,akshare.stock_hk_index_daily_sina(VHSI)
2022-06-14,32.54,32.59,30.2,31.11,0,akshare.stock_hk_index_daily_sina(VHSI)
2022-06-15,30.95,31.05,29.76,30.96,0,akshare.stock_hk_index_daily_sina(VHSI)
2022-06-16,29.49,31.94,29.45,31.65,0,akshare.stock_hk_index_daily_sina(VHSI)
2022-06-17,32.03,32.03,31.06,31.07,0,akshare.stock_hk_index_daily_sina(VHSI)
2022-06-20,31.61,32.05,30.56,30.56,0,akshare.stock_hk_index_daily_sina(VHSI)
2022-06-21,30.1,30.16,28.85,29.0,0,akshare.stock_hk_index_daily_sina(VHSI)
2022-06-22,29.01,30.1,28.9,29.97,0,akshare.stock_hk_index_daily_sina(VHSI)
2022-06-23,29.56,29.79,29.22,29.67,0,akshare.stock_hk_index_daily_sina(VHSI)
2022-06-24,29.9,30.1,29.56,29.83,0,akshare.stock_hk_index_daily_sina(VHSI)
2022-06-27,30.15,31.36,30.15,31.02,0,akshare.stock_hk_index_daily_sina(VHSI)
2022-06-28,30.48,30.92,29.99,30.42,0,akshare.stock_hk_index_daily_sina(VHSI)
2022-06-29,30.56,31.01,30.3,30.8,0,akshare.stock_hk_index_daily_sina(VHSI)
2022-06-30,30.57,31.29,29.91,30.69,0,akshare.stock_hk_index_daily_sina(VHSI)
2022-07-04,31.45,31.91,30.23,30.27,0,akshare.stock_hk_index_daily_sina(VHSI)
2022-07-05,29.53,29.8,29.32,29.43,0,akshare.stock_hk_index_daily_sina(VHSI)
2022-07-06,29.28,29.87,28.66,28.78,0,akshare.stock_hk_index_daily_sina(VHSI)
2022-07-07,28.81,29.03,27.93,27.93,0,akshare.stock_hk_index_daily_sina(VHSI)
2022-07-08,27.77,27.77,26.24,26.32,0,akshare.stock_hk_index_daily_sina(VHSI)
2022-07-11,27.76,28.81,27.72,28.46,0,akshare.stock_hk_index_daily_sina(VHSI)
2022-07-12,28.87,29.27,28.46,29.16,0,akshare.stock_hk_index_daily_sina(VHSI)
2022-07-13,28.93,28.98,28.3,28.7,0,akshare.stock_hk_index_daily_sina(VHSI)
2022-07-14,28.9,29.29,28.08,28.7,0,akshare.stock_hk_index_daily_sina(VHSI)
2022-07-15,29.01,30.28,27.89,29.97,0,akshare.stock_hk_index_daily_sina(VHSI)
2022-07-18,30.04,30.6,29.12,29.15,0,akshare.stock_hk_index_daily_sina(VHSI)
2022-07-19,29.4,29.46,28.66,28.84,0,akshare.stock_hk_index_daily_sina(VHSI)
2022-07-20,27.99,28.02,27.27,27.35,0,akshare.stock_hk_index_daily_sina(VHSI)
2022-07-21,27.66,27.72,27.04,27.67,0,akshare.stock_hk_index_daily_sina(VHSI)
2022-07-22,27.26,27.36,26.73,26.74,0,akshare.stock_hk_index_daily_sina(VHSI)
2022-07-25,28.36,28.63,26.66,26.76,0,akshare.stock_hk_index_daily_sina(VHSI)
2022-07-26,26.62,26.65,25.13,25.29,0,akshare.stock_hk_index_daily_sina(VHSI)
2022-07-27,25.56,25.56,24.86,25.18,0,akshare.stock_hk_index_daily_sina(VHSI)
2022-07-28,24.97,24.99,23.74,23.82,0,akshare.stock_hk_index_daily_sina(VHSI)
2022-07-29,22.81,25.25,22.17,24.69,0,akshare.stock_hk_index_daily_sina(VHSI)
2022-08-01,26.37,26.75,25.38,25.71,0,akshare.stock_hk_index_daily_sina(VHSI)
2022-08-02,27.63,29.81,27.63,28.98,0,akshare.stock_hk_index_daily_sina(VHSI)
2022-08-03,26.99,27.41,26.11,26.89,0,akshare.stock_hk_index_daily_sina(VHSI)
2022-08-04,25.34,25.74,25.18,25.33,0,akshare.stock_hk_index_daily_sina(VHSI)
2022-08-05,25.11,25.14,23.99,23.99,0,akshare.stock_hk_index_daily_sina(VHSI)
2022-08-08,24.84,25.18,24.61,24.64,0,akshare.stock_hk_index_daily_sina(VHSI)
2022-08-09,24.42,24.82,23.43,23.45,0,akshare.stock_hk_index_daily_sina(VHSI)
2022-08-10,23.86,26.54,23.55,25.54,0,akshare.stock_hk_index_daily_sina(VHSI)
2022-08-11,24.46,24.62,23.77,23.81,0,akshare.stock_hk_index_daily_sina(VHSI)
2022-08-12,23.52,23.84,23.18,23.19,0,akshare.stock_hk_index_daily_sina(VHSI)
2022-08-15,24.24,24.42,23.76,23.83,0,akshare.stock_hk_index_daily_sina(VHSI)
2022-08-16,23.82,24.91,23.31,24.31,0,akshare.stock_hk_index_daily_sina(VHSI)
2022-08-17,23.97,24.21,23.5,23.73,0,akshare.stock_hk_index_daily_sina(VHSI)
2022-08-18,23.86,24.2,23.59,23.86,0,akshare.stock_hk_index_daily_sina(VHSI)
2022-08-19,23.99,24.07,22.99,23.17,0,akshare.stock_hk_index_daily_sina(VHSI)
2022-08-22,24.73,24.73,23.16,23.47,0,akshare.stock_hk_index_daily_sina(VHSI)
2022-08-23,23.75,24.57,23.24,23.95,0,akshare.stock_hk_index_daily_sina(VHSI)
2022-08-24,23.72,24.84,23.72,24.47,0,akshare.stock_hk_index_daily_sina(VHSI)
2022-08-25,23.72,24.59,23.33,24.23,0,akshare.stock_hk_index_daily_sina(VHSI)
2022-08-26,23.97,24.66,23.97,24.48,0,akshare.stock_hk_index_daily_sina(VHSI)
2022-08-29,26.25,26.49,25.54,25.55,0,akshare.stock_hk_index_daily_sina(VHSI)
2022-08-30,24.99,26.59,24.9,24.96,0,akshare.stock_hk_index_daily_sina(VHSI)
2022-08-31,25.91,25.92,24.67,24.9,0,akshare.stock_hk_index_daily_sina(VHSI)
2022-09-01,25.55,26.6,25.15,26.51,0,akshare.stock_hk_index_daily_sina(VHSI)
2022-09-02,26.11,27.04,25.89,26.43,0,akshare.stock_hk_index_daily_sina(VHSI)
2022-09-05,27.87,28.58,27.09,27.34,0,akshare.stock_hk_index_daily_sina(VHSI)
2022-09-06,26.64,27.02,26.24,26.37,0,akshare.stock_hk_index_daily_sina(VHSI)
2022-09-07,27.49,27.59,26.67,26.68,0,akshare.stock_hk_index_daily_sina(VHSI)
2022-09-08,26.48,26.86,26.11,26.79,0,akshare.stock_hk_index_daily_sina(VHSI)
2022-09-09,26.29,26.29,25.36,25.44,0,akshare.stock_hk_index_daily_sina(VHSI)
2022-09-13,25.98,26.33,25.39,25.8,0,akshare.stock_hk_index_daily_sina(VHSI)
2022-09-14,26.29,27.59,26.29,26.63,0,akshare.stock_hk_index_daily_sina(VHSI)
2022-09-15,26.14,26.14,25.64,25.69,0,akshare.stock_hk_index_daily_sina(VHSI)
2022-09-16,26.12,26.54,25.94,26.5,0,akshare.stock_hk_index_daily_sina(VHSI)
2022-09-19,27.52,28.11,27.12,27.31,0,akshare.stock_hk_index_daily_sina(VHSI)
2022-09-20,26.7,26.75,26.38,26.52,0,akshare.stock_hk_index_daily_sina(VHSI)
2022-09-21,27.38,27.92,26.95,27.78,0,akshare.stock_hk_index_daily_sina(VHSI)
2022-09-22,28.78,29.32,27.76,27.77,0,akshare.stock_hk_index_daily_sina(VHSI)
2022-09-23,27.63,28.14,27.38,27.93,0,akshare.stock_hk_index_daily_sina(VHSI)
2022-09-26,30.63,30.71,29.25,29.89,0,akshare.stock_hk_index_daily_sina(VHSI)
2022-09-27,29.68,30.39,29.25,29.49,0,akshare.stock_hk_index_daily_sina(VHSI)
2022-09-28,30.58,33.38,30.5,33.18,0,akshare.stock_hk_index_daily_sina(VHSI)
2022-09-29,31.01,35.12,30.51,34.76,0,akshare.stock_hk_index_daily_sina(VHSI)
2022-09-30,33.16,35.46,32.46,32.66,0,akshare.stock_hk_index_daily_sina(VHSI)
2022-10-03,34.57,34.66,33.23,33.39,0,akshare.stock_hk_index_daily_sina(VHSI)
2022-10-05,30.27,30.75,28.9,29.43,0,akshare.stock_hk_index_daily_sina(VHSI)
2022-10-06,29.34,29.51,28.96,29.13,0,akshare.stock_hk_index_daily_sina(VHSI)
2022-10-07,29.82,30.33,29.6,29.94,0,akshare.stock_hk_index_daily_sina(VHSI)
2022-10-10,32.61,33.66,32.16,33.42,0,akshare.stock_hk_index_daily_sina(VHSI)
2022-10-11,33.52,35.99,33.42,35.99,0,akshare.stock_hk_index_daily_sina(VHSI)
2022-10-12,35.89,37.78,34.86,36.22,0,akshare.stock_hk_index_daily_sina(VHSI)
2022-10-13,36.65,37.91,36.32,37.72,0,akshare.stock_hk_index_daily_sina(VHSI)
2022-10-14,36.29,36.52,34.8,36.35,0,akshare.stock_hk_index_daily_sina(VHSI)
2022-10-17,32.76,37.82,32.76,35.82,0,akshare.stock_hk_index_daily_sina(VHSI)
2022-10-18,33.03,34.81,32.58,33.66,0,akshare.stock_hk_index_daily_sina(VHSI)
2022-10-19,33.4,33.61,27.56,33.5,0,akshare.stock_hk_index_daily_sina(VHSI)
2022-10-20,35.27,36.15,33.78,35.33,0,akshare.stock_hk_index_daily_sina(VHSI)
2022-10-21,34.85,35.21,34.45,35.1,0,akshare.stock_hk_index_daily_sina(VHSI)
2022-10-24,36.76,43.54,36.19,43.12,0,akshare.stock_hk_index_daily_sina(VHSI)
2022-10-25,43.49,45.11,40.99,41.21,0,akshare.stock_hk_index_daily_sina(VHSI)
2022-10-26,40.41,40.41,37.61,38.6,0,akshare.stock_hk_index_daily_sina(VHSI)
2022-10-27,37.26,37.46,36.18,36.58,0,akshare.stock_hk_index_daily_sina(VHSI)
2022-10-28,35.75,40.99,34.9,39.7,0,akshare.stock_hk_index_daily_sina(VHSI)
2022-10-31,38.58,41.44,38.35,39.47,0,akshare.stock_hk_index_daily_sina(VHSI)
2022-11-01,38.52,38.83,37.28,38.03,0,akshare.stock_hk_index_daily_sina(VHSI)
2022-11-02,37.78,37.78,36.28,36.57,0,akshare.stock_hk_index_daily_sina(VHSI)
2022-11-03,36.53,37.12,36.03,37.05,0,akshare.stock_hk_index_daily_sina(VHSI)
2022-11-04,35.97,39.28,35.91,37.74,0,akshare.stock_hk_index_daily_sina(VHSI)
2022-11-07,38.8,39.23,37.1,37.67,0,akshare.stock_hk_index_daily_sina(VHSI)
2022-11-08,37.4,37.42,36.16,36.16,0,akshare.stock_hk_index_daily_sina(VHSI)
2022-11-09,35.71,35.72,34.45,34.94,0,akshare.stock_hk_index_daily_sina(VHSI)
2022-11-10,33.64,36.21,33.64,35.92,0,akshare.stock_hk_index_daily_sina(VHSI)
2022-11-11,33.91,38.17,33.75,37.32,0,akshare.stock_hk_index_daily_sina(VHSI)
2022-11-14,36.93,38.57,36.53,37.97,0,akshare.stock_hk_index_daily_sina(VHSI)
2022-11-15,36.67,38.58,35.79,38.58,0,akshare.stock_hk_index_daily_sina(VHSI)
2022-11-16,37.95,38.74,36.33,37.97,0,akshare.stock_hk_index_daily_sina(VHSI)
2022-11-17,37.46,38.18,36.06,36.79,0,akshare.stock_hk_index_daily_sina(VHSI)
2022-11-18,35.4,36.95,34.85,34.86,0,akshare.stock_hk_index_daily_sina(VHSI)
2022-11-21,36.07,36.55,34.66,34.8,0,akshare.stock_hk_index_daily_sina(VHSI)
2022-11-22,34.01,34.08,32.3,32.82,0,akshare.stock_hk_index_daily_sina(VHSI)
2022-11-23,31.39,32.59,30.55,31.2,0,akshare.stock_hk_index_daily_sina(VHSI)
2022-11-24,31.68,32.1,30.31,30.33,0,akshare.stock_hk_index_daily_sina(VHSI)
2022-11-25,29.68,30.13,29.48,29.66,0,akshare.stock_hk_index_daily_sina(VHSI)
2022-11-28,31.54,33.62,31.54,32.46,0,akshare.stock_hk_index_daily_sina(VHSI)
2022-11-29,32.1,34.32,31.38,34.32,0,akshare.stock_hk_index_daily_sina(VHSI)
2022-11-30,33.51,34.73,31.87,34.51,0,akshare.stock_hk_index_daily_sina(VHSI)
2022-12-01,34.36,35.64,33.48,33.54,0,akshare.stock_hk_index_daily_sina(VHSI)
2022-12-02,31.91,33.34,31.78,32.55,0,akshare.stock_hk_index_daily_sina(VHSI)
2022-12-05,33.0,34.72,32.8,34.36,0,akshare.stock_hk_index_daily_sina(VHSI)
2022-12-06,32.66,33.52,31.88,32.26,0,akshare.stock_hk_index_daily_sina(VHSI)
2022-12-07,31.8,32.34,29.73,31.92,0,akshare.stock_hk_index_daily_sina(VHSI)
2022-12-08,30.65,31.19,29.48,31.01,0,akshare.stock_hk_index_daily_sina(VHSI)
2022-12-09,30.01,31.93,30.01,31.68,0,akshare.stock_hk_index_daily_sina(VHSI)
2022-12-12,30.35,32.47,30.35,32.41,0,akshare.stock_hk_index_daily_sina(VHSI)
2022-12-13,30.94,32.86,30.93,32.35,0,akshare.stock_hk_index_daily_sina(VHSI)
2022-12-14,30.9,31.17,29.07,29.79,0,akshare.stock_hk_index_daily_sina(VHSI)
2022-12-15,27.63,29.5,27.63,28.26,0,akshare.stock_hk_index_daily_sina(VHSI)
2022-12-16,27.36,28.57,27.28,28.11,0,akshare.stock_hk_index_daily_sina(VHSI)
2022-12-19,28.4,28.97,27.72,28.54,0,akshare.stock_hk_index_daily_sina(VHSI)
2022-12-20,28.37,29.47,27.39,28.57,0,akshare.stock_hk_index_daily_sina(VHSI)
2022-12-21,28.25,28.28,27.09,27.34,0,akshare.stock_hk_index_daily_sina(VHSI)
2022-12-22,27.61,29.37,27.13,28.32,0,akshare.stock_hk_index_daily_sina(VHSI)
2022-12-23,32.41,32.41,27.29,28.43,0,akshare.stock_hk_index_daily_sina(VHSI)
2022-12-28,28.5,29.45,28.1,29.37,0,akshare.stock_hk_index_daily_sina(VHSI)
2022-12-29,29.42,29.81,29.03,29.18,0,akshare.stock_hk_index_daily_sina(VHSI)
2022-12-30,28.27,28.79,28.06,28.76,0,akshare.stock_hk_index_daily_sina(VHSI)
2023-01-03,30.54,31.13,29.82,30.29,0,akshare.stock_hk_index_daily_sina(VHSI)
2023-01-04,29.9,30.04,29.21,29.61,0,akshare.stock_hk_index_daily_sina(VHSI)
2023-01-05,29.08,29.76,29.02,29.29,0,akshare.stock_hk_index_daily_sina(VHSI)
2023-01-06,27.82,28.45,27.73,28.02,0,akshare.stock_hk_index_daily_sina(VHSI)
2023-01-09,27.48,28.6,27.39,27.87,0,akshare.stock_hk_index_daily_sina(VHSI)
2023-01-10,27.73,27.75,25.89,26.33,0,akshare.stock_hk_index_daily_sina(VHSI)
2023-01-11,25.52,25.53,24.54,24.82,0,akshare.stock_hk_index_daily_sina(VHSI)
2023-01-12,24.82,24.87,24.01,24.7,0,akshare.stock_hk_index_daily_sina(VHSI)
2023-01-13,23.79,23.8,22.61,22.67,0,akshare.stock_hk_index_daily_sina(VHSI)
2023-01-16,23.11,23.17,22.38,22.77,0,akshare.stock_hk_index_daily_sina(VHSI)
2023-01-17,22.76,22.93,22.5,22.67,0,akshare.stock_hk_index_daily_sina(VHSI)
2023-01-18,22.6,22.66,21.93,22.01,0,akshare.stock_hk_index_daily_sina(VHSI)
2023-01-19,22.56,22.78,22.14,22.28,0,akshare.stock_hk_index_daily_sina(VHSI)
2023-01-20,22.31,23.03,22.06,22.33,0,akshare.stock_hk_index_daily_sina(VHSI)
2023-01-26,23.54,23.54,22.59,22.95,0,akshare.stock_hk_index_daily_sina(VHSI)
2023-01-27,22.78,22.87,22.36,22.45,0,akshare.stock_hk_index_daily_sina(VHSI)
2023-01-30,23.05,24.91,23.05,24.9,0,akshare.stock_hk_index_daily_sina(VHSI)
2023-01-31,24.22,25.6,23.98,24.78,0,akshare.stock_hk_index_daily_sina(VHSI)
2023-02-01,23.63,24.16,23.44,23.69,0,akshare.stock_hk_index_daily_sina(VHSI)
2023-02-02,22.96,23.23,22.61,23.04,0,akshare.stock_hk_index_daily_sina(VHSI)
2023-02-03,23.47,24.37,22.76,23.92,0,akshare.stock_hk_index_daily_sina(VHSI)
2023-02-06,25.52,26.03,25.24,25.67,0,akshare.stock_hk_index_daily_sina(VHSI)
2023-02-07,25.03,25.14,24.59,24.85,0,akshare.stock_hk_index_daily_sina(VHSI)
2023-02-08,24.27,24.82,23.91,23.91,0,akshare.stock_hk_index_daily_sina(VHSI)
2023-02-09,24.23,24.23,23.54,23.96,0,akshare.stock_hk_index_daily_sina(VHSI)
2023-02-10,24.12,25.07,24.06,24.83,0,akshare.stock_hk_index_daily_sina(VHSI)
2023-02-13,26.14,26.23,25.46,25.56,0,akshare.stock_hk_index_daily_sina(VHSI)
2023-02-14,25.55,25.67,25.11,25.14,0,akshare.stock_hk_index_daily_sina(VHSI)
2023-02-15,24.43,24.9,24.33,24.53,0,akshare.stock_hk_index_daily_sina(VHSI)
2023-02-16,23.83,24.28,23.6,24.05,0,akshare.stock_hk_index_daily_sina(VHSI)
2023-02-17,24.52,24.66,23.6,24.27,0,akshare.stock_hk_index_daily_sina(VHSI)
2023-02-20,24.7,24.89,24.4,24.46,0,akshare.stock_hk_index_daily_sina(VHSI)
2023-02-21,24.71,25.24,24.37,25.23,0,akshare.stock_hk_index_daily_sina(VHSI)
2023-02-22,26.13,27.11,25.89,26.24,0,akshare.stock_hk_index_daily_sina(VHSI)
2023-02-23,27.37,27.37,25.89,26.02,0,akshare.stock_hk_index_daily_sina(VHSI)
2023-02-24,26.67,28.04,26.57,27.39,0,akshare.stock_hk_index_daily_sina(VHSI)
2023-02-27,28.77,28.77,27.58,27.81,0,akshare.stock_hk_index_daily_sina(VHSI)
2023-02-28,26.85,27.31,26.49,27.2,0,akshare.stock_hk_index_daily_sina(VHSI)
2023-03-01,26.75,27.52,26.34,27.45,0,akshare.stock_hk_index_daily_sina(VHSI)
2023-03-02,26.42,26.51,26.1,26.46,0,akshare.stock_hk_index_daily_sina(VHSI)
2023-03-03,25.95,26.14,25.58,25.71,0,akshare.stock_hk_index_daily_sina(VHSI)
2023-03-06,25.9,26.0,25.47,25.48,0,akshare.stock_hk_index_daily_sina(VHSI)
2023-03-07,25.23,25.27,24.57,25.05,0,akshare.stock_hk_index_daily_sina(VHSI)
2023-03-08,25.69,26.14,25.61,25.86,0,akshare.stock_hk_index_daily_sina(VHSI)
2023-03-09,25.62,25.7,25.16,25.5,0,akshare.stock_hk_index_daily_sina(VHSI)
2023-03-10,26.41,27.54,26.28,27.39,0,akshare.stock_hk_index_daily_sina(VHSI)
2023-03-13,28.0,28.19,27.84,28.16,0,akshare.stock_hk_index_daily_sina(VHSI)
2023-03-14,29.11,31.37,28.9,31.15,0,akshare.stock_hk_index_daily_sina(VHSI)
2023-03-15,29.08,29.16,28.12,28.21,0,akshare.stock_hk_index_daily_sina(VHSI)
2023-03-16,29.81,30.64,29.7,30.25,0,akshare.stock_hk_index_daily_sina(VHSI)
2023-03-17,28.49,28.72,28.0,28.0,0,akshare.stock_hk_index_daily_sina(VHSI)
2023-03-20,29.05,32.38,28.37,31.09,0,akshare.stock_hk_index_daily_sina(VHSI)
2023-03-21,30.29,30.29,29.48,29.64,0,akshare.stock_hk_index_daily_sina(VHSI)
2023-03-22,28.19,28.3,27.0,28.09,0,akshare.stock_hk_index_daily_sina(VHSI)
2023-03-23,27.39,27.39,26.26,26.98,0,akshare.stock_hk_index_daily_sina(VHSI)
2023-03-24,27.0,27.13,26.75,26.83,0,akshare.stock_hk_index_daily_sina(VHSI)
2023-03-27,28.09,28.45,27.8,28.39,0,akshare.stock_hk_index_daily_sina(VHSI)
2023-03-28,27.27,27.42,26.65,26.88,0,akshare.stock_hk_index_daily_sina(VHSI)
2023-03-29,27.87,27.87,26.87,27.11,0,akshare.stock_hk_index_daily_sina(VHSI)
2023-03-30,26.77,26.78,25.71,26.08,0,akshare.stock_hk_index_daily_sina(VHSI)
2023-03-31,25.79,26.3,25.44,25.44,0,akshare.stock_hk_index_daily_sina(VHSI)
2023-04-03,25.62,25.77,25.12,25.18,0,akshare.stock_hk_index_daily_sina(VHSI)
2023-04-04,24.67,24.99,24.33,24.53,0,akshare.stock_hk_index_daily_sina(VHSI)
2023-04-06,24.77,24.85,24.02,24.33,0,akshare.stock_hk_index_daily_sina(VHSI)
2023-04-11,25.28,25.44,23.79,24.8,0,akshare.stock_hk_index_daily_sina(VHSI)
2023-04-12,24.67,24.67,23.89,24.51,0,akshare.stock_hk_index_daily_sina(VHSI)
2023-04-13,24.6,24.76,23.42,23.44,0,akshare.stock_hk_index_daily_sina(VHSI)
2023-04-14,23.12,23.15,22.23,22.49,0,akshare.stock_hk_index_daily_sina(VHSI)
2023-04-17,23.03,23.17,22.33,22.88,0,akshare.stock_hk_index_daily_sina(VHSI)
2023-04-18,22.69,22.87,22.04,22.13,0,akshare.stock_hk_index_daily_sina(VHSI)
2023-04-19,22.0,22.56,21.93,22.54,0,akshare.stock_hk_index_daily_sina(VHSI)
2023-04-20,22.26,22.34,21.67,21.81,0,akshare.stock_hk_index_daily_sina(VHSI)
2023-04-21,21.76,22.09,21.1,21.9,0,akshare.stock_hk_index_daily_sina(VHSI)
2023-04-24,22.19,22.49,21.51,22.06,0,akshare.stock_hk_index_daily_sina(VHSI)
2023-04-25,21.47,22.81,21.39,22.54,0,akshare.stock_hk_index_daily_sina(VHSI)
2023-04-26,22.69,23.04,22.31,22.93,0,akshare.stock_hk_index_daily_sina(VHSI)
2023-04-27,22.81,22.94,22.21,22.68,0,akshare.stock_hk_index_daily_sina(VHSI)
2023-04-28,22.19,22.72,21.62,21.87,0,akshare.stock_hk_index_daily_sina(VHSI)
2023-05-02,22.74,23.31,22.38,22.38,0,akshare.stock_hk_index_daily_sina(VHSI)
2023-05-03,22.79,23.4,22.75,23.11,0,akshare.stock_hk_index_daily_sina(VHSI)
2023-05-04,23.05,23.53,23.05,23.17,0,akshare.stock_hk_index_daily_sina(VHSI)
2023-05-05,23.05,23.41,22.85,23.38,0,akshare.stock_hk_index_daily_sina(VHSI)
2023-05-08,23.27,23.35,22.77,22.77,0,akshare.stock_hk_index_daily_sina(VHSI)
2023-05-09,22.62,22.95,21.77,22.88,0,akshare.stock_hk_index_daily_sina(VHSI)
2023-05-10,22.5,22.75,22.36,22.42,0,akshare.stock_hk_index_daily_sina(VHSI)
2023-05-11,22.18,22.23,21.45,21.46,0,akshare.stock_hk_index_daily_sina(VHSI)
2023-05-12,21.76,21.89,20.94,21.18,0,akshare.stock_hk_index_daily_sina(VHSI)
2023-05-15,21.97,22.3,21.39,21.79,0,akshare.stock_hk_index_daily_sina(VHSI)
2023-05-16,21.97,22.02,21.3,21.41,0,akshare.stock_hk_index_daily_sina(VHSI)
2023-05-17,21.54,22.3,21.19,22.26,0,akshare.stock_hk_index_daily_sina(VHSI)
2023-05-18,21.98,22.03,21.64,21.81,0,akshare.stock_hk_index_daily_sina(VHSI)
2023-05-19,22.24,22.67,22.11,22.35,0,akshare.stock_hk_index_daily_sina(VHSI)
2023-05-22,22.85,22.93,22.01,22.03,0,akshare.stock_hk_index_daily_sina(VHSI)
2023-05-23,21.76,21.99,21.05,21.76,0,akshare.stock_hk_index_daily_sina(VHSI)
2023-05-24,22.88,23.81,22.35,23.2,0,akshare.stock_hk_index_daily_sina(VHSI)
2023-05-25,24.21,25.69,22.94,24.88,0,akshare.stock_hk_index_daily_sina(VHSI)
2023-05-29,24.65,25.55,24.13,25.55,0,akshare.stock_hk_index_daily_sina(VHSI)
2023-05-30,25.31,25.44,24.37,24.47,0,akshare.stock_hk_index_daily_sina(VHSI)
2023-05-31,24.76,26.32,24.76,25.44,0,akshare.stock_hk_index_daily_sina(VHSI)
2023-06-01,25.34,25.52,24.33,24.53,0,akshare.stock_hk_index_daily_sina(VHSI)
2023-06-02,23.96,24.53,23.71,23.83,0,akshare.stock_hk_index_daily_sina(VHSI)
2023-06-05,24.27,24.44,23.14,23.17,0,akshare.stock_hk_index_daily_sina(VHSI)
2023-06-06,22.93,23.49,22.68,23.06,0,akshare.stock_hk_index_daily_sina(VHSI)
2023-06-07,23.22,23.39,22.81,23.07,0,akshare.stock_hk_index_daily_sina(VHSI)
2023-06-08,23.13,23.48,22.51,22.73,0,akshare.stock_hk_index_daily_sina(VHSI)
2023-06-09,22.71,22.78,21.7,21.71,0,akshare.stock_hk_index_daily_sina(VHSI)
2023-06-12,22.31,22.33,21.7,21.7,0,akshare.stock_hk_index_daily_sina(VHSI)
2023-06-13,21.86,22.03,21.39,21.92,0,akshare.stock_hk_index_daily_sina(VHSI)
2023-06-14,21.82,21.98,20.99,21.24,0,akshare.stock_hk_index_daily_sina(VHSI)
2023-06-15,21.47,21.82,21.01,21.76,0,akshare.stock_hk_index_daily_sina(VHSI)
2023-06-16,21.79,22.73,21.49,21.96,0,akshare.stock_hk_index_daily_sina(VHSI)
2023-06-19,22.25,22.31,21.95,22.06,0,akshare.stock_hk_index_daily_sina(VHSI)
2023-06-20,22.04,22.06,21.42,21.79,0,akshare.stock_hk_index_daily_sina(VHSI)
2023-06-21,22.19,22.51,21.63,22.33,0,akshare.stock_hk_index_daily_sina(VHSI)
2023-06-23,22.39,23.7,22.39,23.09,0,akshare.stock_hk_index_daily_sina(VHSI)
2023-06-26,24.34,25.28,23.58,23.81,0,akshare.stock_hk_index_daily_sina(VHSI)
2023-06-27,23.16,23.57,22.69,22.95,0,akshare.stock_hk_index_daily_sina(VHSI)
2023-06-28,22.92,22.92,21.96,22.25,0,akshare.stock_hk_index_daily_sina(VHSI)
2023-06-29,22.07,22.88,21.98,22.48,0,akshare.stock_hk_index_daily_sina(VHSI)
2023-06-30,22.55,22.71,21.9,21.92,0,akshare.stock_hk_index_daily_sina(VHSI)
2023-07-03,22.2,22.7,21.99,22.57,0,akshare.stock_hk_index_daily_sina(VHSI)
2023-07-04,22.19,22.44,21.78,22.05,0,akshare.stock_hk_index_daily_sina(VHSI)
2023-07-05,21.85,22.61,21.81,22.57,0,akshare.stock_hk_index_daily_sina(VHSI)
2023-07-06,22.6,23.86,22.28,23.43,0,akshare.stock_hk_index_daily_sina(VHSI)
2023-07-07,23.48,24.04,23.47,24.03,0,akshare.stock_hk_index_daily_sina(VHSI)
2023-07-10,24.49,24.74,23.89,24.39,0,akshare.stock_hk_index_daily_sina(VHSI)
2023-07-11,24.2,24.42,23.56,23.82,0,akshare.stock_hk_index_daily_sina(VHSI)
2023-07-12,23.73,24.21,23.52,23.77,0,akshare.stock_hk_index_daily_sina(VHSI)
2023-07-13,23.58,24.36,23.38,23.74,0,akshare.stock_hk_index_daily_sina(VHSI)
2023-07-14,23.2,23.53,22.49,22.92,0,akshare.stock_hk_index_daily_sina(VHSI)
2023-07-18,23.69,23.89,23.19,23.73,0,akshare.stock_hk_index_daily_sina(VHSI)
2023-07-19,24.18,24.41,23.51,23.84,0,akshare.stock_hk_index_daily_sina(VHSI)
2023-07-20,23.97,24.34,23.35,24.31,0,akshare.stock_hk_index_daily_sina(VHSI)
2023-07-21,23.68,24.15,23.57,24.0,0,akshare.stock_hk_index_daily_sina(VHSI)
2023-07-24,25.11,25.76,24.12,25.67,0,akshare.stock_hk_index_daily_sina(VHSI)
2023-07-25,25.75,26.67,25.2,26.53,0,akshare.stock_hk_index_daily_sina(VHSI)
2023-07-26,25.62,25.89,24.65,25.01,0,akshare.stock_hk_index_daily_sina(VHSI)
2023-07-27,25.35,25.89,24.96,25.38,0,akshare.stock_hk_index_daily_sina(VHSI)
2023-07-28,25.45,26.12,24.95,26.04,0,akshare.stock_hk_index_daily_sina(VHSI)
2023-07-31,27.22,28.04,26.45,26.45,0,akshare.stock_hk_index_daily_sina(VHSI)
2023-08-01,25.73,26.18,24.98,25.12,0,akshare.stock_hk_index_daily_sina(VHSI)
2023-08-02,24.69,25.24,23.61,25.24,0,akshare.stock_hk_index_daily_sina(VHSI)
2023-08-03,24.96,25.33,24.38,25.2,0,akshare.stock_hk_index_daily_sina(VHSI)
2023-08-04,25.54,26.05,24.73,25.05,0,akshare.stock_hk_index_daily_sina(VHSI)
2023-08-07,25.21,25.4,24.32,24.62,0,akshare.stock_hk_index_daily_sina(VHSI)
2023-08-08,24.08,24.56,23.52,24.18,0,akshare.stock_hk_index_daily_sina(VHSI)
2023-08-09,24.52,24.57,23.56,23.7,0,akshare.stock_hk_index_daily_sina(VHSI)
2023-08-10,23.89,24.45,23.55,24.02,0,akshare.stock_hk_index_daily_sina(VHSI)
2023-08-11,23.84,24.18,23.45,23.49,0,akshare.stock_hk_index_daily_sina(VHSI)
2023-08-14,25.35,26.14,25.12,25.28,0,akshare.stock_hk_index_daily_sina(VHSI)
2023-08-15,24.97,25.99,24.97,25.78,0,akshare.stock_hk_index_daily_sina(VHSI)
2023-08-16,26.4,26.47,25.52,26.34,0,akshare.stock_hk_index_daily_sina(VHSI)
2023-08-17,27.3,27.87,26.28,27.05,0,akshare.stock_hk_index_daily_sina(VHSI)
2023-08-18,27.45,28.0,25.93,27.97,0,akshare.stock_hk_index_daily_sina(VHSI)
2023-08-21,30.17,31.68,27.93,31.53,0,akshare.stock_hk_index_daily_sina(VHSI)
2023-08-22,28.99,30.34,28.45,29.5,0,akshare.stock_hk_index_daily_sina(VHSI)
2023-08-23,29.28,29.28,27.14,27.7,0,akshare.stock_hk_index_daily_sina(VHSI)
2023-08-24,27.46,27.47,26.42,27.17,0,akshare.stock_hk_index_daily_sina(VHSI)
2023-08-25,28.14,28.71,27.59,28.54,0,akshare.stock_hk_index_daily_sina(VHSI)
2023-08-28,28.99,29.19,28.52,28.55,0,akshare.stock_hk_index_daily_sina(VHSI)
2023-08-29,28.25,28.33,27.33,27.92,0,akshare.stock_hk_index_daily_sina(VHSI)
2023-08-30,27.75,27.76,25.73,26.46,0,akshare.stock_hk_index_daily_sina(VHSI)
2023-08-31,26.04,26.23,25.06,25.53,0,akshare.stock_hk_index_daily_sina(VHSI)
2023-09-04,25.63,26.42,25.0,25.5,0,akshare.stock_hk_index_daily_sina(VHSI)
2023-09-05,25.26,25.46,24.58,25.36,0,akshare.stock_hk_index_daily_sina(VHSI)
2023-09-06,24.7,24.93,23.97,24.61,0,akshare.stock_hk_index_daily_sina(VHSI)
2023-09-07,24.38,24.79,23.94,24.37,0,akshare.stock_hk_index_daily_sina(VHSI)
2023-09-11,24.72,25.01,23.65,24.27,0,akshare.stock_hk_index_daily_sina(VHSI)
2023-09-12,24.1,24.33,23.32,23.35,0,akshare.stock_hk_index_daily_sina(VHSI)
2023-09-13,23.12,23.16,22.62,22.94,0,akshare.stock_hk_index_daily_sina(VHSI)
2023-09-14,22.52,22.63,22.2,22.31,0,akshare.stock_hk_index_daily_sina(VHSI)
2023-09-15,22.25,22.58,21.24,21.24,0,akshare.stock_hk_index_daily_sina(VHSI)
2023-09-18,22.33,23.2,22.11,22.4,0,akshare.stock_hk_index_daily_sina(VHSI)
2023-09-19,22.22,22.95,21.88,22.04,0,akshare.stock_hk_index_daily_sina(VHSI)
2023-09-20,21.9,21.98,21.73,21.86,0,akshare.stock_hk_index_daily_sina(VHSI)
2023-09-21,22.33,22.61,22.1,22.2,0,akshare.stock_hk_index_daily_sina(VHSI)
2023-09-22,22.38,23.24,21.88,22.42,0,akshare.stock_hk_index_daily_sina(VHSI)
2023-09-25,22.32,23.27,22.32,22.92,0,akshare.stock_hk_index_daily_sina(VHSI)
2023-09-26,22.9,24.25,22.24,23.84,0,akshare.stock_hk_index_daily_sina(VHSI)
2023-09-27,23.96,23.96,23.18,23.3,0,akshare.stock_hk_index_daily_sina(VHSI)
2023-09-28,23.26,24.05,22.81,23.86,0,akshare.stock_hk_index_daily_sina(VHSI)
2023-09-29,23.21,25.78,23.06,23.06,0,akshare.stock_hk_index_daily_sina(VHSI)
2023-10-03,25.25,26.43,25.25,26.28,0,akshare.stock_hk_index_daily_sina(VHSI)
2023-10-04,26.34,27.15,25.96,26.56,0,akshare.stock_hk_index_daily_sina(VHSI)
2023-10-05,26.29,26.31,25.6,25.99,0,akshare.stock_hk_index_daily_sina(VHSI)
2023-10-06,25.6,25.8,25.33,25.61,0,akshare.stock_hk_index_daily_sina(VHSI)
2023-10-09,25.96,26.76,25.81,26.4,0,akshare.stock_hk_index_daily_sina(VHSI)
2023-10-10,26.0,26.03,25.2,25.51,0,akshare.stock_hk_index_daily_sina(VHSI)
2023-10-11,25.48,25.48,24.07,24.87,0,akshare.stock_hk_index_daily_sina(VHSI)
2023-10-12,24.71,24.71,23.91,24.17,0,akshare.stock_hk_index_daily_sina(VHSI)
2023-10-13,24.14,24.91,23.23,24.9,0,akshare.stock_hk_index_daily_sina(VHSI)
2023-10-16,25.69,26.06,25.26,25.82,0,akshare.stock_hk_index_daily_sina(VHSI)
2023-10-17,25.19,25.29,24.29,24.77,0,akshare.stock_hk_index_daily_sina(VHSI)
2023-10-18,25.07,25.12,24.39,24.44,0,akshare.stock_hk_index_daily_sina(VHSI)
2023-10-19,24.96,25.82,24.92,25.82,0,akshare.stock_hk_index_daily_sina(VHSI)
2023-10-20,26.55,26.56,25.81,26.18,0,akshare.stock_hk_index_daily_sina(VHSI)
2023-10-24,26.83,27.29,26.71,27.19,0,akshare.stock_hk_index_daily_sina(VHSI)
2023-10-25,26.98,27.97,26.3,26.59,0,akshare.stock_hk_index_daily_sina(VHSI)
2023-10-26,27.41,28.17,27.06,27.31,0,akshare.stock_hk_index_daily_sina(VHSI)
2023-10-27,27.13,27.64,25.89,26.15,0,akshare.stock_hk_index_daily_sina(VHSI)
2023-10-30,26.93,26.94,25.81,26.4,0,akshare.stock_hk_index_daily_sina(VHSI)
2023-10-31,26.2,26.53,25.88,26.08,0,akshare.stock_hk_index_daily_sina(VHSI)
2023-11-01,25.69,25.69,25.02,25.09,0,akshare.stock_hk_index_daily_sina(VHSI)
2023-11-02,24.73,24.8,23.89,24.08,0,akshare.stock_hk_index_daily_sina(VHSI)
2023-11-03,23.83,23.95,23.37,23.56,0,akshare.stock_hk_index_daily_sina(VHSI)
2023-11-06,24.12,24.36,23.97,24.27,0,akshare.stock_hk_index_daily_sina(VHSI)
2023-11-07,23.7,24.27,23.59,23.74,0,akshare.stock_hk_index_daily_sina(VHSI)
2023-11-08,23.63,23.73,22.9,23.11,0,akshare.stock_hk_index_daily_sina(VHSI)
2023-11-09,22.98,23.07,22.49,22.56,0,akshare.stock_hk_index_daily_sina(VHSI)
2023-11-10,22.79,23.64,22.76,23.3,0,akshare.stock_hk_index_daily_sina(VHSI)
2023-11-13,23.63,23.83,23.24,23.83,0,akshare.stock_hk_index_daily_sina(VHSI)
2023-11-14,23.96,24.03,23.67,23.99,0,akshare.stock_hk_index_daily_sina(VHSI)
2023-11-15,24.2,25.11,23.97,25.08,0,akshare.stock_hk_index_daily_sina(VHSI)
2023-11-16,24.76,24.96,23.96,24.88,0,akshare.stock_hk_index_daily_sina(VHSI)
2023-11-17,25.05,25.26,24.68,24.9,0,akshare.stock_hk_index_daily_sina(VHSI)
2023-11-20,25.3,25.4,24.45,24.45,0,akshare.stock_hk_index_daily_sina(VHSI)
2023-11-21,24.44,24.6,24.05,24.43,0,akshare.stock_hk_index_daily_sina(VHSI)
2023-11-22,23.92,24.04,23.34,23.52,0,akshare.stock_hk_index_daily_sina(VHSI)
2023-11-23,23.42,24.0,22.94,23.34,0,akshare.stock_hk_index_daily_sina(VHSI)
2023-11-24,23.62,24.04,23.35,23.59,0,akshare.stock_hk_index_daily_sina(VHSI)
2023-11-27,23.82,23.96,23.54,23.59,0,akshare.stock_hk_index_daily_sina(VHSI)
2023-11-28,23.49,23.54,23.05,23.08,0,akshare.stock_hk_index_daily_sina(VHSI)
2023-11-29,23.03,24.68,22.82,24.65,0,akshare.stock_hk_index_daily_sina(VHSI)
2023-11-30,24.31,24.37,23.36,23.55,0,akshare.stock_hk_index_daily_sina(VHSI)
2023-12-01,23.32,23.39,22.91,23.29,0,akshare.stock_hk_index_daily_sina(VHSI)
2023-12-04,24.22,24.52,23.21,23.61,0,akshare.stock_hk_index_daily_sina(VHSI)
2023-12-05,23.85,25.03,23.5,24.65,0,akshare.stock_hk_index_daily_sina(VHSI)
2023-12-06,24.83,24.86,23.6,23.86,0,akshare.stock_hk_index_daily_sina(VHSI)
2023-12-07,23.99,24.84,23.59,23.88,0,akshare.stock_hk_index_daily_sina(VHSI)
2023-12-08,23.83,23.84,23.16,23.66,0,akshare.stock_hk_index_daily_sina(VHSI)
2023-12-11,24.76,24.87,24.09,24.3,0,akshare.stock_hk_index_daily_sina(VHSI)
2023-12-12,24.25,24.42,23.64,23.9,0,akshare.stock_hk_index_daily_sina(VHSI)
2023-12-13,23.57,23.68,22.76,22.84,0,akshare.stock_hk_index_daily_sina(VHSI)
2023-12-14,22.79,23.02,22.21,22.36,0,akshare.stock_hk_index_daily_sina(VHSI)
2023-12-15,22.7,23.64,22.38,22.49,0,akshare.stock_hk_index_daily_sina(VHSI)
2023-12-18,23.12,23.35,22.81,22.81,0,akshare.stock_hk_index_daily_sina(VHSI)
2023-12-19,22.8,22.82,22.06,22.06,0,akshare.stock_hk_index_daily_sina(VHSI)
2023-12-20,22.25,22.3,21.45,21.49,0,akshare.stock_hk_index_daily_sina(VHSI)
2023-12-21,23.08,23.08,21.06,21.93,0,akshare.stock_hk_index_daily_sina(VHSI)
2023-12-22,22.18,24.15,21.22,23.17,0,akshare.stock_hk_index_daily_sina(VHSI)
2023-12-27,23.69,24.15,23.11,23.22,0,akshare.stock_hk_index_daily_sina(VHSI)
2023-12-28,22.79,23.19,22.32,22.49,0,akshare.stock_hk_index_daily_sina(VHSI)
2023-12-29,22.2,22.31,21.74,21.94,0,akshare.stock_hk_index_daily_sina(VHSI)
2024-01-02,22.75,22.91,22.12,22.29,0,akshare.stock_hk_index_daily_sina(VHSI)
2024-01-03,22.14,22.18,21.78,22.07,0,akshare.stock_hk_index_daily_sina(VHSI)
2024-01-04,22.23,22.26,21.63,21.77,0,akshare.stock_hk_index_daily_sina(VHSI)
2024-01-05,21.82,21.92,21.41,21.47,0,akshare.stock_hk_index_daily_sina(VHSI)
2024-01-08,21.92,22.7,21.62,22.53,0,akshare.stock_hk_index_daily_sina(VHSI)
2024-01-09,22.2,22.23,21.71,22.05,0,akshare.stock_hk_index_daily_sina(VHSI)
2024-01-10,22.03,22.03,21.53,21.85,0,akshare.stock_hk_index_daily_sina(VHSI)
2024-01-11,21.78,22.41,21.6,21.82,0,akshare.stock_hk_index_daily_sina(VHSI)
2024-01-12,22.02,22.02,21.1,21.6,0,akshare.stock_hk_index_daily_sina(VHSI)
2024-01-15,21.84,22.26,21.75,21.75,0,akshare.stock_hk_index_daily_sina(VHSI)
2024-01-16,22.17,22.69,21.73,22.51,0,akshare.stock_hk_index_daily_sina(VHSI)
2024-01-17,23.4,26.51,23.37,25.72,0,akshare.stock_hk_index_daily_sina(VHSI)
2024-01-18,25.43,25.94,24.68,24.69,0,akshare.stock_hk_index_daily_sina(VHSI)
2024-01-19,24.3,24.64,23.47,24.13,0,akshare.stock_hk_index_daily_sina(VHSI)
2024-01-22,24.22,28.79,24.22,27.52,0,akshare.stock_hk_index_daily_sina(VHSI)
2024-01-23,26.05,29.42,26.05,26.78,0,akshare.stock_hk_index_daily_sina(VHSI)
2024-01-24,26.98,28.47,26.23,27.41,0,akshare.stock_hk_index_daily_sina(VHSI)
2024-01-25,26.04,28.37,25.63,26.28,0,akshare.stock_hk_index_daily_sina(VHSI)
2024-01-26,26.42,27.43,24.84,25.48,0,akshare.stock_hk_index_daily_sina(VHSI)
2024-01-29,26.01,26.34,25.31,25.7,0,akshare.stock_hk_index_daily_sina(VHSI)
2024-01-30,26.18,26.86,25.08,26.22,0,akshare.stock_hk_index_daily_sina(VHSI)
2024-01-31,25.81,25.99,25.02,25.79,0,akshare.stock_hk_index_daily_sina(VHSI)
2024-02-01,25.84,26.45,24.82,25.8,0,akshare.stock_hk_index_daily_sina(VHSI)
2024-02-02,25.4,26.02,24.99,25.54,0,akshare.stock_hk_index_daily_sina(VHSI)
2024-02-05,26.53,27.85,26.0,27.07,0,akshare.stock_hk_index_daily_sina(VHSI)
2024-02-06,26.92,28.03,25.32,27.61,0,akshare.stock_hk_index_daily_sina(VHSI)
2024-02-07,27.55,28.51,26.43,27.07,0,akshare.stock_hk_index_daily_sina(VHSI)
2024-02-08,26.78,27.37,25.79,27.22,0,akshare.stock_hk_index_daily_sina(VHSI)
2024-02-09,26.48,27.29,26.19,26.73,0,akshare.stock_hk_index_daily_sina(VHSI)
2024-02-14,27.97,28.62,26.7,27.73,0,akshare.stock_hk_index_daily_sina(VHSI)
2024-02-15,27.67,27.75,27.17,27.17,0,akshare.stock_hk_index_daily_sina(VHSI)
2024-02-16,26.85,28.1,26.04,27.53,0,akshare.stock_hk_index_daily_sina(VHSI)
2024-02-19,28.2,28.71,27.03,27.35,0,akshare.stock_hk_index_daily_sina(VHSI)
2024-02-20,26.68,27.64,26.17,26.23,0,akshare.stock_hk_index_daily_sina(VHSI)
2024-02-21,26.06,27.22,25.62,26.14,0,akshare.stock_hk_index_daily_sina(VHSI)
2024-02-22,26.25,26.67,25.93,26.67,0,akshare.stock_hk_index_daily_sina(VHSI)
2024-02-23,27.35,27.87,26.16,26.93,0,akshare.stock_hk_index_daily_sina(VHSI)
2024-02-26,26.73,27.02,26.0,26.35,0,akshare.stock_hk_index_daily_sina(VHSI)
2024-02-27,26.19,26.27,25.38,25.73,0,akshare.stock_hk_index_daily_sina(VHSI)
2024-02-28,25.46,25.82,25.09,25.48,0,akshare.stock_hk_index_daily_sina(VHSI)
2024-02-29,25.29,25.29,24.41,24.52,0,akshare.stock_hk_index_daily_sina(VHSI)
2024-03-01,23.93,24.87,23.85,24.74,0,akshare.stock_hk_index_daily_sina(VHSI)
2024-03-04,25.52,25.96,24.72,25.27,0,akshare.stock_hk_index_daily_sina(VHSI)
2024-03-05,25.16,25.87,24.97,25.63,0,akshare.stock_hk_index_daily_sina(VHSI)
2024-03-06,25.28,25.37,24.65,24.88,0,akshare.stock_hk_index_daily_sina(VHSI)
2024-03-07,24.44,24.81,23.93,24.43,0,akshare.stock_hk_index_daily_sina(VHSI)
2024-03-08,24.21,24.36,23.27,23.5,0,akshare.stock_hk_index_daily_sina(VHSI)
2024-03-11,24.27,24.43,23.28,23.47,0,akshare.stock_hk_index_daily_sina(VHSI)
2024-03-12,23.67,24.54,23.11,24.25,0,akshare.stock_hk_index_daily_sina(VHSI)
2024-03-13,23.68,24.2,23.29,23.64,0,akshare.stock_hk_index_daily_sina(VHSI)
2024-03-14,23.24,23.39,22.81,22.94,0,akshare.stock_hk_index_daily_sina(VHSI)
2024-03-15,22.86,23.51,22.58,22.62,0,akshare.stock_hk_index_daily_sina(VHSI)
2024-03-18,23.07,23.11,22.5,22.6,0,akshare.stock_hk_index_daily_sina(VHSI)
2024-03-19,22.75,22.8,22.06,22.18,0,akshare.stock_hk_index_daily_sina(VHSI)
2024-03-20,22.08,22.2,21.69,21.91,0,akshare.stock_hk_index_daily_sina(VHSI)
2024-03-21,21.82,22.23,21.47,21.48,0,akshare.stock_hk_index_daily_sina(VHSI)
2024-03-22,21.59,23.28,20.8,21.6,0,akshare.stock_hk_index_daily_sina(VHSI)
2024-03-25,22.36,22.36,21.13,21.5,0,akshare.stock_hk_index_daily_sina(VHSI)
2024-03-26,21.51,21.64,20.96,21.09,0,akshare.stock_hk_index_daily_sina(VHSI)
2024-03-27,21.06,21.32,20.58,21.16,0,akshare.stock_hk_index_daily_sina(VHSI)
2024-03-28,20.82,20.97,20.25,20.37,0,akshare.stock_hk_index_daily_sina(VHSI)
2024-04-02,22.08,22.38,21.66,21.89,0,akshare.stock_hk_index_daily_sina(VHSI)
2024-04-03,22.01,22.01,21.45,21.49,0,akshare.stock_hk_index_daily_sina(VHSI)
2024-04-05,22.53,22.8,21.81,22.01,0,akshare.stock_hk_index_daily_sina(VHSI)
2024-04-08,22.79,22.79,22.48,22.61,0,akshare.stock_hk_index_daily_sina(VHSI)
2024-04-09,22.61,22.95,22.23,22.39,0,akshare.stock_hk_index_daily_sina(VHSI)
2024-04-10,22.42,22.93,22.27,22.73,0,akshare.stock_hk_index_daily_sina(VHSI)
2024-04-11,22.96,22.96,22.28,22.51,0,akshare.stock_hk_index_daily_sina(VHSI)
2024-04-12,22.46,22.62,21.87,22.4,0,akshare.stock_hk_index_daily_sina(VHSI)
2024-04-15,23.1,23.4,22.88,23.0,0,akshare.stock_hk_index_daily_sina(VHSI)
2024-04-16,23.44,24.23,23.27,24.05,0,akshare.stock_hk_index_daily_sina(VHSI)
2024-04-17,23.29,23.45,22.91,22.98,0,akshare.stock_hk_index_daily_sina(VHSI)
2024-04-18,22.95,23.06,22.44,22.45,0,akshare.stock_hk_index_daily_sina(VHSI)
2024-04-19,23.21,24.25,22.49,22.49,0,akshare.stock_hk_index_daily_sina(VHSI)
2024-04-22,22.7,23.04,22.54,22.74,0,akshare.stock_hk_index_daily_sina(VHSI)
2024-04-23,22.76,23.04,22.23,22.89,0,akshare.stock_hk_index_daily_sina(VHSI)
2024-04-24,22.98,23.99,22.71,23.6,0,akshare.stock_hk_index_daily_sina(VHSI)
2024-04-25,23.52,24.07,23.05,23.47,0,akshare.stock_hk_index_daily_sina(VHSI)
2024-04-26,23.66,24.71,23.46,24.11,0,akshare.stock_hk_index_daily_sina(VHSI)
2024-04-29,24.04,25.11,24.03,24.06,0,akshare.stock_hk_index_daily_sina(VHSI)
2024-04-30,23.28,23.95,22.69,22.92,0,akshare.stock_hk_index_daily_sina(VHSI)
2024-05-02,23.18,23.86,22.86,23.57,0,akshare.stock_hk_index_daily_sina(VHSI)
2024-05-03,24.66,24.88,23.86,24.02,0,akshare.stock_hk_index_daily_sina(VHSI)
2024-05-06,24.92,24.96,23.64,23.97,0,akshare.stock_hk_index_daily_sina(VHSI)
2024-05-07,23.71,23.79,22.9,22.94,0,akshare.stock_hk_index_daily_sina(VHSI)
2024-05-08,22.39,22.91,21.8,22.04,0,akshare.stock_hk_index_daily_sina(VHSI)
2024-05-09,21.93,22.2,21.09,21.86,0,akshare.stock_hk_index_daily_sina(VHSI)
2024-05-10,22.39,22.93,21.92,22.27,0,akshare.stock_hk_index_daily_sina(VHSI)
2024-05-13,22.76,23.09,21.9,22.39,0,akshare.stock_hk_index_daily_sina(VHSI)
2024-05-14,22.22,22.79,21.33,21.82,0,akshare.stock_hk_index_daily_sina(VHSI)
2024-05-16,21.57,22.58,21.19,22.01,0,akshare.stock_hk_index_daily_sina(VHSI)
2024-05-17,22.25,22.6,20.73,21.75,0,akshare.stock_hk_index_daily_sina(VHSI)
2024-05-20,21.72,22.46,20.95,21.56,0,akshare.stock_hk_index_daily_sina(VHSI)
2024-05-21,20.96,22.7,20.8,21.93,0,akshare.stock_hk_index_daily_sina(VHSI)
2024-05-22,21.06,22.2,20.49,21.44,0,akshare.stock_hk_index_daily_sina(VHSI)
2024-05-23,21.48,21.87,20.49,21.21,0,akshare.stock_hk_index_daily_sina(VHSI)
2024-05-24,21.24,21.89,20.67,21.64,0,akshare.stock_hk_index_daily_sina(VHSI)
2024-05-27,22.06,22.07,20.99,21.26,0,akshare.stock_hk_index_daily_sina(VHSI)
2024-05-28,21.07,21.82,20.63,20.67,0,akshare.stock_hk_index_daily_sina(VHSI)
2024-05-29,21.4,21.87,20.47,21.48,0,akshare.stock_hk_index_daily_sina(VHSI)
2024-05-30,21.82,22.02,20.62,21.61,0,akshare.stock_hk_index_daily_sina(VHSI)
2024-05-31,21.16,22.25,21.16,22.15,0,akshare.stock_hk_index_daily_sina(VHSI)
2024-06-03,21.62,22.32,21.62,22.04,0,akshare.stock_hk_index_daily_sina(VHSI)
2024-06-04,21.99,22.02,21.41,21.48,0,akshare.stock_hk_index_daily_sina(VHSI)
2024-06-05,21.52,21.66,20.72,21.43,0,akshare.stock_hk_index_daily_sina(VHSI)
2024-06-06,21.66,21.77,20.96,21.43,0,akshare.stock_hk_index_daily_sina(VHSI)
2024-06-07,21.29,21.41,20.51,20.84,0,akshare.stock_hk_index_daily_sina(VHSI)
2024-06-11,20.91,21.92,20.91,21.22,0,akshare.stock_hk_index_daily_sina(VHSI)
2024-06-12,20.84,21.46,20.84,21.26,0,akshare.stock_hk_index_daily_sina(VHSI)
2024-06-13,20.66,21.06,20.26,20.58,0,akshare.stock_hk_index_daily_sina(VHSI)
2024-06-14,20.63,20.65,19.62,19.95,0,akshare.stock_hk_index_daily_sina(VHSI)
2024-06-17,20.84,20.92,19.77,20.08,0,akshare.stock_hk_index_daily_sina(VHSI)
2024-06-18,20.2,20.22,18.94,19.3,0,akshare.stock_hk_index_daily_sina(VHSI)
2024-06-19,19.12,20.47,19.12,20.24,0,akshare.stock_hk_index_daily_sina(VHSI)
2024-06-20,20.16,20.43,19.79,20.12,0,akshare.stock_hk_index_daily_sina(VHSI)
2024-06-21,19.98,20.25,19.64,19.66,0,akshare.stock_hk_index_daily_sina(VHSI)
2024-06-24,20.47,20.58,19.68,20.15,0,akshare.stock_hk_index_daily_sina(VHSI)
2024-06-25,20.14,20.45,19.14,19.27,0,akshare.stock_hk_index_daily_sina(VHSI)
2024-06-26,19.06,19.38,18.7,18.86,0,akshare.stock_hk_index_daily_sina(VHSI)
2024-06-27,19.08,20.52,19.04,20.12,0,akshare.stock_hk_index_daily_sina(VHSI)
2024-06-28,20.22,20.49,19.11,19.21,0,akshare.stock_hk_index_daily_sina(VHSI)
2024-07-02,20.13,20.4,19.79,20.12,0,akshare.stock_hk_index_daily_sina(VHSI)
2024-07-03,20.13,20.21,19.4,19.94,0,akshare.stock_hk_index_daily_sina(VHSI)
2024-07-04,20.35,20.47,19.62,19.81,0,akshare.stock_hk_index_daily_sina(VHSI)
2024-07-05,19.85,19.97,19.38,19.54,0,akshare.stock_hk_index_daily_sina(VHSI)
2024-07-08,20.48,20.48,19.15,20.39,0,akshare.stock_hk_index_daily_sina(VHSI)
2024-07-09,20.33,20.86,19.75,19.81,0,akshare.stock_hk_index_daily_sina(VHSI)
2024-07-10,20.23,20.5,19.66,19.79,0,akshare.stock_hk_index_daily_sina(VHSI)
2024-07-11,20.07,20.7,19.49,20.53,0,akshare.stock_hk_index_daily_sina(VHSI)
2024-07-12,20.81,21.34,20.65,21.13,0,akshare.stock_hk_index_daily_sina(VHSI)
2024-07-15,21.87,22.62,21.08,21.5,0,akshare.stock_hk_index_daily_sina(VHSI)
2024-07-16,21.26,21.35,20.96,21.06,0,akshare.stock_hk_index_daily_sina(VHSI)
2024-07-17,21.34,21.61,20.68,20.81,0,akshare.stock_hk_index_daily_sina(VHSI)
2024-07-18,21.16,21.67,20.99,20.99,0,akshare.stock_hk_index_daily_sina(VHSI)
2024-07-19,21.08,21.5,20.36,20.36,0,akshare.stock_hk_index_daily_sina(VHSI)
2024-07-22,21.79,21.79,20.75,21.1,0,akshare.stock_hk_index_daily_sina(VHSI)
2024-07-23,21.13,21.13,19.53,20.14,0,akshare.stock_hk_index_daily_sina(VHSI)
2024-07-24,20.55,20.88,19.52,20.33,0,akshare.stock_hk_index_daily_sina(VHSI)
2024-07-25,21.12,21.89,20.39,20.8,0,akshare.stock_hk_index_daily_sina(VHSI)
2024-07-26,21.66,22.06,20.55,21.15,0,akshare.stock_hk_index_daily_sina(VHSI)
2024-07-29,21.6,21.9,20.79,20.79,0,akshare.stock_hk_index_daily_sina(VHSI)
2024-07-30,20.77,21.54,20.6,20.74,0,akshare.stock_hk_index_daily_sina(VHSI)
2024-07-31,21.11,21.26,20.43,20.59,0,akshare.stock_hk_index_daily_sina(VHSI)
2024-08-01,20.46,20.46,19.54,19.62,0,akshare.stock_hk_index_daily_sina(VHSI)
2024-08-02,21.17,21.83,20.44,21.55,0,akshare.stock_hk_index_daily_sina(VHSI)
2024-08-05,26.04,29.42,23.11,26.06,0,akshare.stock_hk_index_daily_sina(VHSI)
2024-08-06,23.79,24.67,23.12,23.68,0,akshare.stock_hk_index_daily_sina(VHSI)
2024-08-07,22.46,22.8,21.6,22.11,0,akshare.stock_hk_index_daily_sina(VHSI)
2024-08-08,23.07,23.34,22.05,22.81,0,akshare.stock_hk_index_daily_sina(VHSI)
2024-08-09,21.96,22.64,21.3,21.57,0,akshare.stock_hk_index_daily_sina(VHSI)
2024-08-12,21.66,22.21,20.61,21.09,0,akshare.stock_hk_index_daily_sina(VHSI)
2024-08-13,21.04,22.05,20.72,21.06,0,akshare.stock_hk_index_daily_sina(VHSI)
2024-08-14,20.6,20.88,20.23,20.23,0,akshare.stock_hk_index_daily_sina(VHSI)
2024-08-15,19.83,20.39,19.33,19.46,0,akshare.stock_hk_index_daily_sina(VHSI)
2024-08-16,19.6,20.04,18.96,19.26,0,akshare.stock_hk_index_daily_sina(VHSI)
2024-08-19,19.74,20.49,19.48,19.65,0,akshare.stock_hk_index_daily_sina(VHSI)
2024-08-20,19.86,19.86,18.99,19.66,0,akshare.stock_hk_index_daily_sina(VHSI)
2024-08-21,19.86,20.55,19.19,19.91,0,akshare.stock_hk_index_daily_sina(VHSI)
2024-08-22,19.43,19.59,18.69,19.23,0,akshare.stock_hk_index_daily_sina(VHSI)
2024-08-23,19.36,19.42,18.83,19.09,0,akshare.stock_hk_index_daily_sina(VHSI)
2024-08-26,19.78,19.89,18.87,19.22,0,akshare.stock_hk_index_daily_sina(VHSI)
2024-08-27,19.34,19.4,18.52,18.58,0,akshare.stock_hk_index_daily_sina(VHSI)
2024-08-28,18.68,18.99,18.34,18.83,0,akshare.stock_hk_index_daily_sina(VHSI)
2024-08-29,18.83,18.88,18.34,18.75,0,akshare.stock_hk_index_daily_sina(VHSI)
2024-08-30,18.62,19.95,18.57,19.28,0,akshare.stock_hk_index_daily_sina(VHSI)
2024-09-02,19.59,19.6,19.1,19.35,0,akshare.stock_hk_index_daily_sina(VHSI)
2024-09-03,19.03,19.05,18.3,18.3,0,akshare.stock_hk_index_daily_sina(VHSI)
2024-09-04,19.24,19.29,18.73,18.98,0,akshare.stock_hk_index_daily_sina(VHSI)
2024-09-05,19.02,19.02,17.98,18.03,0,akshare.stock_hk_index_daily_sina(VHSI)
2024-09-09,18.36,19.33,18.3,19.06,0,akshare.stock_hk_index_daily_sina(VHSI)
2024-09-10,18.66,19.53,18.59,18.78,0,akshare.stock_hk_index_daily_sina(VHSI)
2024-09-11,18.95,19.37,18.81,19.25,0,akshare.stock_hk_index_daily_sina(VHSI)
2024-09-12,19.1,19.39,18.14,18.93,0,akshare.stock_hk_index_daily_sina(VHSI)
2024-09-13,18.95,19.26,18.28,18.62,0,akshare.stock_hk_index_daily_sina(VHSI)
2024-09-16,19.05,19.14,18.16,18.2,0,akshare.stock_hk_index_daily_sina(VHSI)
2024-09-17,18.33,19.09,18.3,18.65,0,akshare.stock_hk_index_daily_sina(VHSI)
2024-09-19,18.51,19.65,18.25,19.34,0,akshare.stock_hk_index_daily_sina(VHSI)
2024-09-20,19.02,19.8,18.86,18.89,0,akshare.stock_hk_index_daily_sina(VHSI)
2024-09-23,18.86,19.51,18.47,18.55,0,akshare.stock_hk_index_daily_sina(VHSI)
2024-09-24,19.49,22.19,18.68,21.85,0,akshare.stock_hk_index_daily_sina(VHSI)
2024-09-25,26.6,26.6,21.99,22.14,0,akshare.stock_hk_index_daily_sina(VHSI)
2024-09-26,22.89,28.25,22.54,27.32,0,akshare.stock_hk_index_daily_sina(VHSI)
2024-09-27,31.22,34.12,29.81,31.24,0,akshare.stock_hk_index_daily_sina(VHSI)
2024-09-30,32.42,34.87,31.74,32.66,0,akshare.stock_hk_index_daily_sina(VHSI)
2024-10-02,34.56,42.56,34.56,40.99,0,akshare.stock_hk_index_daily_sina(VHSI)
2024-10-03,36.88,40.14,34.86,38.39,0,akshare.stock_hk_index_daily_sina(VHSI)
2024-10-04,37.59,40.09,36.91,40.08,0,akshare.stock_hk_index_daily_sina(VHSI)
2024-10-07,41.86,44.56,40.44,44.5,0,akshare.stock_hk_index_daily_sina(VHSI)
2024-10-08,39.62,43.08,38.61,40.1,0,akshare.stock_hk_index_daily_sina(VHSI)
2024-10-09,39.86,41.0,35.14,39.59,0,akshare.stock_hk_index_daily_sina(VHSI)
2024-10-10,39.72,41.77,38.5,39.6,0,akshare.stock_hk_index_daily_sina(VHSI)
2024-10-14,37.99,39.31,34.01,34.8,0,akshare.stock_hk_index_daily_sina(VHSI)
2024-10-15,31.76,32.48,28.66,31.27,0,akshare.stock_hk_index_daily_sina(VHSI)
2024-10-16,30.69,32.87,30.36,31.47,0,akshare.stock_hk_index_daily_sina(VHSI)
2024-10-17,30.7,32.51,28.86,30.22,0,akshare.stock_hk_index_daily_sina(VHSI)
2024-10-18,28.61,35.14,28.29,32.77,0,akshare.stock_hk_index_daily_sina(VHSI)
2024-10-21,31.67,32.65,30.58,31.3,0,akshare.stock_hk_index_daily_sina(VHSI)
2024-10-22,30.3,32.26,30.3,31.17,0,akshare.stock_hk_index_daily_sina(VHSI)
2024-10-23,30.4,33.38,30.38,32.09,0,akshare.stock_hk_index_daily_sina(VHSI)
2024-10-24,31.15,32.2,31.07,31.94,0,akshare.stock_hk_index_daily_sina(VHSI)
2024-10-25,32.96,34.45,32.35,33.54,0,akshare.stock_hk_index_daily_sina(VHSI)
2024-10-28,33.37,33.39,32.41,32.66,0,akshare.stock_hk_index_daily_sina(VHSI)
2024-10-29,32.81,33.0,31.53,32.89,0,akshare.stock_hk_index_daily_sina(VHSI)
2024-10-30,32.45,33.13,31.73,32.94,0,akshare.stock_hk_index_daily_sina(VHSI)
2024-10-31,32.46,33.33,32.13,32.5,0,akshare.stock_hk_index_daily_sina(VHSI)
2024-11-01,32.94,33.59,32.33,32.78,0,akshare.stock_hk_index_daily_sina(VHSI)
2024-11-04,32.82,33.16,32.15,32.32,0,akshare.stock_hk_index_daily_sina(VHSI)
2024-11-05,31.93,33.51,31.42,33.28,0,akshare.stock_hk_index_daily_sina(VHSI)
2024-11-06,32.14,32.85,30.96,31.61,0,akshare.stock_hk_index_daily_sina(VHSI)
2024-11-07,31.12,32.65,30.88,32.38,0,akshare.stock_hk_index_daily_sina(VHSI)
2024-11-08,33.58,33.79,30.9,30.9,0,akshare.stock_hk_index_daily_sina(VHSI)
2024-11-11,27.95,28.01,25.28,25.28,0,akshare.stock_hk_index_daily_sina(VHSI)
2024-11-12,24.21,25.84,23.28,25.07,0,akshare.stock_hk_index_daily_sina(VHSI)
2024-11-13,24.83,26.09,24.61,25.06,0,akshare.stock_hk_index_daily_sina(VHSI)
2024-11-14,24.54,26.36,23.93,25.19,0,akshare.stock_hk_index_daily_sina(VHSI)
2024-11-15,25.21,26.51,24.51,26.16,0,akshare.stock_hk_index_daily_sina(VHSI)
2024-11-18,25.27,25.96,24.47,24.89,0,akshare.stock_hk_index_daily_sina(VHSI)
2024-11-19,24.79,24.89,23.21,23.37,0,akshare.stock_hk_index_daily_sina(VHSI)
2024-11-20,23.49,23.77,22.77,22.77,0,akshare.stock_hk_index_daily_sina(VHSI)
2024-11-21,22.58,23.17,21.9,22.26,0,akshare.stock_hk_index_daily_sina(VHSI)
2024-11-22,21.9,23.2,21.1,22.36,0,akshare.stock_hk_index_daily_sina(VHSI)
2024-11-25,22.49,23.38,21.77,21.99,0,akshare.stock_hk_index_daily_sina(VHSI)
2024-11-26,22.19,23.41,21.31,21.59,0,akshare.stock_hk_index_daily_sina(VHSI)
2024-11-27,21.29,23.74,20.88,23.4,0,akshare.stock_hk_index_daily_sina(VHSI)
2024-11-28,22.52,23.75,22.16,23.24,0,akshare.stock_hk_index_daily_sina(VHSI)
2024-11-29,23.3,23.7,22.19,22.99,0,akshare.stock_hk_index_daily_sina(VHSI)
2024-12-02,23.41,23.74,22.7,22.92,0,akshare.stock_hk_index_daily_sina(VHSI)
2024-12-03,22.78,23.66,22.41,23.31,0,akshare.stock_hk_index_daily_sina(VHSI)
2024-12-04,23.18,23.67,22.82,23.27,0,akshare.stock_hk_index_daily_sina(VHSI)
2024-12-05,22.67,22.79,21.59,22.08,0,akshare.stock_hk_index_daily_sina(VHSI)
2024-12-06,21.67,22.92,21.67,22.55,0,akshare.stock_hk_index_daily_sina(VHSI)
2024-12-09,22.52,26.32,22.33,26.32,0,akshare.stock_hk_index_daily_sina(VHSI)
2024-12-10,30.6,31.1,26.25,26.5,0,akshare.stock_hk_index_daily_sina(VHSI)
2024-12-11,25.81,26.23,24.54,24.66,0,akshare.stock_hk_index_daily_sina(VHSI)
2024-12-12,24.68,26.35,24.09,25.38,0,akshare.stock_hk_index_daily_sina(VHSI)
2024-12-13,22.74,22.8,21.51,21.88,0,akshare.stock_hk_index_daily_sina(VHSI)
2024-12-16,22.91,23.46,21.23,21.48,0,akshare.stock_hk_index_daily_sina(VHSI)
2024-12-17,21.05,21.79,20.57,20.75,0,akshare.stock_hk_index_daily_sina(VHSI)
2024-12-18,21.36,21.6,20.81,21.05,0,akshare.stock_hk_index_daily_sina(VHSI)
2024-12-19,21.83,21.83,20.34,21.27,0,akshare.stock_hk_index_daily_sina(VHSI)
2024-12-20,21.57,21.68,20.57,20.92,0,akshare.stock_hk_index_daily_sina(VHSI)
2024-12-23,21.53,21.57,20.57,21.15,0,akshare.stock_hk_index_daily_sina(VHSI)
2024-12-24,20.94,21.46,20.41,21.33,0,akshare.stock_hk_index_daily_sina(VHSI)
2024-12-27,21.65,22.13,20.98,21.53,0,akshare.stock_hk_index_daily_sina(VHSI)
2024-12-30,21.85,22.41,20.99,22.33,0,akshare.stock_hk_index_daily_sina(VHSI)
2024-12-31,21.94,22.58,21.62,22.35,0,akshare.stock_hk_index_daily_sina(VHSI)
2025-01-02,22.29,22.88,21.95,22.59,0,akshare.stock_hk_index_daily_sina(VHSI)
2025-01-03,22.49,22.8,21.97,22.24,0,akshare.stock_hk_index_daily_sina(VHSI)
2025-01-06,23.04,23.11,22.23,22.28,0,akshare.stock_hk_index_daily_sina(VHSI)
2025-01-07,23.73,24.01,22.75,23.24,0,akshare.stock_hk_index_daily_sina(VHSI)
2025-01-08,23.22,23.56,22.71,23.16,0,akshare.stock_hk_index_daily_sina(VHSI)
2025-01-09,23.07,23.2,22.64,22.78,0,akshare.stock_hk_index_daily_sina(VHSI)
2025-01-10,23.17,23.42,22.37,22.8,0,akshare.stock_hk_index_daily_sina(VHSI)
2025-01-13,23.78,24.73,23.11,23.46,0,akshare.stock_hk_index_daily_sina(VHSI)
2025-01-14,23.55,24.57,23.05,24.14,0,akshare.stock_hk_index_daily_sina(VHSI)
2025-01-15,23.64,24.36,23.45,23.46,0,akshare.stock_hk_index_daily_sina(VHSI)
2025-01-16,23.34,24.53,21.9,22.47,0,akshare.stock_hk_index_daily_sina(VHSI)
2025-01-17,22.29,22.89,21.95,22.47,0,akshare.stock_hk_index_daily_sina(VHSI)
2025-01-20,24.44,25.52,23.8,24.26,0,akshare.stock_hk_index_daily_sina(VHSI)
2025-01-21,24.91,25.43,23.82,24.5,0,akshare.stock_hk_index_daily_sina(VHSI)
2025-01-22,23.08,23.08,21.77,21.86,0,akshare.stock_hk_index_daily_sina(VHSI)
2025-01-23,22.95,23.68,21.39,21.55,0,akshare.stock_hk_index_daily_sina(VHSI)
2025-01-24,21.92,23.51,21.21,22.39,0,akshare.stock_hk_index_daily_sina(VHSI)
2025-01-27,23.14,24.38,23.11,24.24,0,akshare.stock_hk_index_daily_sina(VHSI)
2025-01-28,23.89,24.9,22.67,24.59,0,akshare.stock_hk_index_daily_sina(VHSI)
2025-02-03,26.69,27.34,25.54,25.94,0,akshare.stock_hk_index_daily_sina(VHSI)
2025-02-04,26.31,27.54,25.32,27.52,0,akshare.stock_hk_index_daily_sina(VHSI)
2025-02-05,26.86,26.86,25.45,26.03,0,akshare.stock_hk_index_daily_sina(VHSI)
2025-02-06,25.16,25.75,24.56,25.18,0,akshare.stock_hk_index_daily_sina(VHSI)
2025-02-07,25.27,26.06,24.76,25.58,0,akshare.stock_hk_index_daily_sina(VHSI)
2025-02-10,26.7,27.31,26.49,26.93,0,akshare.stock_hk_index_daily_sina(VHSI)
2025-02-11,26.59,27.07,18.32,25.48,0,akshare.stock_hk_index_daily_sina(VHSI)
2025-02-12,26.18,26.9,25.55,26.86,0,akshare.stock_hk_index_daily_sina(VHSI)
2025-02-13,27.2,28.73,26.93,27.49,0,akshare.stock_hk_index_daily_sina(VHSI)
2025-02-14,26.89,29.56,26.87,29.54,0,akshare.stock_hk_index_daily_sina(VHSI)
2025-02-17,27.75,31.95,27.75,29.41,0,akshare.stock_hk_index_daily_sina(VHSI)
2025-02-18,28.91,29.74,27.78,29.05,0,akshare.stock_hk_index_daily_sina(VHSI)
2025-02-19,28.46,28.46,27.14,27.16,0,akshare.stock_hk_index_daily_sina(VHSI)
2025-02-20,27.04,27.13,26.14,26.74,0,akshare.stock_hk_index_daily_sina(VHSI)
2025-02-21,27.96,28.44,27.32,28.44,0,akshare.stock_hk_index_daily_sina(VHSI)
2025-02-24,29.21,29.69,28.63,29.02,0,akshare.stock_hk_index_daily_sina(VHSI)
2025-02-25,28.85,28.85,27.95,28.1,0,akshare.stock_hk_index_daily_sina(VHSI)
2025-02-26,28.26,29.5,27.39,29.1,0,akshare.stock_hk_index_daily_sina(VHSI)
2025-02-27,28.85,29.39,28.57,29.05,0,akshare.stock_hk_index_daily_sina(VHSI)
2025-02-28,29.23,30.45,28.98,30.35,0,akshare.stock_hk_index_daily_sina(VHSI)
2025-03-03,29.57,29.73,28.56,28.59,0,akshare.stock_hk_index_daily_sina(VHSI)
2025-03-04,29.15,29.25,27.63,27.88,0,akshare.stock_hk_index_daily_sina(VHSI)
2025-03-05,27.37,27.78,26.85,27.23,0,akshare.stock_hk_index_daily_sina(VHSI)
2025-03-06,27.96,28.88,27.78,28.86,0,akshare.stock_hk_index_daily_sina(VHSI)
2025-03-07,28.58,29.32,28.23,28.72,0,akshare.stock_hk_index_daily_sina(VHSI)
2025-03-10,28.78,28.8,27.59,27.61,0,akshare.stock_hk_index_daily_sina(VHSI)
2025-03-11,28.56,28.67,27.53,27.66,0,akshare.stock_hk_index_daily_sina(VHSI)
2025-03-12,27.75,27.76,26.86,27.16,0,akshare.stock_hk_index_daily_sina(VHSI)
2025-03-13,26.26,26.59,25.69,26.12,0,akshare.stock_hk_index_daily_sina(VHSI)
2025-03-14,25.91,26.88,25.9,26.47,0,akshare.stock_hk_index_daily_sina(VHSI)
2025-03-17,27.22,27.3,26.75,26.77,0,akshare.stock_hk_index_daily_sina(VHSI)
2025-03-18,27.33,27.33,26.8,26.95,0,akshare.stock_hk_index_daily_sina(VHSI)
2025-03-19,26.46,29.21,25.37,25.48,0,akshare.stock_hk_index_daily_sina(VHSI)
2025-03-20,24.84,24.99,24.38,24.65,0,akshare.stock_hk_index_daily_sina(VHSI)
2025-03-21,24.7,24.7,23.99,24.11,0,akshare.stock_hk_index_daily_sina(VHSI)
2025-03-24,24.51,24.55,23.78,24.28,0,akshare.stock_hk_index_daily_sina(VHSI)
2025-03-25,23.75,23.91,23.49,23.86,0,akshare.stock_hk_index_daily_sina(VHSI)
2025-03-26,23.86,24.28,23.73,24.22,0,akshare.stock_hk_index_daily_sina(VHSI)
2025-03-27,24.43,25.19,24.18,24.48,0,akshare.stock_hk_index_daily_sina(VHSI)
2025-03-28,24.22,24.25,23.58,23.92,0,akshare.stock_hk_index_daily_sina(VHSI)
2025-03-31,25.28,25.38,24.89,24.93,0,akshare.stock_hk_index_daily_sina(VHSI)
2025-04-01,24.44,24.54,24.1,24.14,0,akshare.stock_hk_index_daily_sina(VHSI)
2025-04-02,24.08,24.23,23.71,24.18,0,akshare.stock_hk_index_daily_sina(VHSI)
2025-04-03,25.63,25.64,24.42,24.78,0,akshare.stock_hk_index_daily_sina(VHSI)
2025-04-07,40.52,47.99,35.27,47.0,0,akshare.stock_hk_index_daily_sina(VHSI)
2025-04-08,40.08,42.03,37.1,39.13,0,akshare.stock_hk_index_daily_sina(VHSI)
2025-04-09,43.94,44.31,39.32,39.77,0,akshare.stock_hk_index_daily_sina(VHSI)
2025-04-10,35.09,39.3,34.18,37.43,0,akshare.stock_hk_index_daily_sina(VHSI)
2025-04-11,38.85,40.43,36.33,39.3,0,akshare.stock_hk_index_daily_sina(VHSI)
2025-04-14,36.13,36.77,34.49,34.63,0,akshare.stock_hk_index_daily_sina(VHSI)
2025-04-15,32.06,33.33,30.47,30.47,0,akshare.stock_hk_index_daily_sina(VHSI)
2025-04-16,30.07,32.37,29.9,31.59,0,akshare.stock_hk_index_daily_sina(VHSI)
2025-04-17,31.05,32.56,30.09,30.79,0,akshare.stock_hk_index_daily_sina(VHSI)
2025-04-22,30.98,31.53,29.21,29.75,0,akshare.stock_hk_index_daily_sina(VHSI)
2025-04-23,28.06,28.63,27.4,28.62,0,akshare.stock_hk_index_daily_sina(VHSI)
2025-04-24,28.81,29.0,27.94,28.65,0,akshare.stock_hk_index_daily_sina(VHSI)
2025-04-25,27.87,28.62,27.28,28.07,0,akshare.stock_hk_index_daily_sina(VHSI)
2025-04-28,27.94,28.26,27.54,27.84,0,akshare.stock_hk_index_daily_sina(VHSI)
2025-04-29,27.28,27.28,26.41,26.48,0,akshare.stock_hk_index_daily_sina(VHSI)
2025-04-30,26.3,26.64,26.04,26.53,0,akshare.stock_hk_index_daily_sina(VHSI)
2025-05-02,26.13,27.56,26.1,27.4,0,akshare.stock_hk_index_daily_sina(VHSI)
2025-05-06,27.31,27.51,27.02,27.15,0,akshare.stock_hk_index_daily_sina(VHSI)
2025-05-07,28.89,28.89,27.36,27.49,0,akshare.stock_hk_index_daily_sina(VHSI)
2025-05-08,27.77,27.77,26.59,27.02,0,akshare.stock_hk_index_daily_sina(VHSI)
2025-05-09,27.12,27.15,26.68,27.04,0,akshare.stock_hk_index_daily_sina(VHSI)
2025-05-12,27.2,27.92,26.25,27.11,0,akshare.stock_hk_index_daily_sina(VHSI)
2025-05-13,25.39,26.02,24.71,25.11,0,akshare.stock_hk_index_daily_sina(VHSI)
2025-05-14,24.44,25.49,24.25,25.43,0,akshare.stock_hk_index_daily_sina(VHSI)
2025-05-15,24.58,24.68,24.24,24.56,0,akshare.stock_hk_index_daily_sina(VHSI)
2025-05-16,23.99,24.17,23.54,23.66,0,akshare.stock_hk_index_daily_sina(VHSI)
2025-05-19,23.88,24.38,23.61,23.87,0,akshare.stock_hk_index_daily_sina(VHSI)
2025-05-20,23.91,24.31,23.75,24.02,0,akshare.stock_hk_index_daily_sina(VHSI)
2025-05-21,23.55,24.1,23.13,23.66,0,akshare.stock_hk_index_daily_sina(VHSI)
2025-05-22,23.65,23.92,23.47,23.71,0,akshare.stock_hk_index_daily_sina(VHSI)
2025-05-23,23.5,23.54,22.92,23.07,0,akshare.stock_hk_index_daily_sina(VHSI)
2025-05-26,23.82,25.1,23.78,24.27,0,akshare.stock_hk_index_daily_sina(VHSI)
2025-05-27,23.85,24.33,23.35,23.4,0,akshare.stock_hk_index_daily_sina(VHSI)
2025-05-28,22.96,22.99,22.55,22.74,0,akshare.stock_hk_index_daily_sina(VHSI)
2025-05-29,22.96,23.26,22.63,22.89,0,akshare.stock_hk_index_daily_sina(VHSI)
2025-05-30,23.19,23.46,22.68,23.05,0,akshare.stock_hk_index_daily_sina(VHSI)
2025-06-02,23.92,25.26,23.91,24.58,0,akshare.stock_hk_index_daily_sina(VHSI)
2025-06-03,24.29,24.76,24.14,24.76,0,akshare.stock_hk_index_daily_sina(VHSI)
2025-06-04,24.14,24.17,23.69,23.71,0,akshare.stock_hk_index_daily_sina(VHSI)
2025-06-05,23.67,23.68,23.14,23.35,0,akshare.stock_hk_index_daily_sina(VHSI)
2025-06-06,23.08,23.09,22.5,22.5,0,akshare.stock_hk_index_daily_sina(VHSI)
2025-06-09,22.24,23.59,22.24,23.2,0,akshare.stock_hk_index_daily_sina(VHSI)
2025-06-10,23.04,23.59,22.99,23.41,0,akshare.stock_hk_index_daily_sina(VHSI)
2025-06-11,22.92,23.21,22.79,23.17,0,akshare.stock_hk_index_daily_sina(VHSI)
2025-06-12,23.05,23.09,22.57,22.88,0,akshare.stock_hk_index_daily_sina(VHSI)
2025-06-13,23.74,23.83,23.16,23.33,0,akshare.stock_hk_index_daily_sina(VHSI)
2025-06-16,23.19,23.22,22.43,22.43,0,akshare.stock_hk_index_daily_sina(VHSI)
2025-06-17,22.24,22.47,21.86,22.09,0,akshare.stock_hk_index_daily_sina(VHSI)
2025-06-18,22.14,22.26,21.59,21.72,0,akshare.stock_hk_index_daily_sina(VHSI)
2025-06-19,21.49,22.7,21.34,22.54,0,akshare.stock_hk_index_daily_sina(VHSI)
2025-06-20,21.24,21.6,20.48,21.45,0,akshare.stock_hk_index_daily_sina(VHSI)
2025-06-23,22.5,22.54,21.41,21.59,0,akshare.stock_hk_index_daily_sina(VHSI)
2025-06-24,20.42,21.23,20.34,21.16,0,akshare.stock_hk_index_daily_sina(VHSI)
2025-06-25,21.31,22.11,21.25,21.53,0,akshare.stock_hk_index_daily_sina(VHSI)
2025-06-26,21.21,21.25,20.89,21.09,0,akshare.stock_hk_index_daily_sina(VHSI)
2025-06-27,21.26,21.27,20.25,20.38,0,akshare.stock_hk_index_daily_sina(VHSI)
2025-06-30,20.97,20.97,20.05,20.16,0,akshare.stock_hk_index_daily_sina(VHSI)
2025-07-02,20.6,20.77,20.23,20.31,0,akshare.stock_hk_index_daily_sina(VHSI)
2025-07-03,20.14,20.52,20.0,20.13,0,akshare.stock_hk_index_daily_sina(VHSI)
2025-07-04,20.1,20.48,19.8,20.16,0,akshare.stock_hk_index_daily_sina(VHSI)
2025-07-07,20.44,20.72,20.18,20.19,0,akshare.stock_hk_index_daily_sina(VHSI)
2025-07-08,19.96,20.37,19.87,20.35,0,akshare.stock_hk_index_daily_sina(VHSI)
2025-07-09,20.06,20.11,19.7,19.93,0,akshare.stock_hk_index_daily_sina(VHSI)
2025-07-10,19.81,20.72,19.27,20.22,0,akshare.stock_hk_index_daily_sina(VHSI)
2025-07-11,20.24,22.28,20.24,21.49,0,akshare.stock_hk_index_daily_sina(VHSI)
2025-07-14,21.7,21.88,21.33,21.4,0,akshare.stock_hk_index_daily_sina(VHSI)
2025-07-15,21.46,23.0,21.46,22.95,0,akshare.stock_hk_index_daily_sina(VHSI)
2025-07-16,23.31,23.66,22.18,22.19,0,akshare.stock_hk_index_daily_sina(VHSI)
2025-07-17,22.05,22.22,21.28,21.61,0,akshare.stock_hk_index_daily_sina(VHSI)
2025-07-18,22.32,22.37,20.74,22.15,0,akshare.stock_hk_index_daily_sina(VHSI)
2025-07-21,23.36,23.57,22.35,22.58,0,akshare.stock_hk_index_daily_sina(VHSI)
2025-07-22,22.7,22.91,22.37,22.53,0,akshare.stock_hk_index_daily_sina(VHSI)
2025-07-23,22.73,23.63,22.73,23.28,0,akshare.stock_hk_index_daily_sina(VHSI)
2025-07-24,23.4,23.56,22.64,22.93,0,akshare.stock_hk_index_daily_sina(VHSI)
2025-07-25,22.49,22.8,21.77,22.59,0,akshare.stock_hk_index_daily_sina(VHSI)
2025-07-28,22.97,23.65,22.87,22.99,0,akshare.stock_hk_index_daily_sina(VHSI)
2025-07-29,22.57,22.67,21.9,22.07,0,akshare.stock_hk_index_daily_sina(VHSI)
2025-07-30,21.56,21.73,20.96,21.06,0,akshare.stock_hk_index_daily_sina(VHSI)
2025-07-31,20.76,21.39,20.38,21.36,0,akshare.stock_hk_index_daily_sina(VHSI)
2025-08-01,21.17,21.4,20.8,21.35,0,akshare.stock_hk_index_daily_sina(VHSI)
2025-08-04,21.75,21.91,21.36,21.47,0,akshare.stock_hk_index_daily_sina(VHSI)
2025-08-05,21.05,21.05,20.48,20.5,0,akshare.stock_hk_index_daily_sina(VHSI)
2025-08-06,20.41,20.49,20.1,20.39,0,akshare.stock_hk_index_daily_sina(VHSI)
2025-08-07,20.39,20.8,20.24,20.65,0,akshare.stock_hk_index_daily_sina(VHSI)
2025-08-08,20.55,20.6,20.01,20.53,0,akshare.stock_hk_index_daily_sina(VHSI)
2025-08-11,21.06,21.24,20.64,20.68,0,akshare.stock_hk_index_daily_sina(VHSI)
2025-08-12,20.55,20.55,19.41,19.71,0,akshare.stock_hk_index_daily_sina(VHSI)
2025-08-13,19.96,21.24,19.7,21.17,0,akshare.stock_hk_index_daily_sina(VHSI)
2025-08-14,21.14,21.17,20.41,20.58,0,akshare.stock_hk_index_daily_sina(VHSI)
2025-08-15,20.26,20.3,19.62,19.7,0,akshare.stock_hk_index_daily_sina(VHSI)
2025-08-18,20.45,20.84,20.27,20.45,0,akshare.stock_hk_index_daily_sina(VHSI)
2025-08-19,20.19,20.21,19.57,19.83,0,akshare.stock_hk_index_daily_sina(VHSI)
2025-08-20,19.99,20.09,19.43,19.44,0,akshare.stock_hk_index_daily_sina(VHSI)
2025-08-21,19.38,19.4,18.88,19.06,0,akshare.stock_hk_index_daily_sina(VHSI)
2025-08-22,19.21,20.19,19.09,20.13,0,akshare.stock_hk_index_daily_sina(VHSI)
2025-08-25,21.81,22.28,21.09,21.85,0,akshare.stock_hk_index_daily_sina(VHSI)
2025-08-26,20.98,21.03,20.25,20.41,0,akshare.stock_hk_index_daily_sina(VHSI)
2025-08-27,20.26,20.33,19.54,19.97,0,akshare.stock_hk_index_daily_sina(VHSI)
2025-08-28,20.03,20.2,19.62,20.04,0,akshare.stock_hk_index_daily_sina(VHSI)
2025-08-29,20.15,21.19,20.14,21.02,0,akshare.stock_hk_index_daily_sina(VHSI)
2025-09-01,22.01,22.2,21.58,21.6,0,akshare.stock_hk_index_daily_sina(VHSI)
2025-09-02,21.28,21.31,20.38,20.98,0,akshare.stock_hk_index_daily_sina(VHSI)
2025-09-03,21.31,21.82,20.66,20.93,0,akshare.stock_hk_index_daily_sina(VHSI)
2025-09-04,21.01,21.02,20.38,20.62,0,akshare.stock_hk_index_daily_sina(VHSI)
2025-09-05,20.36,20.8,19.68,20.41,0,akshare.stock_hk_index_daily_sina(VHSI)
2025-09-08,20.79,20.91,20.15,20.16,0,akshare.stock_hk_index_daily_sina(VHSI)
2025-09-09,20.06,20.94,19.96,20.34,0,akshare.stock_hk_index_daily_sina(VHSI)
2025-09-10,20.46,20.92,20.01,20.73,0,akshare.stock_hk_index_daily_sina(VHSI)
2025-09-11,20.74,21.46,20.53,21.18,0,akshare.stock_hk_index_daily_sina(VHSI)
2025-09-12,22.76,22.89,21.45,21.47,0,akshare.stock_hk_index_daily_sina(VHSI)
2025-09-15,21.85,21.96,21.43,21.66,0,akshare.stock_hk_index_daily_sina(VHSI)
2025-09-16,22.01,22.26,21.44,21.47,0,akshare.stock_hk_index_daily_sina(VHSI)
2025-09-17,21.8,22.56,21.43,22.46,0,akshare.stock_hk_index_daily_sina(VHSI)
2025-09-18,21.95,22.47,21.46,21.79,0,akshare.stock_hk_index_daily_sina(VHSI)
2025-09-19,21.51,21.94,21.0,21.0,0,akshare.stock_hk_index_daily_sina(VHSI)
2025-09-22,21.77,22.04,21.46,21.62,0,akshare.stock_hk_index_daily_sina(VHSI)
2025-09-23,21.3,21.33,20.53,20.59,0,akshare.stock_hk_index_daily_sina(VHSI)
2025-09-24,20.3,21.59,20.21,21.38,0,akshare.stock_hk_index_daily_sina(VHSI)
2025-09-25,21.12,21.3,20.42,20.43,0,akshare.stock_hk_index_daily_sina(VHSI)
2025-09-26,19.9,20.46,19.29,20.2,0,akshare.stock_hk_index_daily_sina(VHSI)
2025-09-29,20.83,21.24,20.54,21.12,0,akshare.stock_hk_index_daily_sina(VHSI)
2025-09-30,21.05,21.36,20.52,21.22,0,akshare.stock_hk_index_daily_sina(VHSI)
2025-10-02,21.23,21.97,20.92,21.65,0,akshare.stock_hk_index_daily_sina(VHSI)
2025-10-03,21.37,21.38,20.35,21.03,0,akshare.stock_hk_index_daily_sina(VHSI)
2025-10-06,21.29,21.32,20.61,20.86,0,akshare.stock_hk_index_daily_sina(VHSI)
2025-10-08,20.97,21.4,20.73,21.39,0,akshare.stock_hk_index_daily_sina(VHSI)
2025-10-09,21.37,21.96,21.33,21.91,0,akshare.stock_hk_index_daily_sina(VHSI)
2025-10-10,22.36,22.39,21.68,22.21,0,akshare.stock_hk_index_daily_sina(VHSI)
2025-10-13,27.51,28.84,25.44,26.3,0,akshare.stock_hk_index_daily_sina(VHSI)
2025-10-14,24.26,27.85,23.28,27.22,0,akshare.stock_hk_index_daily_sina(VHSI)
2025-10-15,25.55,25.95,24.99,25.03,0,akshare.stock_hk_index_daily_sina(VHSI)
2025-10-16,25.37,26.54,25.04,25.87,0,akshare.stock_hk_index_daily_sina(VHSI)
2025-10-17,26.88,29.58,26.43,28.88,0,akshare.stock_hk_index_daily_sina(VHSI)
2025-10-20,25.27,25.8,25.27,25.48,0,akshare.stock_hk_index_daily_sina(VHSI)
2025-10-21,24.77,24.78,23.83,24.71,0,akshare.stock_hk_index_daily_sina(VHSI)
2025-10-22,24.52,24.52,23.83,24.03,0,akshare.stock_hk_index_daily_sina(VHSI)
2025-10-23,24.53,25.29,24.16,24.71,0,akshare.stock_hk_index_daily_sina(VHSI)
2025-10-24,24.52,25.14,24.32,25.07,0,akshare.stock_hk_index_daily_sina(VHSI)
2025-10-27,24.6,24.71,23.88,24.08,0,akshare.stock_hk_index_daily_sina(VHSI)
2025-10-28,23.49,23.49,22.95,23.22,0,akshare.stock_hk_index_daily_sina(VHSI)
2025-10-30,23.87,23.98,21.88,21.89,0,akshare.stock_hk_index_daily_sina(VHSI)
2025-10-31,21.6,21.6,20.57,21.1,0,akshare.stock_hk_index_daily_sina(VHSI)
2025-11-03,21.49,21.49,20.91,21.14,0,akshare.stock_hk_index_daily_sina(VHSI)
2025-11-04,21.12,21.58,20.61,21.26,0,akshare.stock_hk_index_daily_sina(VHSI)
2025-11-05,22.77,23.05,21.6,21.76,0,akshare.stock_hk_index_daily_sina(VHSI)
2025-11-06,21.03,21.12,20.32,20.95,0,akshare.stock_hk_index_daily_sina(VHSI)
2025-11-07,21.08,21.64,20.99,21.53,0,akshare.stock_hk_index_daily_sina(VHSI)
2025-11-10,21.41,21.71,20.9,21.64,0,akshare.stock_hk_index_daily_sina(VHSI)
2025-11-11,21.67,21.82,20.41,21.3,0,akshare.stock_hk_index_daily_sina(VHSI)
2025-11-12,20.54,20.8,19.77,20.29,0,akshare.stock_hk_index_daily_sina(VHSI)
2025-11-13,20.36,21.06,20.09,20.74,0,akshare.stock_hk_index_daily_sina(VHSI)
2025-11-14,20.74,21.49,20.16,21.13,0,akshare.stock_hk_index_daily_sina(VHSI)
2025-11-17,21.3,21.97,21.18,21.33,0,akshare.stock_hk_index_daily_sina(VHSI)
2025-11-18,21.71,23.35,21.61,22.44,0,akshare.stock_hk_index_daily_sina(VHSI)
2025-11-19,22.48,23.44,21.67,21.94,0,akshare.stock_hk_index_daily_sina(VHSI)
2025-11-20,21.63,22.44,20.46,20.86,0,akshare.stock_hk_index_daily_sina(VHSI)
2025-11-21,22.18,23.31,21.82,23.31,0,akshare.stock_hk_index_daily_sina(VHSI)
2025-11-24,22.0,22.78,21.27,21.34,0,akshare.stock_hk_index_daily_sina(VHSI)
2025-11-25,21.31,21.62,20.61,21.41,0,akshare.stock_hk_index_daily_sina(VHSI)
2025-11-26,19.96,20.54,19.23,19.39,0,akshare.stock_hk_index_daily_sina(VHSI)
2025-11-27,19.16,19.38,18.33,18.69,0,akshare.stock_hk_index_daily_sina(VHSI)
2025-11-28,18.37,18.91,17.94,18.17,0,akshare.stock_hk_index_daily_sina(VHSI)
2025-12-01,18.66,18.68,18.08,18.38,0,akshare.stock_hk_index_daily_sina(VHSI)
2025-12-02,18.07,18.27,17.82,17.97,0,akshare.stock_hk_index_daily_sina(VHSI)
2025-12-03,18.13,18.21,17.84,18.21,0,akshare.stock_hk_index_daily_sina(VHSI)
2025-12-04,18.29,18.51,17.91,18.13,0,akshare.stock_hk_index_daily_sina(VHSI)
2025-12-05,18.05,18.09,17.51,17.55,0,akshare.stock_hk_index_daily_sina(VHSI)
2025-12-08,18.27,18.3,17.91,18.24,0,akshare.stock_hk_index_daily_sina(VHSI)
2025-12-09,18.54,18.54,17.78,18.36,0,akshare.stock_hk_index_daily_sina(VHSI)
2025-12-10,18.54,18.83,18.27,18.55,0,akshare.stock_hk_index_daily_sina(VHSI)
2025-12-11,17.82,17.92,17.51,17.58,0,akshare.stock_hk_index_daily_sina(VHSI)
2025-12-12,17.3,17.36,16.94,17.28,0,akshare.stock_hk_index_daily_sina(VHSI)
2025-12-15,18.06,18.08,17.43,17.56,0,akshare.stock_hk_index_daily_sina(VHSI)
2025-12-16,17.55,18.61,17.37,18.47,0,akshare.stock_hk_index_daily_sina(VHSI)
2025-12-17,18.3,18.41,17.51,17.57,0,akshare.stock_hk_index_daily_sina(VHSI)
2025-12-18,17.92,18.08,17.43,17.67,0,akshare.stock_hk_index_daily_sina(VHSI)
2025-12-19,17.58,17.67,17.11,17.11,0,akshare.stock_hk_index_daily_sina(VHSI)
2025-12-22,17.3,17.52,17.05,17.36,0,akshare.stock_hk_index_daily_sina(VHSI)
2025-12-23,16.95,17.28,16.65,16.71,0,akshare.stock_hk_index_daily_sina(VHSI)
2025-12-24,16.57,16.7,16.35,16.46,0,akshare.stock_hk_index_daily_sina(VHSI)
2025-12-29,17.68,18.11,17.61,18.08,0,akshare.stock_hk_index_daily_sina(VHSI)
2025-12-30,18.0,18.19,17.4,18.04,0,akshare.stock_hk_index_daily_sina(VHSI)
2025-12-31,18.82,19.05,18.6,18.98,0,akshare.stock_hk_index_daily_sina(VHSI)
2026-01-02,19.08,20.33,19.02,20.03,0,akshare.stock_hk_index_daily_sina(VHSI)
2026-01-05,20.18,20.49,19.43,20.46,0,akshare.stock_hk_index_daily_sina(VHSI)
2026-01-06,20.38,21.62,20.38,21.48,0,akshare.stock_hk_index_daily_sina(VHSI)
2026-01-07,20.88,21.69,20.72,21.63,0,akshare.stock_hk_index_daily_sina(VHSI)
2026-01-08,21.23,22.02,20.47,21.6,0,akshare.stock_hk_index_daily_sina(VHSI)
2026-01-09,21.33,21.44,20.37,20.7,0,akshare.stock_hk_index_daily_sina(VHSI)
2026-01-12,20.65,21.16,20.03,21.1,0,akshare.stock_hk_index_daily_sina(VHSI)
2026-01-13,21.43,22.16,21.17,21.4,0,akshare.stock_hk_index_daily_sina(VHSI)
2026-01-14,21.18,21.96,20.48,21.94,0,akshare.stock_hk_index_daily_sina(VHSI)
2026-01-15,21.41,22.09,20.8,21.3,0,akshare.stock_hk_index_daily_sina(VHSI)
2026-01-16,21.45,21.54,19.96,20.68,0,akshare.stock_hk_index_daily_sina(VHSI)
2026-01-19,20.7,21.15,20.48,20.69,0,akshare.stock_hk_index_daily_sina(VHSI)
2026-01-20,20.53,20.74,19.96,20.35,0,akshare.stock_hk_index_daily_sina(VHSI)
2026-01-21,20.37,20.48,19.49,20.45,0,akshare.stock_hk_index_daily_sina(VHSI)
2026-01-22,19.54,20.15,19.49,19.99,0,akshare.stock_hk_index_daily_sina(VHSI)
2026-01-23,19.62,20.2,19.33,20.08,0,akshare.stock_hk_index_daily_sina(VHSI)
2026-01-26,19.87,20.59,19.87,20.19,0,akshare.stock_hk_index_daily_sina(VHSI)
2026-01-27,19.8,20.72,19.77,20.45,0,akshare.stock_hk_index_daily_sina(VHSI)
2026-01-28,20.08,22.66,20.07,22.55,0,akshare.stock_hk_index_daily_sina(VHSI)
2026-01-29,20.5,22.76,20.43,22.08,0,akshare.stock_hk_index_daily_sina(VHSI)
2026-01-30,21.58,22.8,20.87,22.55,0,akshare.stock_hk_index_daily_sina(VHSI)
2026-02-02,23.74,26.07,23.13,24.4,0,akshare.stock_hk_index_daily_sina(VHSI)
2026-02-03,22.56,25.56,21.55,23.4,0,akshare.stock_hk_index_daily_sina(VHSI)
2026-02-04,23.47,23.86,22.49,22.49,0,akshare.stock_hk_index_daily_sina(VHSI)
2026-02-05,23.81,24.93,23.29,23.43,0,akshare.stock_hk_index_daily_sina(VHSI)
2026-02-06,25.31,25.54,23.83,24.01,0,akshare.stock_hk_index_daily_sina(VHSI)
2026-02-09,22.77,23.45,22.53,23.02,0,akshare.stock_hk_index_daily_sina(VHSI)
2026-02-10,22.92,23.17,21.36,22.03,0,akshare.stock_hk_index_daily_sina(VHSI)
2026-02-11,21.97,22.19,21.25,21.38,0,akshare.stock_hk_index_daily_sina(VHSI)
2026-02-12,21.56,21.93,21.14,21.27,0,akshare.stock_hk_index_daily_sina(VHSI)
2026-02-13,21.91,23.56,21.69,23.28,0,akshare.stock_hk_index_daily_sina(VHSI)
2026-02-16,22.2,24.4,22.2,24.27,0,akshare.stock_hk_index_daily_sina(VHSI)
2026-02-20,22.31,24.42,22.31,24.36,0,akshare.stock_hk_index_daily_sina(VHSI)
2026-02-23,23.29,25.12,23.07,24.61,0,akshare.stock_hk_index_daily_sina(VHSI)
2026-02-24,23.51,25.17,23.51,24.47,0,akshare.stock_hk_index_daily_sina(VHSI)
2026-02-25,23.27,24.04,22.43,23.09,0,akshare.stock_hk_index_daily_sina(VHSI)
2026-02-26,21.78,23.3,21.75,23.28,0,akshare.stock_hk_index_daily_sina(VHSI)
2026-02-27,23.54,23.54,21.88,22.18,0,akshare.stock_hk_index_daily_sina(VHSI)
2026-03-02,23.84,25.94,23.47,25.47,0,akshare.stock_hk_index_daily_sina(VHSI)
2026-03-03,24.21,26.43,24.11,26.25,0,akshare.stock_hk_index_daily_sina(VHSI)
2026-03-04,28.98,31.82,26.94,28.42,0,akshare.stock_hk_index_daily_sina(VHSI)
2026-03-05,24.72,27.91,24.72,26.55,0,akshare.stock_hk_index_daily_sina(VHSI)
2026-03-06,27.03,27.21,25.79,26.73,0,akshare.stock_hk_index_daily_sina(VHSI)
2026-03-09,31.98,33.15,27.79,28.92,0,akshare.stock_hk_index_daily_sina(VHSI)
2026-03-10,25.32,26.04,24.59,25.6,0,akshare.stock_hk_index_daily_sina(VHSI)
2026-03-11,24.86,25.38,24.36,25.24,0,akshare.stock_hk_index_daily_sina(VHSI)
2026-03-12,25.63,26.27,24.98,25.56,0,akshare.stock_hk_index_daily_sina(VHSI)
2026-03-13,24.46,26.51,24.46,26.42,0,akshare.stock_hk_index_daily_sina(VHSI)
2026-03-16,25.32,26.52,24.54,24.97,0,akshare.stock_hk_index_daily_sina(VHSI)
2026-03-17,23.3,23.93,22.98,23.62,0,akshare.stock_hk_index_daily_sina(VHSI)
2026-03-18,22.55,23.07,22.08,22.85,0,akshare.stock_hk_index_daily_sina(VHSI)
2026-03-19,23.93,24.53,22.77,24.41,0,akshare.stock_hk_index_daily_sina(VHSI)
2026-03-20,23.35,24.94,22.54,24.1,0,akshare.stock_hk_index_daily_sina(VHSI)
2026-03-23,26.84,30.15,26.26,28.84,0,akshare.stock_hk_index_daily_sina(VHSI)
2026-03-24,26.54,27.99,26.5,27.11,0,akshare.stock_hk_index_daily_sina(VHSI)
2026-03-25,26.06,27.49,25.55,26.81,0,akshare.stock_hk_index_daily_sina(VHSI)
2026-03-26,25.89,29.0,25.89,28.89,0,akshare.stock_hk_index_daily_sina(VHSI)
2026-03-27,28.62,29.67,27.78,28.02,0,akshare.stock_hk_index_daily_sina(VHSI)
2026-03-30,27.84,29.97,27.59,29.22,0,akshare.stock_hk_index_daily_sina(VHSI)
2026-03-31,27.89,28.62,27.24,27.85,0,akshare.stock_hk_index_daily_sina(VHSI)
2026-04-01,24.99,25.77,24.49,25.6,0,akshare.stock_hk_index_daily_sina(VHSI)
2026-04-02,25.88,27.09,25.52,26.08,0,akshare.stock_hk_index_daily_sina(VHSI)
2026-04-08,23.02,23.76,22.66,23.66,0,akshare.stock_hk_index_daily_sina(VHSI)
2026-04-09,23.53,23.94,22.95,23.48,0,akshare.stock_hk_index_daily_sina(VHSI)
2026-04-10,22.4,22.6,22.13,22.51,0,akshare.stock_hk_index_daily_sina(VHSI)
2026-04-13,23.25,23.76,22.92,23.13,0,akshare.stock_hk_index_daily_sina(VHSI)
2026-04-14,21.99,22.34,21.07,21.53,0,akshare.stock_hk_index_daily_sina(VHSI)
2026-04-15,20.37,21.24,20.37,21.22,0,akshare.stock_hk_index_daily_sina(VHSI)
2026-04-16,20.94,21.64,20.9,21.62,0,akshare.stock_hk_index_daily_sina(VHSI)
2026-04-17,20.68,21.23,20.52,20.89,0,akshare.stock_hk_index_daily_sina(VHSI)
2026-04-20,21.55,22.18,21.23,22.18,0,akshare.stock_hk_index_daily_sina(VHSI)
2026-04-21,21.56,22.05,21.4,21.67,0,akshare.stock_hk_index_daily_sina(VHSI)
2026-04-22,21.14,21.63,20.82,20.89,0,akshare.stock_hk_index_daily_sina(VHSI)
2026-04-23,20.42,21.56,20.42,21.14,0,akshare.stock_hk_index_daily_sina(VHSI)
2026-04-24,21.07,21.29,20.29,20.76,0,akshare.stock_hk_index_daily_sina(VHSI)
2026-04-27,21.01,21.42,20.64,20.69,0,akshare.stock_hk_index_daily_sina(VHSI)
2026-04-28,20.25,20.76,20.06,20.52,0,akshare.stock_hk_index_daily_sina(VHSI)
2026-04-29,20.12,20.36,19.73,20.13,0,akshare.stock_hk_index_daily_sina(VHSI)
2026-04-30,19.55,21.39,19.43,21.29,0,akshare.stock_hk_index_daily_sina(VHSI)
2026-05-04,20.47,21.3,20.47,20.94,0,akshare.stock_hk_index_daily_sina(VHSI)
2026-05-05,21.35,22.06,20.91,21.14,0,akshare.stock_hk_index_daily_sina(VHSI)
2026-05-06,20.82,21.26,20.65,21.12,0,akshare.stock_hk_index_daily_sina(VHSI)
2026-05-07,21.06,21.52,20.89,21.21,0,akshare.stock_hk_index_daily_sina(VHSI)
2026-05-08,20.91,21.6,20.48,21.58,0,akshare.stock_hk_index_daily_sina(VHSI)
2026-05-11,21.87,22.45,21.62,21.91,0,akshare.stock_hk_index_daily_sina(VHSI)
2026-05-12,21.28,22.21,21.09,22.1,0,akshare.stock_hk_index_daily_sina(VHSI)
2026-05-13,21.47,21.91,21.13,21.88,0,akshare.stock_hk_index_daily_sina(VHSI)
2026-05-14,21.8,22.47,21.22,21.53,0,akshare.stock_hk_index_daily_sina(VHSI)
2026-05-15,20.69,21.48,19.94,21.01,0,akshare.stock_hk_index_daily_sina(VHSI)
2026-05-18,21.64,21.81,20.68,20.7,0,akshare.stock_hk_index_daily_sina(VHSI)
2026-05-19,20.12,20.35,19.65,19.84,0,akshare.stock_hk_index_daily_sina(VHSI)
2026-05-20,19.41,20.0,18.49,19.62,0,akshare.stock_hk_index_daily_sina(VHSI)
2026-05-21,19.33,20.04,19.05,19.97,0,akshare.stock_hk_index_daily_sina(VHSI)
2026-05-22,18.58,19.05,17.94,18.81,0,akshare.stock_hk_index_daily_sina(VHSI)
2026-05-26,19.81,19.89,18.88,18.88,0,akshare.stock_hk_index_daily_sina(VHSI)
2026-05-27,19.07,19.1,18.15,18.71,0,akshare.stock_hk_index_daily_sina(VHSI)
2026-05-28,18.77,20.28,18.68,19.48,0,akshare.stock_hk_index_daily_sina(VHSI)
2026-05-29,19.06,19.46,18.77,19.15,0,akshare.stock_hk_index_daily_sina(VHSI)
2026-06-01,19.64,19.96,19.15,19.78,0,akshare.stock_hk_index_daily_sina(VHSI)
2026-06-02,19.7,21.72,19.66,21.51,0,akshare.stock_hk_index_daily_sina(VHSI)
2026-06-03,20.34,20.92,20.32,20.9,0,akshare.stock_hk_index_daily_sina(VHSI)
2026-06-04,20.32,20.71,19.68,20.65,0,akshare.stock_hk_index_daily_sina(VHSI)
2026-06-05,20.65,21.17,20.53,20.58,0,akshare.stock_hk_index_daily_sina(VHSI)
2026-06-08,23.09,23.57,21.8,22.95,0,akshare.stock_hk_index_daily_sina(VHSI)
2026-06-09,22.06,22.72,21.41,21.85,0,akshare.stock_hk_index_daily_sina(VHSI)
2026-06-10,22.72,23.49,22.25,22.6,0,akshare.stock_hk_index_daily_sina(VHSI)
2026-06-11,22.21,23.92,22.21,23.16,0,akshare.stock_hk_index_daily_sina(VHSI)
2026-06-12,21.98,22.62,21.08,21.58,0,akshare.stock_hk_index_daily_sina(VHSI)
2026-06-15,20.92,21.15,20.47,20.58,0,akshare.stock_hk_index_daily_sina(VHSI)
2026-06-16,19.96,20.41,19.62,20.05,0,akshare.stock_hk_index_daily_sina(VHSI)
2026-06-17,19.38,20.62,19.12,20.21,0,akshare.stock_hk_index_daily_sina(VHSI)
2026-06-18,20.33,21.93,20.33,21.4,0,akshare.stock_hk_index_daily_sina(VHSI)
2026-06-22,21.84,23.19,20.75,21.24,0,akshare.stock_hk_index_daily_sina(VHSI)
2026-06-23,20.88,23.52,20.88,22.87,0,akshare.stock_hk_index_daily_sina(VHSI)
2026-06-24,22.06,23.18,21.62,22.88,0,akshare.stock_hk_index_daily_sina(VHSI)
2026-06-25,22.32,25.42,22.32,24.55,0,akshare.stock_hk_index_daily_sina(VHSI)
2026-06-26,24.75,26.88,23.97,25.82,0,akshare.stock_hk_index_daily_sina(VHSI)
2026-06-29,24.48,25.2,23.78,24.98,0,akshare.stock_hk_index_daily_sina(VHSI)
2026-06-30,23.99,26.04,23.69,24.78,0,akshare.stock_hk_index_daily_sina(VHSI)
